time_step,joint_pos_0,joint_pos_1,joint_pos_2,joint_pos_3,joint_pos_4,joint_pos_5,joint_pos_6,joint_pos_7,imu_roll,imu_pitch,imu_yaw,imu_ang_vel_x,imu_ang_vel_y,imu_ang_vel_z,linear_velocity_x,linear_velocity_y,linear_velocity_z,camera_image_file
0,0.4733016045430798,-0.4728866672187091,0.4728866672187093,-0.4733016045430798,1.5705178191884213,1.5705178019826698,-1.5705178019826702,-1.5705178191884213,0.0,0.0,0.0,0.0,0.0,0.0,[-0.00500908 -0.00625727 -0.17713718],/home/rastic/adil_RL/isaac-sim-standalone@4.5.0-rc.36+release.19112.f59b3005.gl.linux-x86_64.release/SE952--Bittle-Quadruped/camera_images_plane/frame_0000.png
1,0.8767426516785142,-0.4283442656079206,0.4283442656079206,-0.8767426516785142,0.7175974639004723,1.5705119625318653,-1.5705119625318653,-0.7175974639004721,1.2149507788716818e-10,-6.59910971353983e-12,-2.124523820756785e-11,0.015092519,-0.040434558,0.11585027,[-0.00222391 -0.02084569 -0.30218756],/home/rastic/adil_RL/isaac-sim-standalone@4.5.0-rc.36+release.19112.f59b3005.gl.linux-x86_64.release/SE952--Bittle-Quadruped/camera_images_plane/frame_0001.png
2,0.934243210979314,0.15834804236162348,-0.15834804236162348,-0.934243210979314,0.13425287422170262,0.9031822999803503,-0.9031822999803505,-0.13425287422170262,0.0006183035677679694,-0.000571291575550453,0.0016458101674620546,0.095497206,-0.017209737,0.044010837,[-0.00144836 -0.00722037 -0.46978262],/home/rastic/adil_RL/isaac-sim-standalone@4.5.0-rc.36+release.19112.f59b3005.gl.linux-x86_64.release/SE952--Bittle-Quadruped/camera_images_plane/frame_0002.png
3,0.5899426006352226,0.5267495139007368,-0.5267495139007368,-0.5899426006352226,0.07246681773940611,1.0613375649902117,-1.0613375649902117,-0.07246681773940611,0.0022007073604026536,-0.0008619872872881285,0.002388399691274184,0.5154295,-0.013979596,0.050801434,[-0.00206338  0.15810183 -0.6074499 ],/home/rastic/adil_RL/isaac-sim-standalone@4.5.0-rc.36+release.19112.f59b3005.gl.linux-x86_64.release/SE952--Bittle-Quadruped/camera_images_plane/frame_0003.png
4,0.09078124303095558,0.4719621680803674,-0.4719621680803674,-0.09078124303095514,0.5258430235906421,1.5705176394066847,-1.570517639406685,-0.5258430235906425,0.00961208722868851,-0.001091299096666349,0.003052661933548151,0.49180344,-0.012366129,0.053150453,[-0.00201575  0.16312863 -0.7838988 ],/home/rastic/adil_RL/isaac-sim-standalone@4.5.0-rc.36+release.19112.f59b3005.gl.linux-x86_64.release/SE952--Bittle-Quadruped/camera_images_plane/frame_0004.png
5,-0.47097988264791124,0.9566020804897288,-0.9566020804897288,0.47097988264791124,1.5705175461552505,0.4365878664358849,-0.4365878664358849,-1.5705175461552507,0.017921858012295674,-0.0013049828332911853,0.00393471494221545,0.29882962,-0.012537389,0.03214875,[-0.0020011   0.07164031 -0.93788886],/home/rastic/adil_RL/isaac-sim-standalone@4.5.0-rc.36+release.19112.f59b3005.gl.linux-x86_64.release/SE952--Bittle-Quadruped/camera_images_plane/frame_0005.png
6,-0.4141490296976009,0.7808454490788336,-0.7808454490788336,0.4141490296976009,1.5705101672378832,0.035848041100152606,-0.035848041100152606,-1.5705101672378832,0.023241816089749505,-0.0015322129649420152,0.004491583329880207,0.11099164,-0.013417086,0.033822585,[-0.00160655 -0.00508261 -1.112028  ],/home/rastic/adil_RL/isaac-sim-standalone@4.5.0-rc.36+release.19112.f59b3005.gl.linux-x86_64.release/SE952--Bittle-Quadruped/camera_images_plane/frame_0006.png
7,0.22781664171367177,0.3713584589457475,-0.3713584589457475,-0.22781664171367177,0.8626251425587397,0.21343332657832925,-0.21343332657832925,-0.8626251425587397,0.025050747783102022,-0.0017764837279015473,0.005046396095510231,0.022042468,-0.011748945,0.03829527,[-1.4048886e-03  2.0434467e-05 -1.3128331e+00],/home/rastic/adil_RL/isaac-sim-standalone@4.5.0-rc.36+release.19112.f59b3005.gl.linux-x86_64.release/SE952--Bittle-Quadruped/camera_images_plane/frame_0007.png
8,0.5114294719625718,-0.42229490325588626,0.42229490325588626,-0.5114294719625718,1.1857707572249157,1.5705111932767843,-1.5705111932767843,-1.1857707572249157,0.02565149201071727,-0.0020051821533710926,0.005691613798460067,0.45480594,-0.013139593,0.05183363,[-0.00304077  0.16489545 -1.4314516 ],/home/rastic/adil_RL/isaac-sim-standalone@4.5.0-rc.36+release.19112.f59b3005.gl.linux-x86_64.release/SE952--Bittle-Quadruped/camera_images_plane/frame_0008.png
9,0.47864817210708743,-0.47155392411151364,0.47155392411151364,-0.47864817210708743,1.570514443616668,1.570517623121498,-1.570517623121498,-1.570514443616668,0.032993636148143025,-0.002228483306717409,0.006546486319870522,0.10620568,-0.016510982,0.067966886,[-0.00185524 -0.00361225 -1.6057159 ],/home/rastic/adil_RL/isaac-sim-standalone@4.5.0-rc.36+release.19112.f59b3005.gl.linux-x86_64.release/SE952--Bittle-Quadruped/camera_images_plane/frame_0009.png
10,0.9581700675500329,-0.14645841585867414,0.14645841585867414,-0.9581700675500329,0.4275804136594945,1.2041879300999694,-1.2041879300999694,-0.4275804136594945,0.035732581198443934,-0.002529357695832045,0.0077088656457826935,0.10468749,-0.013357568,0.049547028,[-1.4477653e-03 -1.4912778e-03 -1.7747612e+00],/home/rastic/adil_RL/isaac-sim-standalone@4.5.0-rc.36+release.19112.f59b3005.gl.linux-x86_64.release/SE952--Bittle-Quadruped/camera_images_plane/frame_0010.png
11,0.8650393137336908,0.4577348206871772,-0.4577348206871772,-0.8650393137336908,0.06211628269463121,0.852551068013738,-0.852551068013738,-0.06211628269463121,0.03748728459605984,-0.0027702712031596305,0.0084918118747475,0.109102525,-0.010616904,0.041403625,[-1.2261675e-03  2.5528189e-04 -1.9448583e+00],/home/rastic/adil_RL/isaac-sim-standalone@4.5.0-rc.36+release.19112.f59b3005.gl.linux-x86_64.release/SE952--Bittle-Quadruped/camera_images_plane/frame_0011.png
12,0.4218219186462927,0.42964032183158984,-0.42964032183158984,-0.4218219186462927,0.1728145331363634,1.5705120914602086,-1.5705120914602086,-0.1728145331363634,0.03894287354763849,-0.002933773695354832,0.00904002504376429,0.23078895,-0.0054949527,0.042038143,[-1.8215254e-03  1.5071003e-01 -2.1177576e+00],/home/rastic/adil_RL/isaac-sim-standalone@4.5.0-rc.36+release.19112.f59b3005.gl.linux-x86_64.release/SE952--Bittle-Quadruped/camera_images_plane/frame_0012.png
13,-0.4201329101805966,0.7948209018048511,-0.7948209018048511,0.4201329101805966,1.5705109198452225,0.9208938546710868,-0.9208938546710868,-1.5705109198452225,0.0455151846075234,-0.0030625128561868956,0.00975963799422233,0.36194682,0.06861341,0.091034934,[ 0.08746709  0.03244656 -2.0792603 ],/home/rastic/adil_RL/isaac-sim-standalone@4.5.0-rc.36+release.19112.f59b3005.gl.linux-x86_64.release/SE952--Bittle-Quadruped/camera_images_plane/frame_0013.png
14,-0.46962668010342945,0.9494897097879196,-0.9494897097879196,0.46962668010342945,1.570517364896054,0.16791842984382033,-0.16791842984382033,-1.570517364896054,0.05059959626469849,-0.001177828798454195,0.011641525674916664,-0.54899615,0.10701412,0.13429606,[ 0.02791834 -0.30030325 -1.8062996 ],/home/rastic/adil_RL/isaac-sim-standalone@4.5.0-rc.36+release.19112.f59b3005.gl.linux-x86_64.release/SE952--Bittle-Quadruped/camera_images_plane/frame_0014.png
15,-0.07662943775972986,0.6759846309065703,-0.6759846309065703,0.07662943775973075,1.1182788233896575,0.04389375596811296,-0.04389375596811296,-1.118278823389659,0.044732387875213345,0.0008890097967707466,0.01421186394988443,-0.118101776,0.22088866,0.043011814,[ 0.16352467 -0.7254167  -1.4512265 ],/home/rastic/adil_RL/isaac-sim-standalone@4.5.0-rc.36+release.19112.f59b3005.gl.linux-x86_64.release/SE952--Bittle-Quadruped/camera_images_plane/frame_0015.png
16,0.4883613842375658,0.2158428380949794,-0.2158428380949794,-0.4883613842375658,0.885299670880153,0.368322212610774,-0.3683222126107739,-0.8852996708801533,0.04242400990658531,0.004661755757363242,0.014769468330479839,0.33522946,0.22115295,-0.01664773,[ 0.15781328 -0.8103668  -1.408349  ],/home/rastic/adil_RL/isaac-sim-standalone@4.5.0-rc.36+release.19112.f59b3005.gl.linux-x86_64.release/SE952--Bittle-Quadruped/camera_images_plane/frame_0016.png
17,0.449841593769956,-0.4545919984142197,0.4545919984142197,-0.449841593769956,1.5705147063232698,1.5705153680812987,-1.5705153680812989,-1.5705147063232698,0.04872450119371948,0.008370900498351905,0.014648786366618252,0.09328717,0.11815666,0.047310233,[-0.03376605 -0.37942716 -0.29527593],/home/rastic/adil_RL/isaac-sim-standalone@4.5.0-rc.36+release.19112.f59b3005.gl.linux-x86_64.release/SE952--Bittle-Quadruped/camera_images_plane/frame_0017.png
18,0.8815068068294027,-0.4547925030165836,0.4547925030165836,-0.8815068068294027,0.7044402585023968,1.5705153944994947,-1.5705153944994947,-0.704440258502397,0.048498366446086176,0.0023907462092064824,0.010953724205895545,-0.4063299,-0.030678345,0.018041551,[-0.0223022  -0.32329875 -0.22698502],/home/rastic/adil_RL/isaac-sim-standalone@4.5.0-rc.36+release.19112.f59b3005.gl.linux-x86_64.release/SE952--Bittle-Quadruped/camera_images_plane/frame_0018.png
19,0.8925870277976969,0.04500206279457908,-0.045002062794578856,-0.8925870277976969,0.08192400881910444,0.992737915961027,-0.9927379159610275,-0.08192400881910444,0.040690529904121954,0.002741105096179036,0.011810487560451846,-0.34961042,-0.012587288,-0.01206993,[-0.0089915  -0.32767028 -0.15794596],/home/rastic/adil_RL/isaac-sim-standalone@4.5.0-rc.36+release.19112.f59b3005.gl.linux-x86_64.release/SE952--Bittle-Quadruped/camera_images_plane/frame_0019.png
20,0.5328456303796834,0.5185140685475957,-0.5185140685475955,-0.5328456303796834,0.10032213027256387,0.9586097723171969,-0.9586097723171971,-0.10032213027256387,0.03514100745998934,0.002522628170269175,0.011538884007109033,0.022006713,0.007945012,-0.0078067495,[-0.00626914 -0.13031423  0.04192602],/home/rastic/adil_RL/isaac-sim-standalone@4.5.0-rc.36+release.19112.f59b3005.gl.linux-x86_64.release/SE952--Bittle-Quadruped/camera_images_plane/frame_0020.png
21,0.03816619635617813,0.4639419247690384,-0.4639419247690384,-0.038166196356178794,0.6010305464622865,1.570516567993748,-1.570516567993748,-0.6010305464622856,0.034540946518688706,0.0023286815358752122,0.011480531852968903,0.38169876,-0.0062273834,0.0029241461,[-0.00398714 -0.00041423  0.19148749],/home/rastic/adil_RL/isaac-sim-standalone@4.5.0-rc.36+release.19112.f59b3005.gl.linux-x86_64.release/SE952--Bittle-Quadruped/camera_images_plane/frame_0021.png
22,-0.47263356499180587,0.9247056570618282,-0.9247056570618282,0.47263356499180587,1.5705177679968034,0.5715258290228447,-0.5715258290228449,-1.5705177679968034,0.03946028401891219,0.0023234547066157043,0.011227237803631608,0.22522734,0.031960435,-0.017352724,[ 0.00726288 -0.08100016  0.12090947],/home/rastic/adil_RL/isaac-sim-standalone@4.5.0-rc.36+release.19112.f59b3005.gl.linux-x86_64.release/SE952--Bittle-Quadruped/camera_images_plane/frame_0022.png
23,-0.4024330868263384,0.8494048256313913,-0.8494048256313913,0.4024330868263384,1.5705087120035717,0.053969446139527255,-0.053969446139527255,-1.5705087120035717,0.043235948814736684,0.0028769197046733344,0.010880578182137777,0.20047122,0.040888958,0.019379433,[ 0.01400176 -0.08411351  0.12587677],/home/rastic/adil_RL/isaac-sim-standalone@4.5.0-rc.36+release.19112.f59b3005.gl.linux-x86_64.release/SE952--Bittle-Quadruped/camera_images_plane/frame_0023.png
24,0.25823706377492517,0.4659564345074545,-0.4659564345074545,-0.25823706377492517,0.848787533249838,0.14118509294695425,-0.14118509294695425,-0.848787533249838,0.04639941293985511,0.0034451345611091213,0.01128365937180972,0.105939,0.02604064,0.13252129,[ 0.01838692 -0.01056497  0.05996807],/home/rastic/adil_RL/isaac-sim-standalone@4.5.0-rc.36+release.19112.f59b3005.gl.linux-x86_64.release/SE952--Bittle-Quadruped/camera_images_plane/frame_0024.png
25,0.49822880221284005,-0.004603055963857017,0.004603055963857017,-0.49822880221284005,1.2433924241728802,0.6660316716795451,-0.6660316716795451,-1.2433924241728804,0.0486463295580215,0.003690496315276941,0.013044801191847501,0.29713458,-0.011977434,0.07135901,[-0.02738751  0.19675615  0.17759272],/home/rastic/adil_RL/isaac-sim-standalone@4.5.0-rc.36+release.19112.f59b3005.gl.linux-x86_64.release/SE952--Bittle-Quadruped/camera_images_plane/frame_0025.png
26,0.4809624025906416,-0.4729500105235409,0.4729500105235409,-0.4809624025906416,1.5705122800097726,1.570517810489566,-1.570517810489566,-1.5705122800097726,0.0533707535967224,0.0036067482050992634,0.0144729303120026,0.17513783,-0.01540223,0.05043674,[-0.0239033   0.04901114  0.08065589],/home/rastic/adil_RL/isaac-sim-standalone@4.5.0-rc.36+release.19112.f59b3005.gl.linux-x86_64.release/SE952--Bittle-Quadruped/camera_images_plane/frame_0026.png
27,0.9630065581305762,-0.40193538438050425,0.40193538438050425,-0.9630065581305762,0.39591440167889647,1.5705086507342236,-1.5705086507342236,-0.3959144016788967,0.056394996285615714,0.003477081212244137,0.015346705389047779,0.15195763,-0.067825876,-0.0051384848,[-0.02858949  0.06085302  0.0200638 ],/home/rastic/adil_RL/isaac-sim-standalone@4.5.0-rc.36+release.19112.f59b3005.gl.linux-x86_64.release/SE952--Bittle-Quadruped/camera_images_plane/frame_0027.png
28,0.8513937342366754,0.2512027685013074,-0.2512027685013074,-0.8513937342366754,0.054902591256938305,0.851756686818079,-0.851756686818079,-0.054902591256938305,0.05913903428074506,0.0029840616092391206,0.01545888559593633,0.1408591,0.017005648,-0.006493816,[0.03618804 0.05228207 0.07976481],/home/rastic/adil_RL/isaac-sim-standalone@4.5.0-rc.36+release.19112.f59b3005.gl.linux-x86_64.release/SE952--Bittle-Quadruped/camera_images_plane/frame_0028.png
29,0.4171541407018259,0.5065538600984363,-0.5065538600984363,-0.4171541407018259,0.17637304118333652,1.208768646455931,-1.208768646455931,-0.17637304118333652,0.061176031412316194,0.00406628663849277,0.015306988445874766,0.33638585,-0.046196923,-0.030049348,[-0.0187407   0.3152081   0.16492838],/home/rastic/adil_RL/isaac-sim-standalone@4.5.0-rc.36+release.19112.f59b3005.gl.linux-x86_64.release/SE952--Bittle-Quadruped/camera_images_plane/frame_0029.png
30,-0.07736619408567313,0.4784082178373228,-0.4784082178373228,0.07736619408567313,0.7844533632174009,1.570514632780979,-1.570514632780979,-0.7844533632174008,0.06641277855788463,0.003611784131891834,0.014584392575602638,0.40554944,0.017900378,0.02464211,[-0.00712558  0.271764    0.2255696 ],/home/rastic/adil_RL/isaac-sim-standalone@4.5.0-rc.36+release.19112.f59b3005.gl.linux-x86_64.release/SE952--Bittle-Quadruped/camera_images_plane/frame_0030.png
31,-0.47072504071724364,0.9528482240983012,-0.9528482240983012,0.47072504071724364,1.5705175120007624,0.45653305549580736,-0.45653305549580736,-1.5705175120007624,0.07261322631164674,0.0032662544268087096,0.014656493780719725,0.17506449,0.004658702,0.013520269,[-0.00579675  0.12530546  0.11161856],/home/rastic/adil_RL/isaac-sim-standalone@4.5.0-rc.36+release.19112.f59b3005.gl.linux-x86_64.release/SE952--Bittle-Quadruped/camera_images_plane/frame_0031.png
32,-0.10249134231853918,0.8855424567129742,-0.8855424567129742,0.10249134231853918,1.1488800301458306,0.07607412339265351,-0.07607412339265351,-1.1488800301458306,0.07550301988805451,0.0032106774607254243,0.014762627379199214,0.23696564,0.031867858,-0.0048669176,[0.02382299 0.09356232 0.14136583],/home/rastic/adil_RL/isaac-sim-standalone@4.5.0-rc.36+release.19112.f59b3005.gl.linux-x86_64.release/SE952--Bittle-Quadruped/camera_images_plane/frame_0032.png
33,0.47766224265760404,0.4875717794827744,-0.4875717794827742,-0.47766224265760404,0.871378851897707,0.12703682762152346,-0.12703682762152357,-0.871378851897707,0.07960711705561868,0.0039348433749879985,0.014737640817343875,0.108403414,-0.0031053354,0.036863092,[0.00780699 0.15638609 0.05347338],/home/rastic/adil_RL/isaac-sim-standalone@4.5.0-rc.36+release.19112.f59b3005.gl.linux-x86_64.release/SE952--Bittle-Quadruped/camera_images_plane/frame_0033.png
34,0.4429030930417377,0.0054722528024173656,-0.0054722528024173656,-0.4429030930417377,1.570513801020185,0.6504076636520595,-0.6504076636520595,-1.570513801020185,0.08200647248891411,0.003809019820588855,0.015014642562402826,0.2014373,-0.0071494184,0.02724817,[-0.00995686  0.33232406  0.0967062 ],/home/rastic/adil_RL/isaac-sim-standalone@4.5.0-rc.36+release.19112.f59b3005.gl.linux-x86_64.release/SE952--Bittle-Quadruped/camera_images_plane/frame_0034.png
35,0.8521915615270852,-0.4730025355310825,0.4730025355310825,-0.8521915615270854,0.7824503994662997,1.5705178175439878,-1.5705178175439878,-0.7824503994662992,0.08524578503771871,0.003726909881387078,0.01592391667135508,0.06322348,0.017463177,0.053199843,[0.0018984  0.18110822 0.01869051],/home/rastic/adil_RL/isaac-sim-standalone@4.5.0-rc.36+release.19112.f59b3005.gl.linux-x86_64.release/SE952--Bittle-Quadruped/camera_images_plane/frame_0035.png
36,0.9193762392064256,-0.39470838238733674,0.39470838238733674,-0.9193762392064259,0.11105811197681559,1.5705077662432787,-1.5705077662432787,-0.11105811197681559,0.08626232630031302,0.004071872291875939,0.01685479179884704,0.079152144,0.017310452,7.4504875e-05,[0.00823455 0.1563993  0.02667794],/home/rastic/adil_RL/isaac-sim-standalone@4.5.0-rc.36+release.19112.f59b3005.gl.linux-x86_64.release/SE952--Bittle-Quadruped/camera_images_plane/frame_0036.png
37,0.5918207016724172,0.2764313108451104,-0.2764313108451104,-0.5918207016724172,0.07166553395660824,0.8417864569854032,-0.8417864569854032,-0.07166553395660824,0.08746424359217232,0.00415581450284025,0.016984612023632002,0.045696788,0.014518529,0.004241583,[ 0.02124953  0.18783008 -0.01973409],/home/rastic/adil_RL/isaac-sim-standalone@4.5.0-rc.36+release.19112.f59b3005.gl.linux-x86_64.release/SE952--Bittle-Quadruped/camera_images_plane/frame_0037.png
38,0.11709862188481601,0.48738172739523034,-0.48738172739523034,-0.11709862188481601,0.49022097869043724,1.2829506117498093,-1.2829506117498093,-0.49022097869043724,0.08779680455467065,0.004637496870374082,0.01680178082732302,0.16928267,-0.04110779,-0.019220963,[-0.0214591   0.3853148   0.09968599],/home/rastic/adil_RL/isaac-sim-standalone@4.5.0-rc.36+release.19112.f59b3005.gl.linux-x86_64.release/SE952--Bittle-Quadruped/camera_images_plane/frame_0038.png
39,-0.467530194427231,0.4819930697345569,-0.4819930697345569,0.467530194427231,1.5705170845648921,1.5705109998712374,-1.5705109998712374,-1.5705170845648921,0.09010528163979169,0.0041912665367265425,0.0162536070591007,0.090754166,0.022812571,-0.065898255,[-0.00850631  0.2232777   0.06505083],/home/rastic/adil_RL/isaac-sim-standalone@4.5.0-rc.36+release.19112.f59b3005.gl.linux-x86_64.release/SE952--Bittle-Quadruped/camera_images_plane/frame_0039.png
40,-0.4319740163680523,0.9650100586894608,-0.9650100586894608,0.4319740163680523,1.570512427008025,0.3800072695704588,-0.3800072695704588,-1.570512427008025,0.09132018849656463,0.004155035910445686,0.015390797580046653,0.04115047,-0.017419843,-0.0023676981,[-0.01188514  0.2197802   0.01474408],/home/rastic/adil_RL/isaac-sim-standalone@4.5.0-rc.36+release.19112.f59b3005.gl.linux-x86_64.release/SE952--Bittle-Quadruped/camera_images_plane/frame_0040.png
41,0.159336056954565,0.8440290694400169,-0.8440290694400169,-0.159336056954565,0.9025245826011974,0.05158617343571026,-0.05158617343571026,-0.9025245826011972,0.09222049158968997,0.004018955972828138,0.015406675669214841,0.13807973,0.01387096,0.0082658725,[-0.00145695  0.14044659  0.0558369 ],/home/rastic/adil_RL/isaac-sim-standalone@4.5.0-rc.36+release.19112.f59b3005.gl.linux-x86_64.release/SE952--Bittle-Quadruped/camera_images_plane/frame_0041.png
42,0.5265267857375986,0.409243363140964,-0.409243363140964,-0.5265267857375986,1.067283162034957,0.18249655010597632,-0.18249655010597632,-1.067283162034957,0.09333246144705619,0.0038773207286568493,0.015516589189415578,0.1907028,-0.0032344842,0.019384703,[-0.02155664  0.3514833   0.10188641],/home/rastic/adil_RL/isaac-sim-standalone@4.5.0-rc.36+release.19112.f59b3005.gl.linux-x86_64.release/SE952--Bittle-Quadruped/camera_images_plane/frame_0042.png
43,0.47236295501277503,-0.08215333838263517,0.08215333838263517,-0.47236295501277503,1.5705176931759945,0.7925806120006198,-0.7925806120006198,-1.5705176931759945,0.09648997097798266,0.0038581402295993776,0.015804399492225625,0.29804096,0.00894797,-0.008995356,[-0.01107679  0.37532172  0.14124975],/home/rastic/adil_RL/isaac-sim-standalone@4.5.0-rc.36+release.19112.f59b3005.gl.linux-x86_64.release/SE952--Bittle-Quadruped/camera_images_plane/frame_0043.png
44,0.9597213187553812,-0.47061457285965536,0.47061457285965536,-0.9597213187553812,0.4181599771722646,1.5705174971983236,-1.5705174971983236,-0.4181599771722646,0.1010324647930197,0.0038240272618543006,0.015872888523859707,0.12701233,0.02413314,0.031955853,[0.00751213 0.21540067 0.04261348],/home/rastic/adil_RL/isaac-sim-standalone@4.5.0-rc.36+release.19112.f59b3005.gl.linux-x86_64.release/SE952--Bittle-Quadruped/camera_images_plane/frame_0044.png
45,0.7657972955254863,-0.09834731018476273,0.09834731018476162,-0.7657972955254863,0.0347747011623577,1.1438819266098077,-1.1438819266098057,-0.0347747011623577,0.1029959155397484,0.0042179361257151365,0.016445347102759942,0.20044981,0.013906646,-0.0055496357,[-0.00114551  0.16857041  0.08583955],/home/rastic/adil_RL/isaac-sim-standalone@4.5.0-rc.36+release.19112.f59b3005.gl.linux-x86_64.release/SE952--Bittle-Quadruped/camera_images_plane/frame_0045.png
46,0.35300094084045575,0.48360384696771086,-0.48360384696771086,-0.35300094084045597,0.2293805137749143,0.8786931842153407,-0.8786931842153407,-0.22938051377491409,0.10580882752543277,0.004141852925965185,0.016534564294358914,0.120048404,0.03146765,-0.00086953095,[ 0.00922079  0.23037508 -0.00052259],/home/rastic/adil_RL/isaac-sim-standalone@4.5.0-rc.36+release.19112.f59b3005.gl.linux-x86_64.release/SE952--Bittle-Quadruped/camera_images_plane/frame_0046.png
47,-0.42975921437301623,0.4465905777453121,-0.44659057774531163,0.42975921437301645,1.5705121433374785,1.570514281235011,-1.570514281235012,-1.5705121433374787,0.10751621112232436,0.004762879419667552,0.016523074812382653,0.25014937,-0.056013025,-0.0028359145,[-0.03196106  0.32939756  0.14182603],/home/rastic/adil_RL/isaac-sim-standalone@4.5.0-rc.36+release.19112.f59b3005.gl.linux-x86_64.release/SE952--Bittle-Quadruped/camera_images_plane/frame_0047.png
48,-0.4689058704038491,0.8692796491443233,-0.8692796491443233,0.4689058704038491,1.5705172684457647,0.7378002274041542,-0.7378002274041544,-1.5705172684457644,0.11092642942654841,0.004223629816991562,0.015977390956766917,0.083175994,0.008539651,-0.051799223,[-0.02191931  0.21486321  0.05908129],/home/rastic/adil_RL/isaac-sim-standalone@4.5.0-rc.36+release.19112.f59b3005.gl.linux-x86_64.release/SE952--Bittle-Quadruped/camera_images_plane/frame_0048.png
49,-0.08022806837427443,0.9043410224966515,-0.9043410224966515,0.08022806837427421,1.1224530881370294,0.09318381737153647,-0.09318381737153625,-1.1224530881370292,0.11234688788915247,0.0038310562376430335,0.015338936547683507,0.08542446,0.032501154,-0.01681746,[0.00263054 0.17779498 0.05385741],/home/rastic/adil_RL/isaac-sim-standalone@4.5.0-rc.36+release.19112.f59b3005.gl.linux-x86_64.release/SE952--Bittle-Quadruped/camera_images_plane/frame_0049.png
50,0.4862887244723353,0.5573720510359144,-0.5573720510359144,-0.4862887244723353,0.8823314182406319,0.08753972969038881,-0.08753972969038881,-0.8823314182406319,0.11377590838358269,0.004312961695132935,0.015196642649112548,-0.02129824,-0.011471315,0.045093466,[-0.01060729  0.22888398 -0.02783453],/home/rastic/adil_RL/isaac-sim-standalone@4.5.0-rc.36+release.19112.f59b3005.gl.linux-x86_64.release/SE952--Bittle-Quadruped/camera_images_plane/frame_0050.png
51,0.44638190575962167,0.06532773957643823,-0.06532773957643845,-0.44638190575962167,1.5705142540045554,0.5615558253018529,-0.5615558253018527,-1.5705142540045554,0.11347963701597788,0.003961952989469136,0.01585147935388356,0.116540045,0.002166857,0.007726008,[-0.01907553  0.38600698  0.05625409],/home/rastic/adil_RL/isaac-sim-standalone@4.5.0-rc.36+release.19112.f59b3005.gl.linux-x86_64.release/SE952--Bittle-Quadruped/camera_images_plane/frame_0051.png
52,0.8624688928192965,-0.47172743927362415,0.47172743927362415,-0.8624688928192965,0.755845391759721,1.5705176463947252,-1.570517646394725,-0.755845391759721,0.11464933745964821,0.0038805340485438176,0.01664663859023195,0.0186218,0.00047800597,0.03353271,[-0.0061218  0.2551013  0.0116016],/home/rastic/adil_RL/isaac-sim-standalone@4.5.0-rc.36+release.19112.f59b3005.gl.linux-x86_64.release/SE952--Bittle-Quadruped/camera_images_plane/frame_0052.png
53,0.9139684336644267,-0.4113263900695887,0.4113263900695887,-0.9139684336644267,0.10410210523030594,1.5705098143953515,-1.5705098143953518,-0.10410210523030594,0.11521805110738338,0.0038683175658100993,0.017624176315464903,0.043006167,0.016795088,-0.009437543,[0.00505718 0.21630663 0.01583273],/home/rastic/adil_RL/isaac-sim-standalone@4.5.0-rc.36+release.19112.f59b3005.gl.linux-x86_64.release/SE952--Bittle-Quadruped/camera_images_plane/frame_0053.png
54,0.5812975216026954,0.23337870627119406,-0.23337870627119406,-0.5812975216026954,0.07625170207099019,0.859904747800669,-0.859904747800669,-0.07625170207099019,0.11576200264077371,0.004325965873556662,0.017451616448318986,-0.05658195,0.02896727,-0.010282734,[ 0.02094188  0.24708891 -0.05672507],/home/rastic/adil_RL/isaac-sim-standalone@4.5.0-rc.36+release.19112.f59b3005.gl.linux-x86_64.release/SE952--Bittle-Quadruped/camera_images_plane/frame_0054.png
55,0.10911171521309138,0.5104034024554873,-0.5104034024554875,-0.10911171521309138,0.5008917671182861,1.1908323881564784,-1.1908323881564782,-0.5008917671182861,0.11525894746740804,0.004830217144745251,0.017315546007528635,0.03198803,-0.040676203,-0.022767307,[-0.02678777  0.38918594  0.04474915],/home/rastic/adil_RL/isaac-sim-standalone@4.5.0-rc.36+release.19112.f59b3005.gl.linux-x86_64.release/SE952--Bittle-Quadruped/camera_images_plane/frame_0055.png
56,-0.4679480330219854,0.47847364482485366,-0.47847364482485366,0.4679480330219854,1.5705171403883667,1.570514581702739,-1.570514581702739,-1.5705171403883664,0.11574577439160563,0.004332799982656859,0.016874158647926497,-0.00082804635,0.01179607,-0.043358795,[-0.01480062  0.22608149  0.01303156],/home/rastic/adil_RL/isaac-sim-standalone@4.5.0-rc.36+release.19112.f59b3005.gl.linux-x86_64.release/SE952--Bittle-Quadruped/camera_images_plane/frame_0056.png
57,-0.4314009490588646,0.9562496180386413,-0.9562496180386413,0.4314009490588646,1.5705123535332721,0.4385509711354092,-0.4385509711354092,-1.570512353533272,0.11552720776652806,0.0043281540364306665,0.016045248691749857,-0.024749288,-0.004049283,0.019512478,[-0.01539062  0.2635388  -0.00432093],/home/rastic/adil_RL/isaac-sim-standalone@4.5.0-rc.36+release.19112.f59b3005.gl.linux-x86_64.release/SE952--Bittle-Quadruped/camera_images_plane/frame_0057.png
58,0.1601404507671207,0.8735151577177932,-0.8735151577177932,-0.1601404507671207,0.9019907508259659,0.06738541484968763,-0.06738541484968763,-0.9019907508259659,0.11539182906040439,0.004127982154622152,0.016005018821134757,0.057639875,0.006711155,-0.0039978456,[-0.00218994  0.18518285  0.05632794],/home/rastic/adil_RL/isaac-sim-standalone@4.5.0-rc.36+release.19112.f59b3005.gl.linux-x86_64.release/SE952--Bittle-Quadruped/camera_images_plane/frame_0058.png
59,0.5265633055706751,0.4548027314700731,-0.4548027314700731,-0.5265633055706751,1.0664098642258715,0.14883261590765617,-0.14883261590765617,-1.0664098642258715,0.11604860196259784,0.003957000642858565,0.016234196835944587,0.13443914,-0.0057509122,0.010157281,[-0.01741934  0.35414168  0.06349863],/home/rastic/adil_RL/isaac-sim-standalone@4.5.0-rc.36+release.19112.f59b3005.gl.linux-x86_64.release/SE952--Bittle-Quadruped/camera_images_plane/frame_0059.png
60,0.47227262596720143,-0.03817479507356136,0.03817479507356136,-0.47227262596720143,1.5705176810556365,0.71946219338317,-0.7194621933831699,-1.5705176810556365,0.1181332610392692,0.003894393862995944,0.016453570764245095,0.25293207,-0.0071753426,0.0082721785,[-0.00661912  0.40118614  0.10487477],/home/rastic/adil_RL/isaac-sim-standalone@4.5.0-rc.36+release.19112.f59b3005.gl.linux-x86_64.release/SE952--Bittle-Quadruped/camera_images_plane/frame_0060.png
61,0.9589038289348857,-0.47234211358235156,0.47234211358235156,-0.9589038289348861,0.4231939875343562,1.5705177288720764,-1.5705177288720764,-0.42319398753435533,0.12152192779714147,0.0038962025051574086,0.016635607408463128,0.059867874,0.012049133,0.020896245,[0.0025479  0.2519393  0.01676992],/home/rastic/adil_RL/isaac-sim-standalone@4.5.0-rc.36+release.19112.f59b3005.gl.linux-x86_64.release/SE952--Bittle-Quadruped/camera_images_plane/frame_0061.png
62,0.7702776122191163,-0.14426590051353583,0.14426590051353583,-0.7702776122191163,0.03500371448232342,1.2013293151025455,-1.2013293151025455,-0.03500371448232342,0.12251252291594673,0.004353161680131628,0.01715715076235705,0.1363819,0.004817555,-0.0088749,[-0.00823184  0.1881776   0.06250392],/home/rastic/adil_RL/isaac-sim-standalone@4.5.0-rc.36+release.19112.f59b3005.gl.linux-x86_64.release/SE952--Bittle-Quadruped/camera_images_plane/frame_0062.png
63,0.3594482328677061,0.4683015291204178,-0.4683015291204178,-0.3594482328677061,0.22370868856684134,0.8615808776654934,-0.8615808776654934,-0.22370868856684134,0.12436072522364969,0.004166273811562131,0.017183799440986768,0.027883723,0.03127542,-0.015232795,[ 0.0060109   0.25252625 -0.02024476],/home/rastic/adil_RL/isaac-sim-standalone@4.5.0-rc.36+release.19112.f59b3005.gl.linux-x86_64.release/SE952--Bittle-Quadruped/camera_images_plane/frame_0063.png
64,-0.42786569025356846,0.4391101642081181,-0.4391101642081181,0.42786569025356846,1.5705119014529278,1.5705133092660062,-1.5705133092660062,-1.5705119014529278,0.1253761527287857,0.004691720457571598,0.017230973717572363,0.155389,-0.055651132,-0.018645862,[-0.02988221  0.35001814  0.11705198],/home/rastic/adil_RL/isaac-sim-standalone@4.5.0-rc.36+release.19112.f59b3005.gl.linux-x86_64.release/SE952--Bittle-Quadruped/camera_images_plane/frame_0064.png
65,-0.4695532113417977,0.8445198796947497,-0.8445198796947497,0.4695532113417977,1.5705173550621077,0.8018750005529596,-0.8018750005529593,-1.5705173550621077,0.12796602519424255,0.004190324961335283,0.016638181255941898,0.04175494,-0.026009459,-0.055141706,[-0.02309025  0.23900118  0.03530039],/home/rastic/adil_RL/isaac-sim-standalone@4.5.0-rc.36+release.19112.f59b3005.gl.linux-x86_64.release/SE952--Bittle-Quadruped/camera_images_plane/frame_0065.png
66,-0.09166741481859342,0.9207436682207037,-0.9207436682207037,0.09166741481859342,1.1359017124764537,0.1129250828008459,-0.1129250828008459,-1.1359017124764537,0.1284977256538582,0.00364217501721275,0.015708481452288085,0.046453357,0.006493373,0.002212774,[0.00314947 0.19675498 0.03405929],/home/rastic/adil_RL/isaac-sim-standalone@4.5.0-rc.36+release.19112.f59b3005.gl.linux-x86_64.release/SE952--Bittle-Quadruped/camera_images_plane/frame_0066.png
67,0.48211281335539646,0.5915450656888687,-0.5915450656888687,-0.48211281335539646,0.8767665156084152,0.07178266192057858,-0.07178266192057858,-0.8767665156084152,0.12929262164232794,0.004221295436148257,0.015401385818539793,-0.023263834,-0.0016260365,0.023265216,[-0.00640927  0.23576814 -0.0417435 ],/home/rastic/adil_RL/isaac-sim-standalone@4.5.0-rc.36+release.19112.f59b3005.gl.linux-x86_64.release/SE952--Bittle-Quadruped/camera_images_plane/frame_0067.png
68,0.4440525249190084,0.09873681156494585,-0.09873681156494585,-0.4440525249190084,1.5705139504850334,0.5149350651802231,-0.5149350651802231,-1.5705139504850334,0.12848096568287712,0.003964314376401528,0.015934113801123317,0.06985118,-0.005530062,0.021429282,[-0.02223955  0.40191793  0.04542034],/home/rastic/adil_RL/isaac-sim-standalone@4.5.0-rc.36+release.19112.f59b3005.gl.linux-x86_64.release/SE952--Bittle-Quadruped/camera_images_plane/frame_0068.png
69,0.8536594337505954,-0.47007372620418386,0.47007372620418386,-0.8536594337505958,0.7786931130411763,1.5705174247498255,-1.5705174247498255,-0.7786931130411756,0.1293523105044017,0.003913721747681648,0.016687591409962458,0.043343276,0.02020552,0.07057161,[-0.0077373   0.27835292  0.01655795],/home/rastic/adil_RL/isaac-sim-standalone@4.5.0-rc.36+release.19112.f59b3005.gl.linux-x86_64.release/SE952--Bittle-Quadruped/camera_images_plane/frame_0069.png
70,0.9201836038561572,-0.4199540610633583,0.4199540610633583,-0.9201836038561572,0.11215482974781443,1.5705108972614765,-1.5705108972614765,-0.11215482974781443,0.13000624857807463,0.003919958862807577,0.017855998230351996,0.022367554,0.01115382,-0.0064395177,[0.00068267 0.22664037 0.01541486],/home/rastic/adil_RL/isaac-sim-standalone@4.5.0-rc.36+release.19112.f59b3005.gl.linux-x86_64.release/SE952--Bittle-Quadruped/camera_images_plane/frame_0070.png
71,0.5953070962266905,0.20766013081454227,-0.20766013081454227,-0.5953070962266905,0.07019805908999455,0.8731638604179328,-0.8731638604179328,-0.07019805908999455,0.1304340633722606,0.004170814979891304,0.017735458860094123,-0.034771327,0.015602043,0.009491425,[ 0.01259822  0.24858704 -0.05816438],/home/rastic/adil_RL/isaac-sim-standalone@4.5.0-rc.36+release.19112.f59b3005.gl.linux-x86_64.release/SE952--Bittle-Quadruped/camera_images_plane/frame_0071.png
72,0.12411690359049765,0.5184281794779135,-0.5184281794779135,-0.12411690359049765,0.4809448895020948,1.1465082114323475,-1.1465082114323475,-0.4809448895020947,0.12984181935123593,0.004581419945430123,0.01773284533131408,0.008046329,-0.01966198,0.03494109,[-0.0308625   0.37679613  0.01425221],/home/rastic/adil_RL/isaac-sim-standalone@4.5.0-rc.36+release.19112.f59b3005.gl.linux-x86_64.release/SE952--Bittle-Quadruped/camera_images_plane/frame_0072.png
73,-0.4666031498360541,0.47561430514031855,-0.47561430514031855,0.4666031498360541,1.5705169607964928,1.5705165364054423,-1.5705165364054423,-1.5705169607964926,0.12947337043431204,0.00403526496033999,0.017573318264642222,-0.014123037,-0.012974467,-0.031677857,[-0.02220559  0.2398351   0.00430123],/home/rastic/adil_RL/isaac-sim-standalone@4.5.0-rc.36+release.19112.f59b3005.gl.linux-x86_64.release/SE952--Bittle-Quadruped/camera_images_plane/frame_0073.png
74,-0.4351138945726256,0.9486852422592071,-0.9486852422592071,0.4351138945726256,1.5705128305236067,0.47667196191546757,-0.47667196191546757,-1.5705128305236067,0.1291556949318131,0.003899080313772215,0.016479761742786134,-0.03648691,0.00012685264,-0.002187999,[-0.01927822  0.27475575 -0.01098678],/home/rastic/adil_RL/isaac-sim-standalone@4.5.0-rc.36+release.19112.f59b3005.gl.linux-x86_64.release/SE952--Bittle-Quadruped/camera_images_plane/frame_0074.png
75,0.14535058452245342,0.8901462532049762,-0.8901462532049762,-0.14535058452245342,0.9120410185369896,0.07982748982018795,-0.07982748982018795,-0.9120410185369896,0.12852841375284882,0.003990743191824818,0.01638718658829655,0.08140895,0.006137317,-0.003446308,[0.00162742 0.19563337 0.04337658],/home/rastic/adil_RL/isaac-sim-standalone@4.5.0-rc.36+release.19112.f59b3005.gl.linux-x86_64.release/SE952--Bittle-Quadruped/camera_images_plane/frame_0075.png
76,0.5270209236242691,0.48405117466615744,-0.48405117466615744,-0.5270209236242693,1.0479934055525517,0.12928046280045424,-0.12928046280045424,-1.047993405552551,0.1287790580250226,0.003940971990708785,0.016615820559116094,0.07364508,-0.0073752846,-0.019480549,[-0.0070806   0.3179499   0.01842514],/home/rastic/adil_RL/isaac-sim-standalone@4.5.0-rc.36+release.19112.f59b3005.gl.linux-x86_64.release/SE952--Bittle-Quadruped/camera_images_plane/frame_0076.png
77,0.4715285104908311,-0.009491209020391356,0.009491209020391356,-0.4715285104908311,1.5705175812516718,0.6736805759073182,-0.6736805759073182,-1.5705175812516718,0.12965640335144113,0.0038918578524068576,0.01659414233405251,0.18006453,-0.002152517,0.009954793,[-0.00625922  0.4029541   0.07534278],/home/rastic/adil_RL/isaac-sim-standalone@4.5.0-rc.36+release.19112.f59b3005.gl.linux-x86_64.release/SE952--Bittle-Quadruped/camera_images_plane/frame_0077.png
78,0.9548932908510863,-0.47290944253106315,0.47290944253106315,-0.9548932908510863,0.4459185335196545,1.5705178050412936,-1.5705178050412938,-0.4459185335196545,0.13204139236798862,0.00396272459627936,0.016793689834081662,0.008088531,0.012750978,0.028278906,[0.00261598 0.24193272 0.010772  ],/home/rastic/adil_RL/isaac-sim-standalone@4.5.0-rc.36+release.19112.f59b3005.gl.linux-x86_64.release/SE952--Bittle-Quadruped/camera_images_plane/frame_0078.png
79,0.7850106798937084,-0.17851213462552407,0.17851213462552407,-0.7850106798937084,0.03630273383459537,1.2472306609054458,-1.2472306609054458,-0.03630273383459537,0.13242692718823273,0.004335848695741941,0.017267049809159427,0.09601171,-0.0013948978,-0.0048580724,[-0.01290754  0.1922824   0.06050027],/home/rastic/adil_RL/isaac-sim-standalone@4.5.0-rc.36+release.19112.f59b3005.gl.linux-x86_64.release/SE952--Bittle-Quadruped/camera_images_plane/frame_0079.png
80,0.37862755226390465,0.4563697866073215,-0.4563697866073215,-0.3786275522639049,0.20729108674733265,0.8515177432533918,-0.8515177432533918,-0.20729108674733254,0.13409837847908343,0.003920389602808089,0.017295767182738564,0.042414762,0.014805583,0.00027843658,[-0.00299348  0.25251013 -0.02278776],/home/rastic/adil_RL/isaac-sim-standalone@4.5.0-rc.36+release.19112.f59b3005.gl.linux-x86_64.release/SE952--Bittle-Quadruped/camera_images_plane/frame_0080.png
81,-0.4231319071847559,0.43321166244620013,-0.43321166244620013,0.4231319071847559,1.570511299347161,1.5705125490331668,-1.5705125490331668,-1.570511299347161,0.13487738868107965,0.004298706739661032,0.017385125891179534,0.18232755,-0.01948974,-0.017838655,[-0.02189796  0.3541865   0.09634004],/home/rastic/adil_RL/isaac-sim-standalone@4.5.0-rc.36+release.19112.f59b3005.gl.linux-x86_64.release/SE952--Bittle-Quadruped/camera_images_plane/frame_0081.png
82,-0.470728513504608,0.824418969477847,-0.824418969477847,0.470728513504608,1.5705175124661344,0.8512783304254588,-0.8512783304254588,-1.5705175124661344,0.13721938632888014,0.0038447865946515426,0.01681904578424998,0.022739377,-0.041356526,-0.04635252,[-0.01669063  0.23472144  0.01878008],/home/rastic/adil_RL/isaac-sim-standalone@4.5.0-rc.36+release.19112.f59b3005.gl.linux-x86_64.release/SE952--Bittle-Quadruped/camera_images_plane/frame_0082.png
83,-0.11391062895339243,0.9314609530763741,-0.9314609530763743,0.11391062895339243,1.1628419329594772,0.12936449764828983,-0.12936449764828983,-1.1628419329594772,0.13724724724189027,0.003397161156047993,0.015988473290445695,0.021863908,0.019794317,-0.008256188,[0.00902611 0.19418584 0.02380287],/home/rastic/adil_RL/isaac-sim-standalone@4.5.0-rc.36+release.19112.f59b3005.gl.linux-x86_64.release/SE952--Bittle-Quadruped/camera_images_plane/frame_0083.png
84,0.47436114581357947,0.6169572218262627,-0.6169572218262627,-0.47436114581357947,0.8677031130569626,0.06167525579402433,-0.06167525579402433,-0.8677031130569626,0.13766564040865115,0.004036554852611067,0.015733674753967572,-0.053051867,0.009290766,0.04115721,[ 0.0021769   0.21953109 -0.03766314],/home/rastic/adil_RL/isaac-sim-standalone@4.5.0-rc.36+release.19112.f59b3005.gl.linux-x86_64.release/SE952--Bittle-Quadruped/camera_images_plane/frame_0084.png
85,0.439986979567371,0.12459310442118099,-0.12459310442118077,-0.439986979567371,1.5705134227457274,0.4803189001628879,-0.48031890016288803,-1.5705134227457274,0.13679028657253856,0.003919330680905433,0.016237445196241956,0.06306921,-0.0059884903,0.021000586,[-0.02388301  0.40839574  0.05430169],/home/rastic/adil_RL/isaac-sim-standalone@4.5.0-rc.36+release.19112.f59b3005.gl.linux-x86_64.release/SE952--Bittle-Quadruped/camera_images_plane/frame_0085.png
86,0.8390618120388063,-0.46829621983702396,0.46829621983702396,-0.8390618120388063,0.8154912827529479,1.570517186924515,-1.570517186924515,-0.8154912827529479,0.138034631611492,0.0039407703578056555,0.016967838335346496,0.06171723,0.0031802189,0.062183022,[-0.01341023  0.28849724  0.02625399],/home/rastic/adil_RL/isaac-sim-standalone@4.5.0-rc.36+release.19112.f59b3005.gl.linux-x86_64.release/SE952--Bittle-Quadruped/camera_images_plane/frame_0086.png
87,0.9287655953630786,-0.42638681557141256,0.4263868155714128,-0.9287655953630786,0.12489614256714587,1.5705117129486659,-1.5705117129486663,-0.12489614256714565,0.13906584539648337,0.003882947356347021,0.01816221805139586,0.06378608,0.0014070929,-0.007702559,[-0.00391415  0.22867887  0.02116978],/home/rastic/adil_RL/isaac-sim-standalone@4.5.0-rc.36+release.19112.f59b3005.gl.linux-x86_64.release/SE952--Bittle-Quadruped/camera_images_plane/frame_0087.png
88,0.6155224400470569,0.1863779370089833,-0.1863779370089833,-0.6155224400470569,0.06220819470697103,0.8854038899177645,-0.8854038899177645,-0.06220819470697103,0.13959772637623025,0.003958287275071608,0.01808823386886191,-0.013613858,0.02247025,0.026898006,[ 0.01736426  0.241284   -0.04473784],/home/rastic/adil_RL/isaac-sim-standalone@4.5.0-rc.36+release.19112.f59b3005.gl.linux-x86_64.release/SE952--Bittle-Quadruped/camera_images_plane/frame_0088.png
89,0.1451647413152679,0.5228281391542389,-0.5228281391542389,-0.1451647413152679,0.45368942011882507,1.1139098016816285,-1.1139098016816285,-0.45368942011882507,0.1390567189049145,0.004314590593471726,0.01824285722181527,-0.045465592,-0.021569649,0.029775508,[-0.02976093  0.3347372  -0.0197523 ],/home/rastic/adil_RL/isaac-sim-standalone@4.5.0-rc.36+release.19112.f59b3005.gl.linux-x86_64.release/SE952--Bittle-Quadruped/camera_images_plane/frame_0089.png
90,-0.4645410714418827,0.4732966894688735,-0.4732966894688735,0.4645410714418827,1.5705166859154778,1.5705178185282733,-1.5705178185282733,-1.5705166859154778,0.13821742424699246,0.0037750514480988763,0.01838044809557147,-0.00491916,-0.008427937,-0.06642583,[-0.01847553  0.21616596  0.00779361],/home/rastic/adil_RL/isaac-sim-standalone@4.5.0-rc.36+release.19112.f59b3005.gl.linux-x86_64.release/SE952--Bittle-Quadruped/camera_images_plane/frame_0090.png
91,-0.4396855078554389,0.9677938883919835,-0.9677938883919833,0.43968550785543914,1.5705134208491827,0.3517400324665759,-0.3517400324665759,-1.5705134208491829,0.1376663712315197,0.0037164014631724993,0.017326564827096633,-0.029623946,0.0014263652,-0.031281207,[-0.01486223  0.25613305 -0.0117027 ],/home/rastic/adil_RL/isaac-sim-standalone@4.5.0-rc.36+release.19112.f59b3005.gl.linux-x86_64.release/SE952--Bittle-Quadruped/camera_images_plane/frame_0091.png
92,0.12776391509783225,0.7156550175894673,-0.7156550175894673,-0.12776391509783225,0.9246285515550043,0.03689522983999072,-0.03689522983999072,-0.9246285515550043,0.13697316148585978,0.003853167162916648,0.017103047676023116,0.086661145,0.015334654,0.0011733116,[0.00671714 0.16400407 0.04135868],/home/rastic/adil_RL/isaac-sim-standalone@4.5.0-rc.36+release.19112.f59b3005.gl.linux-x86_64.release/SE952--Bittle-Quadruped/camera_images_plane/frame_0092.png
93,0.5270339360081411,0.2844800832770299,-0.2844800832770299,-0.5270339360081411,1.0416868567158872,0.2944164894474316,-0.2944164894474316,-1.0416868567158872,0.13724898925481288,0.003898383213527122,0.017198289411848276,0.014689587,0.0038236193,0.022841208,[-0.00259767  0.2797168   0.00375874],/home/rastic/adil_RL/isaac-sim-standalone@4.5.0-rc.36+release.19112.f59b3005.gl.linux-x86_64.release/SE952--Bittle-Quadruped/camera_images_plane/frame_0093.png
94,0.47153950271391576,-0.44611134839624267,0.44611134839624267,-0.47153950271391576,1.570517582725456,1.5705142561272083,-1.5705142561272085,-1.570517582725456,0.13794117863257993,0.003916820281636616,0.017253405607274834,0.18410698,0.034375574,0.09059287,[-0.00348804  0.340697    0.11290132],/home/rastic/adil_RL/isaac-sim-standalone@4.5.0-rc.36+release.19112.f59b3005.gl.linux-x86_64.release/SE952--Bittle-Quadruped/camera_images_plane/frame_0094.png
95,0.9567187894485294,-0.4603224227412557,0.4603224227412557,-0.9567187894485294,0.43593312376352245,1.5705161254032047,-1.5705161254032047,-0.43593312376352245,0.14064389285319828,0.003942466309388467,0.018921563577790103,0.10152174,-0.009908518,0.039637517,[-0.01228594  0.2850902   0.03752238],/home/rastic/adil_RL/isaac-sim-standalone@4.5.0-rc.36+release.19112.f59b3005.gl.linux-x86_64.release/SE952--Bittle-Quadruped/camera_images_plane/frame_0095.png
96,0.7730762870935166,0.015206791974926803,-0.015206791974926803,-0.7730762870935166,0.03518514648727378,1.020718072318456,-1.0207180723184561,-0.03518514648727378,0.1423527392982892,0.0038263849222008,0.019617864229062556,0.17678139,-0.0013320657,-0.0056678522,[-0.01075453  0.21963023  0.07930713],/home/rastic/adil_RL/isaac-sim-standalone@4.5.0-rc.36+release.19112.f59b3005.gl.linux-x86_64.release/SE952--Bittle-Quadruped/camera_images_plane/frame_0096.png
97,0.35916875203490806,0.514176859400687,-0.5141768594006868,-0.35916875203490806,0.22395295903979195,0.9417536186669622,-0.9417536186669624,-0.22395295903979195,0.14422065182870117,0.0038250815267192365,0.019521829406887965,0.08710115,0.004122871,0.009519588,[-0.00214176  0.27947122 -0.00347111],/home/rastic/adil_RL/isaac-sim-standalone@4.5.0-rc.36+release.19112.f59b3005.gl.linux-x86_64.release/SE952--Bittle-Quadruped/camera_images_plane/frame_0097.png
98,-0.4297016958711284,0.4621061743103487,-0.4621061743103487,0.4297016958711284,1.5705121359812142,1.5705163240066944,-1.5705163240066944,-1.5705121359812142,0.14539949094279958,0.003981494619521715,0.019641042749121106,0.18317631,-0.036589466,-0.028051995,[-0.01537261  0.3774133   0.09953687],/home/rastic/adil_RL/isaac-sim-standalone@4.5.0-rc.36+release.19112.f59b3005.gl.linux-x86_64.release/SE952--Bittle-Quadruped/camera_images_plane/frame_0098.png
99,-0.4685804553250672,0.9209663910627626,-0.9209663910627626,0.4685804553250672,1.5705172249256272,0.5843860512028596,-0.5843860512028596,-1.5705172249256272,0.14799179019778325,0.0035632765819253406,0.018774381098596155,0.027978478,0.0380827,-0.040816203,[-0.0051532   0.27986142  0.01995024],/home/rastic/adil_RL/isaac-sim-standalone@4.5.0-rc.36+release.19112.f59b3005.gl.linux-x86_64.release/SE952--Bittle-Quadruped/camera_images_plane/frame_0099.png
100,-0.07151979095448624,0.8506212410410678,-0.8506212410410678,0.07151979095448735,1.1123980209605793,0.05453678008224894,-0.05453678008224894,-1.1123980209605813,0.14846973529510804,0.0034896364480438233,0.018040830938524797,0.03544258,0.020237714,3.8709724e-05,[0.00637441 0.2283418  0.0503882 ],/home/rastic/adil_RL/isaac-sim-standalone@4.5.0-rc.36+release.19112.f59b3005.gl.linux-x86_64.release/SE952--Bittle-Quadruped/camera_images_plane/frame_0100.png
101,0.490237017224628,0.4657951040956205,-0.4657951040956205,-0.490237017224628,0.8881156259867518,0.14129403174957433,-0.14129403174957433,-0.8881156259867518,0.14918810190042528,0.00393629345546659,0.01806244701564169,-0.030410241,0.008781194,0.028347572,[-0.00141587  0.2808233  -0.03452177],/home/rastic/adil_RL/isaac-sim-standalone@4.5.0-rc.36+release.19112.f59b3005.gl.linux-x86_64.release/SE952--Bittle-Quadruped/camera_images_plane/frame_0101.png
102,0.4489342386847661,-0.02179175244390419,0.02179175244390441,-0.4489342386847661,1.5705145875215472,0.6931260669171733,-0.6931260669171736,-1.5705145875215472,0.1487506446625073,0.003938414559071733,0.018470227167448124,0.16345704,0.014139702,-0.0043405555,[-0.00442349  0.41043717  0.04862829],/home/rastic/adil_RL/isaac-sim-standalone@4.5.0-rc.36+release.19112.f59b3005.gl.linux-x86_64.release/SE952--Bittle-Quadruped/camera_images_plane/frame_0102.png
103,0.8733065205129757,-0.47288912545379724,0.47288912545379724,-0.8733065205129757,0.7269583180850894,1.5705178023127968,-1.5705178023127966,-0.7269583180850894,0.1500936569563101,0.004015178032322262,0.018918482071842425,0.024578111,0.0007561508,0.007392436,[-1.1821904e-03  2.6391339e-01  6.0903607e-05],/home/rastic/adil_RL/isaac-sim-standalone@4.5.0-rc.36+release.19112.f59b3005.gl.linux-x86_64.release/SE952--Bittle-Quadruped/camera_images_plane/frame_0103.png
104,0.9044897800415954,-0.18423226099461676,0.18423226099461676,-0.9044897800415954,0.09333989579695667,1.255163791629531,-1.255163791629531,-0.09333989579695667,0.15015530798856216,0.004179892194488872,0.01915272224787978,0.038329102,-0.007352417,-0.005012546,[-0.00918615  0.22628964  0.01329916],/home/rastic/adil_RL/isaac-sim-standalone@4.5.0-rc.36+release.19112.f59b3005.gl.linux-x86_64.release/SE952--Bittle-Quadruped/camera_images_plane/frame_0104.png
105,0.5617734631703123,0.45206012670681317,-0.45206012670681317,-0.5617734631703123,0.0853745813124982,0.8484341030888605,-0.8484341030888605,-0.0853745813124982,0.15069147606207914,0.003934904842753783,0.01902237897912056,-0.053609543,0.00848958,-0.0021385914,[ 0.00898225  0.24802795 -0.05712198],/home/rastic/adil_RL/isaac-sim-standalone@4.5.0-rc.36+release.19112.f59b3005.gl.linux-x86_64.release/SE952--Bittle-Quadruped/camera_images_plane/frame_0105.png
106,0.07648817363892046,0.4297691782929016,-0.4297691782929016,-0.07648817363892024,0.5457445223651913,1.5705121079335584,-1.5705121079335584,-0.5457445223651917,0.15006823330904895,0.004257215939298917,0.018991202596912334,0.054319464,-0.04816422,-0.018243143,[-0.03037571  0.38007015  0.03584275],/home/rastic/adil_RL/isaac-sim-standalone@4.5.0-rc.36+release.19112.f59b3005.gl.linux-x86_64.release/SE952--Bittle-Quadruped/camera_images_plane/frame_0106.png
107,-0.4709873059429832,0.8071657730198996,-0.8071657730198996,0.4709873059429832,1.5705175471502681,0.8922490892764614,-0.8922490892764614,-1.5705175471502681,0.15090912518277907,0.0037628687309722436,0.018461365545209385,-0.07938643,-0.028696906,-0.04959528,[-0.02531128  0.23231329 -0.01129886],/home/rastic/adil_RL/isaac-sim-standalone@4.5.0-rc.36+release.19112.f59b3005.gl.linux-x86_64.release/SE952--Bittle-Quadruped/camera_images_plane/frame_0107.png
108,-0.4169531612747075,0.9413277883726556,-0.9413277883726556,0.4169531612747075,1.5705105191489077,0.14820888578916436,-0.14820888578916436,-1.5705105191489077,0.1495324188807258,0.0031223997452381946,0.01759719779180674,-0.009923775,0.008557012,-0.009541785,[ 6.8867335e-04  1.9141106e-01 -6.8066031e-05],/home/rastic/adil_RL/isaac-sim-standalone@4.5.0-rc.36+release.19112.f59b3005.gl.linux-x86_64.release/SE952--Bittle-Quadruped/camera_images_plane/frame_0108.png
109,0.21486290070753444,0.6462165298589297,-0.6462165298589297,-0.21486290070753444,0.8692774839155761,0.051826740060674004,-0.051826740060674004,-0.8692774839155761,0.14932429880684206,0.003969830643417505,0.01706641161487279,-0.054008838,0.0076310565,-0.013458538,[-0.00447382  0.22682801 -0.05276964],/home/rastic/adil_RL/isaac-sim-standalone@4.5.0-rc.36+release.19112.f59b3005.gl.linux-x86_64.release/SE952--Bittle-Quadruped/camera_images_plane/frame_0109.png
110,0.5171605708488831,0.17262418535446233,-0.17262418535446233,-0.5171605708488831,1.154417829030479,0.4193990431519614,-0.4193990431519614,-1.1544178290304792,0.14797250019043579,0.003905121383644255,0.017188077255905532,-0.017859668,0.0024278127,0.003474529,[-0.01207123  0.3567178  -0.01276424],/home/rastic/adil_RL/isaac-sim-standalone@4.5.0-rc.36+release.19112.f59b3005.gl.linux-x86_64.release/SE952--Bittle-Quadruped/camera_images_plane/frame_0110.png
111,0.47581849846197644,-0.46205723832846446,0.46205723832846446,-0.47581849846197644,1.5705164124254414,1.5705163555976,-1.5705163555976,-1.5705164124254414,0.14734839603229066,0.003960269145044152,0.01757459656567104,0.06501252,0.010744574,0.05208704,[0.00161498 0.24028483 0.02844835],/home/rastic/adil_RL/isaac-sim-standalone@4.5.0-rc.36+release.19112.f59b3005.gl.linux-x86_64.release/SE952--Bittle-Quadruped/camera_images_plane/frame_0111.png
112,0.9479944542549787,-0.4432683774031334,0.4432683774031334,-0.9479944542549783,0.4798557082757515,1.5705138857914354,-1.5705138857914354,-0.4798557082757524,0.14784895317515614,0.003943116377598393,0.01854701204098386,0.008516252,-0.013560307,-0.006459687,[-0.00573221  0.2545178  -0.00934161],/home/rastic/adil_RL/isaac-sim-standalone@4.5.0-rc.36+release.19112.f59b3005.gl.linux-x86_64.release/SE952--Bittle-Quadruped/camera_images_plane/frame_0112.png
113,0.8927511211190182,0.11253645334376627,-0.11253645334376627,-0.8927511211190182,0.08206772305586951,0.9360741138041466,-0.9360741138041466,-0.08206772305586951,0.1477912983034131,0.003760684298417589,0.01815163350916457,0.09730701,0.0004696271,-0.011720847,[-0.00478227  0.19026998  0.05402906],/home/rastic/adil_RL/isaac-sim-standalone@4.5.0-rc.36+release.19112.f59b3005.gl.linux-x86_64.release/SE952--Bittle-Quadruped/camera_images_plane/frame_0113.png
114,0.4927392382720417,0.5261729614761084,-0.5261729614761084,-0.49273923827204147,0.123786719277861,1.0146920663637156,-1.0146920663637153,-0.12378671927786111,0.14866581829415815,0.0037898134821665276,0.017729401586959525,0.040413044,-0.0059421123,0.04930438,[-0.01242509  0.2570585   0.00846142],/home/rastic/adil_RL/isaac-sim-standalone@4.5.0-rc.36+release.19112.f59b3005.gl.linux-x86_64.release/SE952--Bittle-Quadruped/camera_images_plane/frame_0114.png
115,0.002617837230670883,0.46976077025233876,-0.46976077025233876,-0.002617837230670661,0.6548146658980696,1.570517344452933,-1.5705173444529326,-0.6548146658980699,0.14971771679083373,0.0037106202384285963,0.018402184558418033,0.14075907,-0.03243045,0.0006476457,[-0.02073703  0.35503894  0.08431751],/home/rastic/adil_RL/isaac-sim-standalone@4.5.0-rc.36+release.19112.f59b3005.gl.linux-x86_64.release/SE952--Bittle-Quadruped/camera_images_plane/frame_0115.png
116,-0.47301105324859005,0.9474287002184123,-0.9474287002184123,0.47301105324859005,1.5705178186880024,0.4824339098900148,-0.4824339098900148,-1.5705178186880027,0.15208619886446048,0.003282157543506375,0.018239547839627116,-0.006302247,-0.005100239,-0.03187225,[-0.01719671  0.22689344  0.01374413],/home/rastic/adil_RL/isaac-sim-standalone@4.5.0-rc.36+release.19112.f59b3005.gl.linux-x86_64.release/SE952--Bittle-Quadruped/camera_images_plane/frame_0116.png
117,-0.21113603043619422,0.8047966395709629,-0.8047966395709629,0.2111360304361911,1.293543951980837,0.03947634622644791,-0.03947634622644791,-1.293543951980831,0.1519736764219302,0.002962914905373885,0.01765808139858767,0.10422498,0.004387131,-0.0018756017,[0.02013664 0.16589162 0.05903264],/home/rastic/adil_RL/isaac-sim-standalone@4.5.0-rc.36+release.19112.f59b3005.gl.linux-x86_64.release/SE952--Bittle-Quadruped/camera_images_plane/frame_0117.png
118,0.4385858739031603,0.40361914525503295,-0.40361914525503295,-0.4385858739031603,0.8403546252872132,0.1869209102405036,-0.1869209102405036,-0.8403546252872132,0.1529373241271917,0.0039015383255733907,0.017201482694008768,0.030387165,0.0069175456,0.0019069882,[ 0.0128937   0.24002275 -0.02501056],/home/rastic/adil_RL/isaac-sim-standalone@4.5.0-rc.36+release.19112.f59b3005.gl.linux-x86_64.release/SE952--Bittle-Quadruped/camera_images_plane/frame_0118.png
119,0.4245105210131075,-0.07475973482690068,0.07475973482690068,-0.4245105210131077,1.5705114378829148,0.7800453570671451,-0.7800453570671451,-1.5705114378829146,0.152954865503984,0.004011178435317663,0.01752782339448433,0.16074353,0.009924689,0.03308323,[-0.00361771  0.3522636   0.06213092],/home/rastic/adil_RL/isaac-sim-standalone@4.5.0-rc.36+release.19112.f59b3005.gl.linux-x86_64.release/SE952--Bittle-Quadruped/camera_images_plane/frame_0119.png
120,0.7923218495126632,-0.4717177585720447,0.4717177585720447,-0.7923218495126632,0.9266321709327705,1.5705176450961664,-1.5705176450961666,-0.9266321709327705,0.15463223591176767,0.004104061397325784,0.018388199545683083,0.023772776,-0.062450904,-0.017369535,[-0.01424632  0.25664625 -0.00704915],/home/rastic/adil_RL/isaac-sim-standalone@4.5.0-rc.36+release.19112.f59b3005.gl.linux-x86_64.release/SE952--Bittle-Quadruped/camera_images_plane/frame_0120.png
121,0.9450641395112519,-0.13676011065941318,0.13676011065941318,-0.9450641395112519,0.15664917910368803,1.1916243689079715,-1.1916243689079713,-0.15664917910368803,0.15479549809496393,0.004042004531114255,0.018441930583919703,0.040070035,-0.085704446,-0.007494335,[-0.05321719  0.20353042 -0.03069358],/home/rastic/adil_RL/isaac-sim-standalone@4.5.0-rc.36+release.19112.f59b3005.gl.linux-x86_64.release/SE952--Bittle-Quadruped/camera_images_plane/frame_0121.png
122,0.6553303716257589,0.466751923990365,-0.466751923990365,-0.6553303716257589,0.04916755475434065,0.860133537360595,-0.860133537360595,-0.04916755475434065,0.1556761412961,0.002353303909571831,0.01807722905287089,-0.037911233,0.028598506,0.04268817,[ 0.01623511  0.1915475  -0.04762064],/home/rastic/adil_RL/isaac-sim-standalone@4.5.0-rc.36+release.19112.f59b3005.gl.linux-x86_64.release/SE952--Bittle-Quadruped/camera_images_plane/frame_0122.png
123,0.16645509678607917,0.43625402803152236,-0.43625402803152236,-0.16645509678607917,0.42697803805639867,1.5705129404583262,-1.5705129404583258,-0.42697803805639867,0.15396905945264666,0.0038627009502310923,0.019154974402027413,0.11837627,-0.039924927,-0.011255327,[-0.02529541  0.36435893  0.0454781 ],/home/rastic/adil_RL/isaac-sim-standalone@4.5.0-rc.36+release.19112.f59b3005.gl.linux-x86_64.release/SE952--Bittle-Quadruped/camera_images_plane/frame_0123.png
124,-0.4643953748809544,0.8264669029732752,-0.8264669029732752,0.4643953748809544,1.5705166665159576,0.8463335500982778,-0.8463335500982778,-1.5705166665159576,0.15519495120882168,0.0032858055537021745,0.0188119359221561,0.0068151825,-0.034187153,-0.048870113,[-0.01659754  0.23682478  0.00954026],/home/rastic/adil_RL/isaac-sim-standalone@4.5.0-rc.36+release.19112.f59b3005.gl.linux-x86_64.release/SE952--Bittle-Quadruped/camera_images_plane/frame_0124.png
125,-0.43644336347261947,0.9347321515777379,-0.9347321515777379,0.43644336347261925,1.570513001854298,0.135143225888804,-0.135143225888804,-1.5705130018542977,0.15505454810153682,0.0029088895813003785,0.017780252424047068,-0.006468497,0.026023205,-0.012750148,[0.00913806 0.17590342 0.01583789],/home/rastic/adil_RL/isaac-sim-standalone@4.5.0-rc.36+release.19112.f59b3005.gl.linux-x86_64.release/SE952--Bittle-Quadruped/camera_images_plane/frame_0125.png
126,0.14829312901447267,0.6302189180441379,-0.6302189180441379,-0.1482931290144729,0.9100020661121249,0.056968169058978946,-0.056968169058978946,-0.9100020661121246,0.15495082970158958,0.0036993371879966907,0.01749673587318872,-0.087821856,0.0296037,0.030890927,[ 0.00526204  0.21581782 -0.05243247],/home/rastic/adil_RL/isaac-sim-standalone@4.5.0-rc.36+release.19112.f59b3005.gl.linux-x86_64.release/SE952--Bittle-Quadruped/camera_images_plane/frame_0126.png
127,0.5267111889983289,0.15974067095787303,-0.15974067095787303,-0.5267111889983289,1.0624879888941,0.4353091002117385,-0.43530910021173863,-1.0624879888941,0.15367154759042484,0.0038923502929480423,0.017837890235351817,-0.104103915,0.014425856,0.034496527,[-0.00284596  0.2530002  -0.07811859],/home/rastic/adil_RL/isaac-sim-standalone@4.5.0-rc.36+release.19112.f59b3005.gl.linux-x86_64.release/SE952--Bittle-Quadruped/camera_images_plane/frame_0127.png
128,0.47253549749395196,-0.4630570389025721,0.4630570389025721,-0.47253549749395196,1.5705177163307842,1.5705164884545455,-1.5705164884545455,-1.5705177163307842,0.15155877576681892,0.004026509525686719,0.018728195243277727,0.0072370674,0.0022645816,0.049953118,[0.00612063 0.1489259  0.01284266],/home/rastic/adil_RL/isaac-sim-standalone@4.5.0-rc.36+release.19112.f59b3005.gl.linux-x86_64.release/SE952--Bittle-Quadruped/camera_images_plane/frame_0128.png
129,0.9623252558580797,-0.4423032263621527,0.4423032263621527,-0.9623252558580799,0.4008484485073278,1.570513760349611,-1.570513760349611,-0.4008484485073276,0.15119778497892508,0.003965864109348071,0.0197231653413284,0.017655682,-0.081674196,-0.0014188364,[-0.01340167  0.18471439 -0.02957593],/home/rastic/adil_RL/isaac-sim-standalone@4.5.0-rc.36+release.19112.f59b3005.gl.linux-x86_64.release/SE952--Bittle-Quadruped/camera_images_plane/frame_0129.png
130,0.746553161309427,0.11667746317747962,-0.11667746317747962,-0.746553161309427,0.034611021511012585,0.9329119459154391,-0.9329119459154391,-0.034611021511012585,0.1512295539811779,0.003211894239943085,0.019830630522524734,0.064716615,-0.05547295,-0.00917224,[-0.06443637  0.10027012  0.02545743],/home/rastic/adil_RL/isaac-sim-standalone@4.5.0-rc.36+release.19112.f59b3005.gl.linux-x86_64.release/SE952--Bittle-Quadruped/camera_images_plane/frame_0130.png
131,0.32393695832453473,0.5268615994987205,-0.5268615994987205,-0.32393695832453495,0.2559038022416591,1.0304119864044237,-1.0304119864044237,-0.255903802241659,0.1524070531538167,0.0018716375793449693,0.019500475085648568,0.05100282,-0.010252168,0.039591238,[-0.02968365  0.20620032  0.0008563 ],/home/rastic/adil_RL/isaac-sim-standalone@4.5.0-rc.36+release.19112.f59b3005.gl.linux-x86_64.release/SE952--Bittle-Quadruped/camera_images_plane/frame_0131.png
132,-0.4382378977662953,0.4709992056524843,-0.4709992056524843,0.4382378977662953,1.5705132335639977,1.5705175103041964,-1.5705175103041964,-1.5705132335639977,0.1522184115619287,0.003373315203381089,0.020727474443137224,0.20916158,-0.04382285,-0.07928531,[-0.01893659  0.296328    0.08890786],/home/rastic/adil_RL/isaac-sim-standalone@4.5.0-rc.36+release.19112.f59b3005.gl.linux-x86_64.release/SE952--Bittle-Quadruped/camera_images_plane/frame_0132.png
133,-0.464957072530241,0.9544299458203331,-0.9544299458203331,0.464957072530241,1.5705167413222993,0.44837242979677283,-0.44837242979677283,-1.5705167413222991,0.1545294596726934,0.002987385281491782,0.0194878315568478,0.053485777,0.0038835288,-0.070944175,[-0.01089212  0.23111835  0.02582041],/home/rastic/adil_RL/isaac-sim-standalone@4.5.0-rc.36+release.19112.f59b3005.gl.linux-x86_64.release/SE952--Bittle-Quadruped/camera_images_plane/frame_0133.png
134,-0.026151159520108047,0.7803285096577722,-0.7803285096577722,0.026151159520108047,1.062533529266304,0.035796516602434325,-0.035796516602434325,-1.062533529266304,0.15519560780122585,0.003444143860842783,0.01860546976314265,0.107304275,0.03207939,-0.007214339,[0.01700841 0.17087416 0.07194111],/home/rastic/adil_RL/isaac-sim-standalone@4.5.0-rc.36+release.19112.f59b3005.gl.linux-x86_64.release/SE952--Bittle-Quadruped/camera_images_plane/frame_0134.png
135,0.5040915163051705,0.36803947188727926,-0.36803947188727926,-0.5040915163051702,0.9138890379479798,0.21627034023998937,-0.21627034023998926,-0.91388903794798,0.1561769872387915,0.003821587411711664,0.01849195600909394,-0.028875157,0.024414219,0.042420685,[ 0.01223245  0.22790116 -0.02016042],/home/rastic/adil_RL/isaac-sim-standalone@4.5.0-rc.36+release.19112.f59b3005.gl.linux-x86_64.release/SE952--Bittle-Quadruped/camera_images_plane/frame_0135.png
136,0.4564969323692032,-0.4278228434430469,0.4278228434430469,-0.4564969323692032,1.570515581447781,1.57051189598638,-1.5705118959863797,-1.570515581447781,0.156273820538798,0.004116058330400271,0.019001767606356086,0.14205022,0.012558848,0.07754026,[-0.0034374   0.32026172  0.07747538],/home/rastic/adil_RL/isaac-sim-standalone@4.5.0-rc.36+release.19112.f59b3005.gl.linux-x86_64.release/SE952--Bittle-Quadruped/camera_images_plane/frame_0136.png
137,0.9008047893978075,-0.46911011106083955,0.46911011106083955,-0.9008047893978075,0.648629345127617,1.5705172957677032,-1.5705172957677032,-0.648629345127617,0.15832991886365594,0.004243493242869541,0.020452110686605393,0.055291098,-0.022059059,0.017345525,[-0.00599701  0.25670046  0.0205969 ],/home/rastic/adil_RL/isaac-sim-standalone@4.5.0-rc.36+release.19112.f59b3005.gl.linux-x86_64.release/SE952--Bittle-Quadruped/camera_images_plane/frame_0137.png
138,0.8773022034012122,-0.07887772052588349,0.07887772052588349,-0.8773022034012122,0.06995857880432299,1.120883583249858,-1.120883583249858,-0.06995857880432299,0.15922425855577643,0.003960111284629885,0.020757190149868723,0.1012532,-0.0085561555,-0.010210883,[-0.01467255  0.21261373  0.04460002],/home/rastic/adil_RL/isaac-sim-standalone@4.5.0-rc.36+release.19112.f59b3005.gl.linux-x86_64.release/SE952--Bittle-Quadruped/camera_images_plane/frame_0138.png
139,0.510026537539818,0.4880355638465068,-0.4880355638465068,-0.510026537539818,0.11328803526705822,0.8848233558287195,-0.8848233558287197,-0.11328803526705822,0.16012009078127182,0.003769332388309361,0.020258568591770915,0.015342925,-0.009368113,0.0025043455,[-0.00166299  0.2545995  -0.03554168],/home/rastic/adil_RL/isaac-sim-standalone@4.5.0-rc.36+release.19112.f59b3005.gl.linux-x86_64.release/SE952--Bittle-Quadruped/camera_images_plane/frame_0139.png
140,0.022806204976942857,0.4478576765818594,-0.4478576765818594,-0.022806204976942634,0.6239759756512291,1.5705144467256487,-1.5705144467256487,-0.6239759756512294,0.16002947612665988,0.0037876101899722496,0.020093862553296312,0.11503717,-0.039848633,-0.002917755,[-0.02413284  0.37394166  0.05668674],/home/rastic/adil_RL/isaac-sim-standalone@4.5.0-rc.36+release.19112.f59b3005.gl.linux-x86_64.release/SE952--Bittle-Quadruped/camera_images_plane/frame_0140.png
141,-0.4728200959009643,0.8697979411300303,-0.8697979411300303,0.4728200959009643,1.570517793042832,0.7364122564170807,-0.7364122564170807,-1.570517793042832,0.16155945392683466,0.0033970216896877085,0.019676181583428744,-0.068767,0.011958681,-0.020913169,[-0.01856582  0.24516916 -0.00665572],/home/rastic/adil_RL/isaac-sim-standalone@4.5.0-rc.36+release.19112.f59b3005.gl.linux-x86_64.release/SE952--Bittle-Quadruped/camera_images_plane/frame_0141.png
142,-0.400805960676879,0.907050763443045,-0.9070507634430448,0.400805960676879,1.570508511866529,0.09608574986210117,-0.09608574986210139,-1.570508511866529,0.16071157173987902,0.0029901715782490903,0.01919737294367751,-0.033871092,0.021502458,-0.019183101,[0.00937929 0.1984541  0.00192007],/home/rastic/adil_RL/isaac-sim-standalone@4.5.0-rc.36+release.19112.f59b3005.gl.linux-x86_64.release/SE952--Bittle-Quadruped/camera_images_plane/frame_0142.png
143,0.2605920818887626,0.5653862666162789,-0.5653862666162789,-0.2605920818887626,0.8478255810014266,0.08362700567019288,-0.08362700567019288,-0.8478255810014266,0.1605492178314509,0.003930867528169091,0.018810953206251885,-0.08377929,0.02497256,0.009709131,[ 7.1557108e-05  2.4684438e-01 -6.9680214e-02],/home/rastic/adil_RL/isaac-sim-standalone@4.5.0-rc.36+release.19112.f59b3005.gl.linux-x86_64.release/SE952--Bittle-Quadruped/camera_images_plane/frame_0143.png
144,0.49803805979273896,0.09021133285136629,-0.09021133285136629,-0.49803805979273896,1.2441345243265955,0.5266290796736033,-0.5266290796736033,-1.2441345243265955,0.1590162771015564,0.004032218579414512,0.01903001719262997,0.016174186,0.014259378,-0.029621921,[ 0.00393036  0.3666812  -0.00299277],/home/rastic/adil_RL/isaac-sim-standalone@4.5.0-rc.36+release.19112.f59b3005.gl.linux-x86_64.release/SE952--Bittle-Quadruped/camera_images_plane/frame_0144.png
145,0.4807611977511379,-0.4695490803702427,0.4695490803702427,-0.4807611977511379,1.5705125000236095,1.5705173545091902,-1.5705173545091902,-1.5705125000236095,0.1583466134056147,0.004206491932392636,0.01916772528824492,-0.0611835,0.024130752,0.00066101924,[0.00629134 0.24347702 0.00527389],/home/rastic/adil_RL/isaac-sim-standalone@4.5.0-rc.36+release.19112.f59b3005.gl.linux-x86_64.release/SE952--Bittle-Quadruped/camera_images_plane/frame_0145.png
146,0.9617959697871453,-0.42555972949669174,0.42555972949669174,-0.9617959697871453,0.4045509800977659,1.5705116076828294,-1.5705116076828296,-0.4045509800977659,0.15752261570067544,0.0044511978352554365,0.019745951321553375,0.025127923,-0.09234975,0.026579164,[-0.02203123  0.25562367 -0.04802227],/home/rastic/adil_RL/isaac-sim-standalone@4.5.0-rc.36+release.19112.f59b3005.gl.linux-x86_64.release/SE952--Bittle-Quadruped/camera_images_plane/frame_0146.png
147,0.8574770249508828,0.18256190792411897,-0.18256190792411897,-0.8574770249508828,0.05793789370528568,0.8877153297845723,-0.8877153297845723,-0.05793789370528568,0.1577856795443397,0.002994785836605189,0.0199866751185983,0.14767098,0.0076855123,-0.037407942,[0.02063314 0.2121986  0.0622656 ],/home/rastic/adil_RL/isaac-sim-standalone@4.5.0-rc.36+release.19112.f59b3005.gl.linux-x86_64.release/SE952--Bittle-Quadruped/camera_images_plane/frame_0147.png
148,0.43039298264408843,0.5244584087838244,-0.5244584087838244,-0.43039298264408843,0.16638619752048245,1.0979889765306026,-1.0979889765306026,-0.16638619752048245,0.15779793020878224,0.003350116059789372,0.020403177377636035,0.112015374,-0.004315328,0.05009427,[-0.02117155  0.28454006  0.03261119],/home/rastic/adil_RL/isaac-sim-standalone@4.5.0-rc.36+release.19112.f59b3005.gl.linux-x86_64.release/SE952--Bittle-Quadruped/camera_images_plane/frame_0148.png
149,-0.060625558883835806,0.4730634640806848,-0.4730634640806848,0.060625558883835806,0.7563528644177161,1.5705177872072862,-1.5705177872072862,-0.7563528644177161,0.15945722072849597,0.003362614711971208,0.0209880693429633,0.1472612,0.0027584285,-0.019977229,[-0.00341529  0.3382722   0.09309513],/home/rastic/adil_RL/isaac-sim-standalone@4.5.0-rc.36+release.19112.f59b3005.gl.linux-x86_64.release/SE952--Bittle-Quadruped/camera_images_plane/frame_0149.png
150,-0.47162252619927925,0.9643235977816292,-0.9643235977816292,0.47162252619927925,1.5705176323224714,0.385732296560123,-0.385732296560123,-1.5705176323224714,0.16191171478489771,0.003027799741745324,0.020254208327642534,0.0059034787,0.037265196,-0.031350825,[0.00450141 0.24036908 0.01835636],/home/rastic/adil_RL/isaac-sim-standalone@4.5.0-rc.36+release.19112.f59b3005.gl.linux-x86_64.release/SE952--Bittle-Quadruped/camera_images_plane/frame_0150.png
151,-0.12183607526575058,0.7434445989231135,-0.7434445989231135,0.1218360752657508,1.172696595019002,0.034703757518661504,-0.034703757518661504,-1.1726965950190025,0.16199122350276163,0.0028999181130994174,0.01964237063230475,0.06047476,0.045492604,-0.006345043,[0.02485749 0.17252348 0.06190627],/home/rastic/adil_RL/isaac-sim-standalone@4.5.0-rc.36+release.19112.f59b3005.gl.linux-x86_64.release/SE952--Bittle-Quadruped/camera_images_plane/frame_0151.png
152,0.47572222329705505,0.3254217165661496,-0.3254217165661496,-0.47572222329705505,0.8691875951367019,0.25451093331650765,-0.25451093331650776,-0.8691875951367019,0.16289293919433492,0.003881765731925358,0.019518521232183433,-0.016132917,0.025512723,0.022399293,[ 0.01422689  0.23806818 -0.02959206],/home/rastic/adil_RL/isaac-sim-standalone@4.5.0-rc.36+release.19112.f59b3005.gl.linux-x86_64.release/SE952--Bittle-Quadruped/camera_images_plane/frame_0152.png
153,0.4426200318115563,-0.4358851388640457,0.4358851388640457,-0.4426200318115563,1.5705137642439784,1.5705129298807177,-1.5705129298807174,-1.5705137642439784,0.16276007140214865,0.0041874336450358806,0.019859359206025298,0.19925058,0.07811076,0.12989767,[-1.4313965e-04  3.4353912e-01  6.7252256e-02],/home/rastic/adil_RL/isaac-sim-standalone@4.5.0-rc.36+release.19112.f59b3005.gl.linux-x86_64.release/SE952--Bittle-Quadruped/camera_images_plane/frame_0153.png
154,0.855712228478779,-0.4667198983986456,0.4667198983986456,-0.855712228478779,0.7734155612026035,1.5705169763769418,-1.5705169763769418,-0.7734155612026035,0.1642756567236393,0.00434962075818001,0.022072209496598563,0.057358794,-0.013769204,0.068669066,[-0.01139722  0.29272765  0.01004614],/home/rastic/adil_RL/isaac-sim-standalone@4.5.0-rc.36+release.19112.f59b3005.gl.linux-x86_64.release/SE952--Bittle-Quadruped/camera_images_plane/frame_0154.png
155,0.9142027461670328,-0.051341171965257226,0.051341171965257226,-0.9142027461670328,0.10439018755425988,1.0897002409071237,-1.0897002409071237,-0.10439018755425988,0.1648046845609994,0.003992377210299007,0.022747707632789726,0.01935757,-0.028283417,-0.008349644,[-0.02368058  0.25326738  0.00970943],/home/rastic/adil_RL/isaac-sim-standalone@4.5.0-rc.36+release.19112.f59b3005.gl.linux-x86_64.release/SE952--Bittle-Quadruped/camera_images_plane/frame_0155.png
156,0.5778882245800285,0.49538487108513496,-0.49538487108513496,-0.5778882245800285,0.07778761424483616,0.8965595476136337,-0.8965595476136337,-0.07778761424483616,0.16483904685329442,0.0037040275934480944,0.02251760756097432,-0.09871736,0.015032211,0.016412983,[ 0.00236724  0.2564073  -0.05446022],/home/rastic/adil_RL/isaac-sim-standalone@4.5.0-rc.36+release.19112.f59b3005.gl.linux-x86_64.release/SE952--Bittle-Quadruped/camera_images_plane/frame_0156.png
157,0.08606661658261072,0.4511638958211561,-0.4511638958211561,-0.08606661658261094,0.5323644228741448,1.5705148796750623,-1.5705148796750623,-0.5323644228741445,0.16367858198188898,0.003685552821431387,0.02254258874233386,0.054915708,-0.03203108,-0.00075095374,[-0.02765504  0.38299403  0.0324478 ],/home/rastic/adil_RL/isaac-sim-standalone@4.5.0-rc.36+release.19112.f59b3005.gl.linux-x86_64.release/SE952--Bittle-Quadruped/camera_images_plane/frame_0157.png
158,-0.4707502161906403,0.8793497741570959,-0.8793497741570959,0.4707502161906403,1.5705175153744473,0.7104239389873324,-0.7104239389873324,-1.5705175153744473,0.1646222477338931,0.0031727181890521716,0.022210052802700955,-0.06460815,-0.0037981048,-0.012280071,[-0.01778036  0.25015193 -0.00277306],/home/rastic/adil_RL/isaac-sim-standalone@4.5.0-rc.36+release.19112.f59b3005.gl.linux-x86_64.release/SE952--Bittle-Quadruped/camera_images_plane/frame_0158.png
159,-0.41703339807265194,0.9009374356553919,-0.9009374356553919,0.41703339807265194,1.570510529238523,0.08971077386527737,-0.08971077386527726,-1.5705105292385233,0.16344853030250442,0.00283318624813767,0.021853403950267265,0.054567274,0.06877798,-0.030364037,[0.01691648 0.19418138 0.00141614],/home/rastic/adil_RL/isaac-sim-standalone@4.5.0-rc.36+release.19112.f59b3005.gl.linux-x86_64.release/SE952--Bittle-Quadruped/camera_images_plane/frame_0159.png
160,0.21646563313532696,0.5545638055591142,-0.5545638055591142,-0.21646563313532696,0.8684307454401456,0.08894180179484101,-0.08894180179484101,-0.8684307454401456,0.16343360646266436,0.00377137805288464,0.021523228484655852,-0.02189374,0.0636696,-0.029936526,[ 0.00213268  0.2446702  -0.05906832],/home/rastic/adil_RL/isaac-sim-standalone@4.5.0-rc.36+release.19112.f59b3005.gl.linux-x86_64.release/SE952--Bittle-Quadruped/camera_images_plane/frame_0160.png
161,0.5161239940719957,0.08209034489739864,-0.08209034489739864,-0.5161239940719957,1.1605675699851854,0.5378975611456394,-0.5378975611456394,-1.1605675699851854,0.1622869361543397,0.004145511192444634,0.02144970925025135,-0.055841327,0.0072066905,-0.013055219,[-0.00534651  0.2998024  -0.04537375],/home/rastic/adil_RL/isaac-sim-standalone@4.5.0-rc.36+release.19112.f59b3005.gl.linux-x86_64.release/SE952--Bittle-Quadruped/camera_images_plane/frame_0161.png
162,0.4765812351167571,-0.46988753507017056,0.46988753507017056,-0.4765812351167571,1.570515930789056,1.570517399817928,-1.5705173998179278,-1.5705159307890564,0.16093045113908971,0.004380678333631539,0.021503082279886225,-0.026568577,-0.02302951,0.05513919,[-0.0078638   0.17405692 -0.01067319],/home/rastic/adil_RL/isaac-sim-standalone@4.5.0-rc.36+release.19112.f59b3005.gl.linux-x86_64.release/SE952--Bittle-Quadruped/camera_images_plane/frame_0162.png
163,0.9511369443836317,-0.42491461425675126,0.42491461425675126,-0.9511369443836317,0.4650254875606361,1.5705115256562145,-1.5705115256562145,-0.4650254875606361,0.15967778938849828,0.004114331178061153,0.02218040293766019,-0.010541101,-0.008754365,0.061351582,[-0.01014374  0.23442101 -0.01655777],/home/rastic/adil_RL/isaac-sim-standalone@4.5.0-rc.36+release.19112.f59b3005.gl.linux-x86_64.release/SE952--Bittle-Quadruped/camera_images_plane/frame_0163.png
164,0.8854453838128183,0.18344157722144483,-0.18344157722144483,-0.8854453838128183,0.07599769684124313,0.8871794030864351,-0.8871794030864351,-0.07599769684124313,0.15937818229105902,0.0036851353532523423,0.02285069578428273,0.1143315,-0.067601085,0.004389149,[-0.06254432  0.16202328  0.02124704],/home/rastic/adil_RL/isaac-sim-standalone@4.5.0-rc.36+release.19112.f59b3005.gl.linux-x86_64.release/SE952--Bittle-Quadruped/camera_images_plane/frame_0164.png
165,0.4759576062196871,0.5245332341479068,-0.5245332341479065,-0.4759576062196871,0.13452821718813157,1.0971610308095303,-1.0971610308095305,-0.13452821718813157,0.1604791813603011,0.0025630048597078646,0.02267842854533499,0.04457452,-0.02680822,0.04873982,[-0.04318501  0.2604451   0.01665313],/home/rastic/adil_RL/isaac-sim-standalone@4.5.0-rc.36+release.19112.f59b3005.gl.linux-x86_64.release/SE952--Bittle-Quadruped/camera_images_plane/frame_0165.png
166,-0.01702096803141484,0.47301872286699265,-0.47301872286699265,0.017020968031415062,0.6855505723620943,1.570517781199595,-1.570517781199595,-0.6855505723620946,0.16085712568503266,0.0031974484213094733,0.02421156941885927,0.1490772,-0.039501004,0.003333043,[-0.01967057  0.34390253  0.07952051],/home/rastic/adil_RL/isaac-sim-standalone@4.5.0-rc.36+release.19112.f59b3005.gl.linux-x86_64.release/SE952--Bittle-Quadruped/camera_images_plane/frame_0166.png
167,-0.47281274770591963,0.9637262672338469,-0.9637262672338467,0.47281274770591963,1.5705177920560818,0.3904670460862105,-0.39046704608621097,-1.5705177920560818,0.1632955993508368,0.003011547390228278,0.023998705921381293,0.0019063931,0.00831439,-0.018956535,[-0.0109122   0.22942759  0.01691327],/home/rastic/adil_RL/isaac-sim-standalone@4.5.0-rc.36+release.19112.f59b3005.gl.linux-x86_64.release/SE952--Bittle-Quadruped/camera_images_plane/frame_0167.png
168,-0.169900008572472,0.7480329295260938,-0.7480329295260938,0.169900008572472,1.2354326536781202,0.0345781825240542,-0.0345781825240542,-1.2354326536781204,0.16328694870732083,0.0028615975226046115,0.02364918672214646,0.14109577,0.063966766,-0.01938062,[0.03268886 0.16451529 0.04646629],/home/rastic/adil_RL/isaac-sim-standalone@4.5.0-rc.36+release.19112.f59b3005.gl.linux-x86_64.release/SE952--Bittle-Quadruped/camera_images_plane/frame_0168.png
169,0.45930688894603167,0.33178126091521165,-0.33178126091521165,-0.45930688894603167,0.8537765047743504,0.24859116321057573,-0.24859116321057573,-0.8537765047743504,0.1641237932478385,0.0038078617125686036,0.02343169843266181,0.027294341,0.015744166,-0.0066089854,[ 0.01956779  0.23494014 -0.02256388],/home/rastic/adil_RL/isaac-sim-standalone@4.5.0-rc.36+release.19112.f59b3005.gl.linux-x86_64.release/SE952--Bittle-Quadruped/camera_images_plane/frame_0169.png
170,0.4346182116188144,-0.43414533403821,0.43414533403821,-0.4346182116188144,1.5705127298126045,1.5705127058816315,-1.5705127058816315,-1.5705127298126045,0.16424181738378654,0.004278826079484322,0.023701225900878763,0.18913227,0.055604197,0.12022852,[-0.00471949  0.33957767  0.07159745],/home/rastic/adil_RL/isaac-sim-standalone@4.5.0-rc.36+release.19112.f59b3005.gl.linux-x86_64.release/SE952--Bittle-Quadruped/camera_images_plane/frame_0170.png
171,0.8290548759969472,-0.4675227432005207,0.4675227432005207,-0.8290548759969472,0.8400578899587876,1.5705170835696203,-1.5705170835696203,-0.8400578899587876,0.1661234217877339,0.004492818591639813,0.025634982064438202,0.021616217,-0.042612292,-0.008138478,[-0.01776125  0.27205226  0.01422947],/home/rastic/adil_RL/isaac-sim-standalone@4.5.0-rc.36+release.19112.f59b3005.gl.linux-x86_64.release/SE952--Bittle-Quadruped/camera_images_plane/frame_0171.png
172,0.9292917557786953,-0.062324789047646156,0.06232478904764749,-0.9292917557786953,0.12574900478338802,1.101951242852502,-1.1019512428525045,-0.12574900478338802,0.1668056786887076,0.00400973906470335,0.026024325461275942,0.019062595,-0.047594607,-0.0075574685,[-0.02067126  0.24654414  0.01230043],/home/rastic/adil_RL/isaac-sim-standalone@4.5.0-rc.36+release.19112.f59b3005.gl.linux-x86_64.release/SE952--Bittle-Quadruped/camera_images_plane/frame_0172.png
173,0.6117587618862634,0.4916651411302382,-0.4916651411302382,-0.6117587618862634,0.0636278994500169,0.8903483182208951,-0.8903483182208951,-0.0636278994500169,0.16695688217719146,0.0035611200908216975,0.02581314336704484,-0.10917654,0.04006179,0.023395192,[ 0.01324196  0.24395005 -0.04425903],/home/rastic/adil_RL/isaac-sim-standalone@4.5.0-rc.36+release.19112.f59b3005.gl.linux-x86_64.release/SE952--Bittle-Quadruped/camera_images_plane/frame_0173.png
174,0.11952750289681213,0.4490567053391379,-0.4490567053391379,-0.11952750289681213,0.4870000741335172,1.5705146035491326,-1.5705146035491326,-0.4870000741335171,0.16548084361232412,0.0037487078713490554,0.025967984955811523,0.11454211,-0.02814176,0.0010490073,[-0.02948666  0.379347    0.03331852],/home/rastic/adil_RL/isaac-sim-standalone@4.5.0-rc.36+release.19112.f59b3005.gl.linux-x86_64.release/SE952--Bittle-Quadruped/camera_images_plane/frame_0174.png
175,-0.46866319844482773,0.8713697725769307,-0.8713697725769307,0.46866319844482773,1.5705172359901054,0.7321895757136683,-0.7321895757136683,-1.5705172359901052,0.1667767465799649,0.0028707145095655134,0.025630962658776943,-0.052125677,-0.012958371,-0.007374578,[-0.01475216  0.2577415  -0.00415859],/home/rastic/adil_RL/isaac-sim-standalone@4.5.0-rc.36+release.19112.f59b3005.gl.linux-x86_64.release/SE952--Bittle-Quadruped/camera_images_plane/frame_0175.png
176,-0.42524518892733165,0.907809819626538,-0.9078098196265377,0.42524518892733165,1.570511567680205,0.0969215300176397,-0.0969215300176397,-1.570511567680205,0.1658216565062718,0.00265896121433066,0.025319247225900718,-0.0017010197,0.054032225,-0.019229617,[ 0.01960066  0.199283   -0.00380626],/home/rastic/adil_RL/isaac-sim-standalone@4.5.0-rc.36+release.19112.f59b3005.gl.linux-x86_64.release/SE952--Bittle-Quadruped/camera_images_plane/frame_0176.png
177,0.1902247000640953,0.5687110508003748,-0.5687110508003748,-0.1902247000640953,0.88310931296482,0.08204247259053676,-0.08204247259053676,-0.88310931296482,0.16553595628561613,0.00365066501024599,0.025115075134270862,-0.10900728,0.035276312,0.013472937,[ 0.00738296  0.24095927 -0.0632541 ],/home/rastic/adil_RL/isaac-sim-standalone@4.5.0-rc.36+release.19112.f59b3005.gl.linux-x86_64.release/SE952--Bittle-Quadruped/camera_images_plane/frame_0177.png
178,0.5221798616180173,0.09704794384653437,-0.09704794384653437,-0.5221798616180173,1.1194355707980126,0.5172405673987335,-0.5172405673987335,-1.1194355707980126,0.16416388638456103,0.0042260293910202475,0.025189634154653657,-0.09199093,0.011340113,-0.008458739,[-0.00070217  0.27559426 -0.07309636],/home/rastic/adil_RL/isaac-sim-standalone@4.5.0-rc.36+release.19112.f59b3005.gl.linux-x86_64.release/SE952--Bittle-Quadruped/camera_images_plane/frame_0178.png
179,0.47334149993602015,-0.4688167933400613,0.4688167933400613,-0.47334149993602015,1.5705177987175611,1.570517256531408,-1.570517256531408,-1.5705177987175611,0.16223090207838828,0.004488994542586331,0.02553208047285428,-0.06038934,-0.021380702,0.046048675,[-0.00145684  0.14530738 -0.01392939],/home/rastic/adil_RL/isaac-sim-standalone@4.5.0-rc.36+release.19112.f59b3005.gl.linux-x86_64.release/SE952--Bittle-Quadruped/camera_images_plane/frame_0179.png
180,0.9586695991945771,-0.4289071835255984,0.4289071835255984,-0.9586695991945771,0.4246071414770687,1.5705120344234746,-1.5705120344234746,-0.4246071414770689,0.16081467866550958,0.004073571969670927,0.026326140014010013,0.008476645,-0.08800242,0.044858754,[-0.01167941  0.20614412 -0.03739085],/home/rastic/adil_RL/isaac-sim-standalone@4.5.0-rc.36+release.19112.f59b3005.gl.linux-x86_64.release/SE952--Bittle-Quadruped/camera_images_plane/frame_0180.png
181,0.8357412531332786,0.16967807250973133,-0.16967807250973133,-0.8357412531332786,0.04828779705381692,0.8957747693669886,-0.8957747693669884,-0.04828779705381692,0.1606160536113727,0.0031262270340382866,0.02719484992544549,0.04638056,0.0019228642,-0.0022961288,[-0.01794724  0.14677794  0.04771115],/home/rastic/adil_RL/isaac-sim-standalone@4.5.0-rc.36+release.19112.f59b3005.gl.linux-x86_64.release/SE952--Bittle-Quadruped/camera_images_plane/frame_0181.png
182,0.4074461672309643,0.5255506087011821,-0.525550608701183,-0.4074461672309643,0.1839039423791834,1.084483643258322,-1.0844836432583203,-0.1839039423791834,0.16075863883372526,0.003367555406203232,0.027180843983518724,0.061603107,-0.008574603,0.03095452,[-0.01824528  0.23524256  0.0137368 ],/home/rastic/adil_RL/isaac-sim-standalone@4.5.0-rc.36+release.19112.f59b3005.gl.linux-x86_64.release/SE952--Bittle-Quadruped/camera_images_plane/frame_0182.png
183,-0.41967276559409394,0.47284325086092815,-0.47284325086092815,0.41967276559409417,1.570510861752627,1.5705177576404057,-1.5705177576404061,-1.5705108617526273,0.16182639967182394,0.0030727551243930453,0.027564998497760805,0.19700713,-0.01850117,-0.03232924,[-0.01950792  0.31163752  0.08870746],/home/rastic/adil_RL/isaac-sim-standalone@4.5.0-rc.36+release.19112.f59b3005.gl.linux-x86_64.release/SE952--Bittle-Quadruped/camera_images_plane/frame_0183.png
184,-0.4706110667973338,0.9628967414004841,-0.9628967414004841,0.4706110667973338,1.5705174967285462,0.3967234702993707,-0.3967234702993707,-1.5705174967285462,0.16427240154490433,0.002776723663604298,0.026563303610352123,0.04006959,0.0006470755,-0.04646405,[-0.00337496  0.23904939  0.02421953],/home/rastic/adil_RL/isaac-sim-standalone@4.5.0-rc.36+release.19112.f59b3005.gl.linux-x86_64.release/SE952--Bittle-Quadruped/camera_images_plane/frame_0184.png
185,-0.09921679723912913,0.7501973730715917,-0.7501973730715917,0.09921679723912913,1.1449275969503525,0.03454342638402019,-0.03454342638402019,-1.1449275969503525,0.16485711237860104,0.0030562133608115073,0.02606201588713467,0.08900848,0.04066258,-0.00553286,[0.02034211 0.16584875 0.06820998],/home/rastic/adil_RL/isaac-sim-standalone@4.5.0-rc.36+release.19112.f59b3005.gl.linux-x86_64.release/SE952--Bittle-Quadruped/camera_images_plane/frame_0185.png
186,0.4830562154596658,0.3329657252620717,-0.33296572526207147,-0.4830562154596658,0.8779780447331611,0.24749687928961228,-0.2474968792896125,-0.8779780447331611,0.16575586270155954,0.0038798560406054896,0.026004857517575898,-0.013139341,0.09179881,0.037757374,[ 0.03537711  0.21241888 -0.03769046],/home/rastic/adil_RL/isaac-sim-standalone@4.5.0-rc.36+release.19112.f59b3005.gl.linux-x86_64.release/SE952--Bittle-Quadruped/camera_images_plane/frame_0186.png
187,0.44615597838506194,-0.43455835305050616,0.43455835305050616,-0.44615597838506194,1.570514224529835,1.5705127590137695,-1.5705127590137695,-1.570514224529835,0.16632619483253855,0.00548773126221919,0.026650564860025767,0.13586055,0.123662785,0.12867016,[-0.00958911  0.3433261   0.04691007],/home/rastic/adil_RL/isaac-sim-standalone@4.5.0-rc.36+release.19112.f59b3005.gl.linux-x86_64.release/SE952--Bittle-Quadruped/camera_images_plane/frame_0187.png
188,0.8671782125136602,-0.46715154569821915,0.46715154569821915,-0.8671782125136598,0.7434059139060072,1.5705170339978172,-1.5705170339978172,-0.7434059139060079,0.16677922538079323,0.0051189521368799895,0.028839271411208414,0.02448259,-0.037235763,0.061507206,[-0.01996445  0.27744418  0.00368941],/home/rastic/adil_RL/isaac-sim-standalone@4.5.0-rc.36+release.19112.f59b3005.gl.linux-x86_64.release/SE952--Bittle-Quadruped/camera_images_plane/frame_0188.png
189,0.9064783295749319,-0.05557939805553613,0.05557939805553613,-0.9064783295749319,0.09546218776626358,1.0943982034088846,-1.0943982034088846,-0.09546218776626358,0.1673477511218955,0.004205812060899129,0.02987216018156667,0.01661099,-0.029689718,-0.0034815671,[-0.02648173  0.24752662  0.00717565],/home/rastic/adil_RL/isaac-sim-standalone@4.5.0-rc.36+release.19112.f59b3005.gl.linux-x86_64.release/SE952--Bittle-Quadruped/camera_images_plane/frame_0189.png
190,0.5623554805964748,0.49436372198950806,-0.49436372198950784,-0.5623554805964748,0.08509124000141632,0.8947940392844094,-0.8947940392844096,-0.08509124000141632,0.16714478422465653,0.0036906320564666054,0.029807514656316893,-0.08414583,-0.006971927,0.015830996,[-0.00785669  0.2533079  -0.0570483 ],/home/rastic/adil_RL/isaac-sim-standalone@4.5.0-rc.36+release.19112.f59b3005.gl.linux-x86_64.release/SE952--Bittle-Quadruped/camera_images_plane/frame_0190.png
191,0.0713622940590255,0.45073466051082534,-0.45073466051082534,-0.0713622940590255,0.5529769281528226,1.5705148233744066,-1.5705148233744066,-0.5529769281528226,0.16560384262539354,0.003509630669176126,0.02975476797684083,0.0710226,-0.024559554,0.0046300367,[-0.02654926  0.38051975  0.02781392],/home/rastic/adil_RL/isaac-sim-standalone@4.5.0-rc.36+release.19112.f59b3005.gl.linux-x86_64.release/SE952--Bittle-Quadruped/camera_images_plane/frame_0191.png
192,-0.4714383506426627,0.8782543278755168,-0.8782543278755166,0.4714383506426627,1.570517607622105,0.7134457534122625,-0.7134457534122629,-1.5705176076221048,0.16650890908423416,0.0030174580558038422,0.02952383411372296,-0.06280014,0.024657529,0.0016088784,[-0.0136965   0.2493953   0.00224779],/home/rastic/adil_RL/isaac-sim-standalone@4.5.0-rc.36+release.19112.f59b3005.gl.linux-x86_64.release/SE952--Bittle-Quadruped/camera_images_plane/frame_0192.png
193,-0.41339146587537745,0.9015245107338433,-0.9015245107338433,0.41339146587537745,1.5705100724013177,0.09029670161805736,-0.09029670161805736,-1.5705100724013177,0.16541143379420808,0.002862112080434254,0.02933627458783187,-0.015465353,0.035829425,-0.016316323,[0.01944065 0.1895405  0.00551452],/home/rastic/adil_RL/isaac-sim-standalone@4.5.0-rc.36+release.19112.f59b3005.gl.linux-x86_64.release/SE952--Bittle-Quadruped/camera_images_plane/frame_0193.png
194,0.22713191219781992,0.5554313584423509,-0.5554313584423509,-0.22713191219781992,0.86296575306397,0.08850694704348439,-0.08850694704348439,-0.86296575306397,0.1654041016313233,0.0038034288178434477,0.02907490365080958,-0.0462659,0.062219676,-0.014948307,[ 0.02828215  0.2194146  -0.06625719],/home/rastic/adil_RL/isaac-sim-standalone@4.5.0-rc.36+release.19112.f59b3005.gl.linux-x86_64.release/SE952--Bittle-Quadruped/camera_images_plane/frame_0194.png
195,0.5128022834003554,0.08238701113249758,-0.08238701113249758,-0.5128022834003552,1.178776845059064,0.5374836943887841,-0.5374836943887841,-1.1787768450590643,0.1650328442637644,0.005529498919440846,0.029211355329048963,-0.034622066,0.013509145,-0.02423174,[ 0.00561658  0.29656893 -0.03685119],/home/rastic/adil_RL/isaac-sim-standalone@4.5.0-rc.36+release.19112.f59b3005.gl.linux-x86_64.release/SE952--Bittle-Quadruped/camera_images_plane/frame_0195.png
196,0.4777260965312857,-0.4699072954789001,0.4699072954789001,-0.4777260965312857,1.5705151446670462,1.5705174024637205,-1.5705174024637205,-1.5705151446670462,0.16344102964392163,0.004769069525462228,0.028643154508115377,-0.11121223,0.008664511,0.0078121894,[ 0.000555    0.16777566 -0.00756661],/home/rastic/adil_RL/isaac-sim-standalone@4.5.0-rc.36+release.19112.f59b3005.gl.linux-x86_64.release/SE952--Bittle-Quadruped/camera_images_plane/frame_0196.png
197,0.9541051818273665,-0.42469765956368066,0.42469765956368066,-0.9541051818273665,0.4500746043423989,1.5705114980859933,-1.5705114980859933,-0.4500746043423989,0.16171138907403235,0.0047444264513426815,0.029191147520506014,0.0031733029,-0.079529576,0.050891094,[-0.02518767  0.22105236 -0.04260622],/home/rastic/adil_RL/isaac-sim-standalone@4.5.0-rc.36+release.19112.f59b3005.gl.linux-x86_64.release/SE952--Bittle-Quadruped/camera_images_plane/frame_0197.png
198,0.8790221688851847,0.1844711958686096,-0.1844711958686096,-0.8790221688851847,0.0711749585967908,0.8865544739297495,-0.8865544739297495,-0.0711749585967908,0.1618321072023673,0.0030729302138637012,0.02983574562671347,0.09577176,-0.008260699,-0.007780656,[-0.01580109  0.16088231  0.04641149],/home/rastic/adil_RL/isaac-sim-standalone@4.5.0-rc.36+release.19112.f59b3005.gl.linux-x86_64.release/SE952--Bittle-Quadruped/camera_images_plane/frame_0198.png
199,0.46490190776224016,0.5243620662155,-0.5243620662155,-0.46490190776224016,0.14189805718735338,1.0990390087585882,-1.0990390087585882,-0.14189805718735338,0.16179625318543023,0.003286711968292325,0.029792736219173502,0.08733389,-0.0082140025,0.059834626,[-0.01836271  0.24360096  0.01254123],/home/rastic/adil_RL/isaac-sim-standalone@4.5.0-rc.36+release.19112.f59b3005.gl.linux-x86_64.release/SE952--Bittle-Quadruped/camera_images_plane/frame_0199.png
200,-0.02762102995029503,0.47305456592729245,-0.47305456592729245,0.02762102995029525,0.7024398078581227,1.5705177860124526,-1.5705177860124522,-0.7024398078581229,0.16283527398561295,0.0030429179707443187,0.030437215449793983,0.17081916,-0.0137002915,0.0058755735,[-0.01835612  0.33104798  0.08592908],/home/rastic/adil_RL/isaac-sim-standalone@4.5.0-rc.36+release.19112.f59b3005.gl.linux-x86_64.release/SE952--Bittle-Quadruped/camera_images_plane/frame_0200.png
201,-0.4726187159229551,0.9640696164863919,-0.9640696164863919,0.4726187159229551,1.5705177660031762,0.3877712658716036,-0.3877712658716038,-1.5705177660031762,0.1653532153016284,0.0027444613625316606,0.030127450142409997,0.010313205,0.053933,0.011778205,[-0.00458301  0.23129727  0.02449203],/home/rastic/adil_RL/isaac-sim-standalone@4.5.0-rc.36+release.19112.f59b3005.gl.linux-x86_64.release/SE952--Bittle-Quadruped/camera_images_plane/frame_0201.png
202,-0.15757631185392862,0.7458675306052399,-0.7458675306052399,0.15757631185392862,1.2188502135360164,0.03462871877417273,-0.03462871877417273,-1.2188502135360164,0.16561584677012495,0.0028427544619701955,0.030107431407674225,0.04815346,0.04126937,0.0041980105,[0.03888832 0.16477896 0.04986782],/home/rastic/adil_RL/isaac-sim-standalone@4.5.0-rc.36+release.19112.f59b3005.gl.linux-x86_64.release/SE952--Bittle-Quadruped/camera_images_plane/frame_0202.png
203,0.4635689182151901,0.32898346581993854,-0.32898346581993854,-0.4635689182151901,0.8572990786456844,0.25118625937187233,-0.25118625937187233,-0.8572990786456844,0.1663913563658509,0.003813958892908712,0.030142450830507074,-0.0063489564,0.033891104,0.016734973,[ 0.02727539  0.23166451 -0.02769093],/home/rastic/adil_RL/isaac-sim-standalone@4.5.0-rc.36+release.19112.f59b3005.gl.linux-x86_64.release/SE952--Bittle-Quadruped/camera_images_plane/frame_0203.png
204,0.4366998128879054,-0.4348316590348711,0.4348316590348711,-0.4366998128879054,1.5705129979365462,1.5705127941878014,-1.5705127941878014,-1.5705129979365462,0.1664642583633748,0.004559794875030061,0.030559674062924022,0.20258245,0.047199886,0.11458236,[-0.00490314  0.31966716  0.05145272],/home/rastic/adil_RL/isaac-sim-standalone@4.5.0-rc.36+release.19112.f59b3005.gl.linux-x86_64.release/SE952--Bittle-Quadruped/camera_images_plane/frame_0204.png
205,0.8360552037423918,-0.4672361819781745,0.4672361819781745,-0.8360552037423918,0.8229245587224634,1.5705170452989627,-1.5705170452989627,-0.8229245587224636,0.16799904515441352,0.004841367068978201,0.03232642612235941,0.046082355,-0.047431163,0.041283168,[-0.01548666  0.26225537  0.00362525],/home/rastic/adil_RL/isaac-sim-standalone@4.5.0-rc.36+release.19112.f59b3005.gl.linux-x86_64.release/SE952--Bittle-Quadruped/camera_images_plane/frame_0205.png
206,0.9257094764230298,-0.05847989036638035,0.05847989036638035,-0.9257094764230298,0.12011625960887407,1.097634534625973,-1.097634534625973,-0.12011625960887407,0.16822941793825494,0.004125495036508896,0.03250414341105195,0.008027678,-0.04900741,-0.015208554,[-0.0317346   0.23851494  0.00478016],/home/rastic/adil_RL/isaac-sim-standalone@4.5.0-rc.36+release.19112.f59b3005.gl.linux-x86_64.release/SE952--Bittle-Quadruped/camera_images_plane/frame_0206.png
207,0.6032582147652817,0.4929372256297806,-0.4929372256297806,-0.6032582147652817,0.06694916067571999,0.8924056211086113,-0.8924056211086113,-0.06694916067571999,0.16803609221812055,0.003523407809205854,0.03216159283878098,-0.13525084,0.02737855,0.026726808,[ 0.00839625  0.23216142 -0.05023196],/home/rastic/adil_RL/isaac-sim-standalone@4.5.0-rc.36+release.19112.f59b3005.gl.linux-x86_64.release/SE952--Bittle-Quadruped/camera_images_plane/frame_0207.png
208,0.1110153511591756,0.44975872410002227,-0.44975872410002227,-0.1110153511591756,0.49833737821071444,1.5705146954678701,-1.5705146954678701,-0.49833737821071444,0.16632435315146865,0.00350907559750365,0.03214625362833331,0.0509608,-0.023091773,0.008517994,[-0.03130652  0.37581813  0.03341725],/home/rastic/adil_RL/isaac-sim-standalone@4.5.0-rc.36+release.19112.f59b3005.gl.linux-x86_64.release/SE952--Bittle-Quadruped/camera_images_plane/frame_0208.png
209,-0.4692607408272518,0.8739676574289357,-0.8739676574289357,0.4692607408272518,1.570517315921562,0.725165252473386,-0.725165252473386,-1.5705173159215617,0.1676807598147739,0.002702391503170967,0.03176323611695245,-0.049964245,0.01314114,-0.0047933822,[-0.0133438   0.2524872   0.00389999],/home/rastic/adil_RL/isaac-sim-standalone@4.5.0-rc.36+release.19112.f59b3005.gl.linux-x86_64.release/SE952--Bittle-Quadruped/camera_images_plane/frame_0209.png
210,-0.4232008088388466,0.905689108755247,-0.905689108755247,0.4232008088388466,1.5705113080840787,0.09461181628514503,-0.09461181628514503,-1.570511308084079,0.16681345892998176,0.002592437079156489,0.03152834813276564,0.048298225,0.07312659,-0.028323136,[0.01931559 0.19206679 0.00500654],/home/rastic/adil_RL/isaac-sim-standalone@4.5.0-rc.36+release.19112.f59b3005.gl.linux-x86_64.release/SE952--Bittle-Quadruped/camera_images_plane/frame_0210.png
211,0.19704169191591636,0.5643144029730892,-0.5643144029730892,-0.19704169191591636,0.8791313952884545,0.0841426887580522,-0.0841426887580522,-0.8791313952884545,0.16664911173128852,0.0036021800381956215,0.0312728237900943,-0.03421861,0.054016232,-0.033439286,[ 0.02898183  0.22116494 -0.06146709],/home/rastic/adil_RL/isaac-sim-standalone@4.5.0-rc.36+release.19112.f59b3005.gl.linux-x86_64.release/SE952--Bittle-Quadruped/camera_images_plane/frame_0211.png
212,0.5208783630494638,0.09246023330858333,-0.09246023330858333,-0.5208783630494638,1.1296204513923636,0.5235308654401696,-0.5235308654401696,-1.1296204513923636,0.1660487835763046,0.005218491360677126,0.031372431762064855,-0.072411716,0.009889826,-0.018078282,[-0.00309046  0.26217213 -0.06273658],/home/rastic/adil_RL/isaac-sim-standalone@4.5.0-rc.36+release.19112.f59b3005.gl.linux-x86_64.release/SE952--Bittle-Quadruped/camera_images_plane/frame_0212.png
213,0.4742319231665828,-0.4691569430981819,0.4691569430981819,-0.4742319231665828,1.5705173277536528,1.570517302033375,-1.570517302033375,-1.5705173277536528,0.16412850061323636,0.004853591752720553,0.03121033586629102,-0.059717692,-0.03368479,0.04878922,[-0.0111312   0.1367346  -0.01211789],/home/rastic/adil_RL/isaac-sim-standalone@4.5.0-rc.36+release.19112.f59b3005.gl.linux-x86_64.release/SE952--Bittle-Quadruped/camera_images_plane/frame_0213.png
214,0.9448735452728863,-0.42773406748179466,0.42773406748179466,-0.9448735452728863,0.493775882141839,1.5705118846609936,-1.5705118846609936,-0.493775882141839,0.16248291349585847,0.004418509022747524,0.031756721292582904,-0.01265916,-0.03806345,0.06806111,[-0.02660284  0.20492369 -0.03741673],/home/rastic/adil_RL/isaac-sim-standalone@4.5.0-rc.36+release.19112.f59b3005.gl.linux-x86_64.release/SE952--Bittle-Quadruped/camera_images_plane/frame_0214.png
215,0.897019088289568,0.1733015868901735,-0.1733015868901735,-0.897019088289568,0.0859333262600196,0.8934685865659855,-0.8934685865659855,-0.0859333262600196,0.16235993985017766,0.003095720716991277,0.032487205045923256,0.061521295,-0.0073483638,-0.0019527387,[-0.01903843  0.157442    0.04738607],/home/rastic/adil_RL/isaac-sim-standalone@4.5.0-rc.36+release.19112.f59b3005.gl.linux-x86_64.release/SE952--Bittle-Quadruped/camera_images_plane/frame_0215.png
216,0.49731879374294796,0.5256551461968111,-0.5256551461968111,-0.49731879374294774,0.12094929295403145,1.082976740207031,-1.082976740207031,-0.12094929295403156,0.16235562604653056,0.0031636314619190517,0.0323607047491448,0.037415527,-0.004954636,0.060502663,[-0.02003201  0.22346899  0.00869227],/home/rastic/adil_RL/isaac-sim-standalone@4.5.0-rc.36+release.19112.f59b3005.gl.linux-x86_64.release/SE952--Bittle-Quadruped/camera_images_plane/frame_0216.png
217,0.003849102730595355,0.47273038084795616,-0.47273038084795616,-0.003849102730595355,0.6529118011584842,1.5705177424884402,-1.5705177424884402,-0.6529118011584842,0.16322688777711852,0.002955284778944979,0.033155163185543235,0.15125313,-0.02604471,0.006914338,[-0.02466957  0.33047193  0.08119792],/home/rastic/adil_RL/isaac-sim-standalone@4.5.0-rc.36+release.19112.f59b3005.gl.linux-x86_64.release/SE952--Bittle-Quadruped/camera_images_plane/frame_0217.png
218,-0.47300717343461085,0.9616045257448483,-0.9616045257448487,0.47300717343461085,1.5705178181669033,0.4058645269817177,-0.40586452698171716,-1.5705178181669033,0.16575076429880012,0.0026158256951088923,0.03302009763395017,0.013376182,0.017706754,-0.010164449,[-0.01063901  0.22072059  0.02602042],/home/rastic/adil_RL/isaac-sim-standalone@4.5.0-rc.36+release.19112.f59b3005.gl.linux-x86_64.release/SE952--Bittle-Quadruped/camera_images_plane/frame_0218.png
219,-0.19967638484232553,0.758951453075642,-0.758951453075642,0.19967638484232553,1.2769773128954836,0.034567072462295956,-0.034567072462295956,-1.2769773128954836,0.16588285031487993,0.0025991780146624984,0.032803859375620956,0.14439343,0.06652379,-0.021813873,[0.03263848 0.15124926 0.05474043],/home/rastic/adil_RL/isaac-sim-standalone@4.5.0-rc.36+release.19112.f59b3005.gl.linux-x86_64.release/SE952--Bittle-Quadruped/camera_images_plane/frame_0219.png
220,0.44702373143945584,0.3453142804661765,-0.3453142804661763,-0.44702373143945584,0.8451522630641195,0.23624316079201535,-0.23624316079201568,-0.8451522630641195,0.16673057200544736,0.00357525183670064,0.03258846404985548,0.07426256,0.10418014,-0.016023,[ 0.04943962  0.20168611 -0.04059938],/home/rastic/adil_RL/isaac-sim-standalone@4.5.0-rc.36+release.19112.f59b3005.gl.linux-x86_64.release/SE952--Bittle-Quadruped/camera_images_plane/frame_0220.png
221,0.42873025033423673,-0.4309982831727075,0.4309982831727077,-0.42873025033423673,1.5705119751919472,1.5705123019381595,-1.57051230193816,-1.5705119751919472,0.16772095398971137,0.0057847757286951995,0.03305407633978881,0.22215322,0.08064795,0.104259394,[-0.00761178  0.34897643  0.06414771],/home/rastic/adil_RL/isaac-sim-standalone@4.5.0-rc.36+release.19112.f59b3005.gl.linux-x86_64.release/SE952--Bittle-Quadruped/camera_images_plane/frame_0221.png
222,0.8087950203077992,-0.46865970506157995,0.46865970506157995,-0.8087950203077992,0.8884292667409446,1.5705172355229486,-1.5705172355229486,-0.8884292667409446,0.16845010064404276,0.005497494464040575,0.03458530444458458,0.03926391,-0.10146004,0.003977619,[-0.02304609  0.2544178  -0.00221757],/home/rastic/adil_RL/isaac-sim-standalone@4.5.0-rc.36+release.19112.f59b3005.gl.linux-x86_64.release/SE952--Bittle-Quadruped/camera_images_plane/frame_0222.png
223,0.9383748378986352,-0.07824721294525316,0.07824721294525316,-0.9383748378986352,0.14210093308201777,1.1201520453867557,-1.1201520453867555,-0.14210093308201777,0.16909813251240638,0.004567299550482243,0.03494733295295922,0.03926859,-0.12323973,0.022193367,[-0.06201736  0.22121021 -0.03318749],/home/rastic/adil_RL/isaac-sim-standalone@4.5.0-rc.36+release.19112.f59b3005.gl.linux-x86_64.release/SE952--Bittle-Quadruped/camera_images_plane/frame_0223.png
224,0.6350453258502322,0.486418469416787,-0.486418469416787,-0.6350453258502322,0.05535440920432644,0.8825130093385685,-0.8825130093385682,-0.05535440920432644,0.16988470042903533,0.0021858540075006846,0.03489549950604934,-0.111716606,-0.008247536,0.035225824,[-0.01126818  0.21181327 -0.06201306],/home/rastic/adil_RL/isaac-sim-standalone@4.5.0-rc.36+release.19112.f59b3005.gl.linux-x86_64.release/SE952--Bittle-Quadruped/camera_images_plane/frame_0224.png
225,0.143354687782977,0.4462411524702481,-0.44624115247024765,-0.143354687782977,0.45600012734479967,1.5705142356408226,-1.5705142356408235,-0.45600012734479967,0.16728705134933156,0.0029995400268713573,0.03580369236990899,0.11861232,-0.027383855,-0.0036749486,[-0.03086109  0.36889902  0.02888986],/home/rastic/adil_RL/isaac-sim-standalone@4.5.0-rc.36+release.19112.f59b3005.gl.linux-x86_64.release/SE952--Bittle-Quadruped/camera_images_plane/frame_0225.png
226,-0.46674122085121605,0.8611862944490554,-0.8611862944490554,0.46674122085121605,1.5705169792226896,0.7592050726681774,-0.7592050726681774,-1.5705169792226896,0.1683231599718765,0.0024115517826705335,0.03562225402660591,-0.033910178,0.0017128405,-0.0038349421,[-0.01468833  0.23721707  0.02389422],/home/rastic/adil_RL/isaac-sim-standalone@4.5.0-rc.36+release.19112.f59b3005.gl.linux-x86_64.release/SE952--Bittle-Quadruped/camera_images_plane/frame_0226.png
227,-0.43081185431525104,0.915370288680856,-0.915370288680856,0.43081185431525104,1.5705122780592644,0.10584298819267335,-0.10584298819267335,-1.5705122780592644,0.16773974742184053,0.002272739169058294,0.03526464610846884,0.008567758,0.05134763,-0.019030746,[0.01497343 0.17850839 0.01287976],/home/rastic/adil_RL/isaac-sim-standalone@4.5.0-rc.36+release.19112.f59b3005.gl.linux-x86_64.release/SE952--Bittle-Quadruped/camera_images_plane/frame_0227.png
228,0.1705527444933561,0.5847916039137158,-0.5847916039137158,-0.1705527444933561,0.8952152755661822,0.07470294094888486,-0.07470294094888486,-0.8952152755661822,0.16765303511197627,0.003202310182869935,0.03505323484411229,-0.10337413,0.026137456,0.0066537634,[ 0.02241809  0.20333466 -0.04898871],/home/rastic/adil_RL/isaac-sim-standalone@4.5.0-rc.36+release.19112.f59b3005.gl.linux-x86_64.release/SE952--Bittle-Quadruped/camera_images_plane/frame_0228.png
229,0.5249981858660717,0.11363822481284003,-0.11363822481284003,-0.5249981858660717,1.0917382548039383,0.4948292264413089,-0.4948292264413088,-1.0917382548039385,0.16686987260832709,0.004477154985381192,0.03522095222016125,-0.07849569,0.047961164,0.01635257,[ 0.00617305  0.23585728 -0.06964458],/home/rastic/adil_RL/isaac-sim-standalone@4.5.0-rc.36+release.19112.f59b3005.gl.linux-x86_64.release/SE952--Bittle-Quadruped/camera_images_plane/frame_0229.png
230,0.4731435173967182,-0.46749078392671706,0.46749078392671706,-0.4731435173967182,1.5705177979572258,1.5705170793008576,-1.5705170793008576,-1.5705177979572258,0.16514214847193856,0.0050037735330676686,0.0358758353879714,-0.06921281,-0.036852103,0.051498625,[-0.00166255  0.11656817 -0.01155539],/home/rastic/adil_RL/isaac-sim-standalone@4.5.0-rc.36+release.19112.f59b3005.gl.linux-x86_64.release/SE952--Bittle-Quadruped/camera_images_plane/frame_0230.png
231,0.9662690523196444,-0.43289588365685083,0.43289588365685083,-0.9662690523196444,0.36848724636476615,1.5705125453152358,-1.5705125453152358,-0.3684872463647664,0.16363680888480797,0.0043909024911871946,0.03670712040000407,0.0063516246,-0.103369474,0.046765298,[-0.012865    0.18764105 -0.0348124 ],/home/rastic/adil_RL/isaac-sim-standalone@4.5.0-rc.36+release.19112.f59b3005.gl.linux-x86_64.release/SE952--Bittle-Quadruped/camera_images_plane/frame_0231.png
232,0.7223718024323039,0.15550344783807324,-0.15550344783807324,-0.7223718024323039,0.03614865910394416,0.9050883796318869,-0.9050883796318869,-0.03614865910394416,0.16339160411638226,0.003188540508304891,0.037575377692304526,0.015089044,-0.021563169,-0.00461751,[-0.02473798  0.12007333  0.04585048],/home/rastic/adil_RL/isaac-sim-standalone@4.5.0-rc.36+release.19112.f59b3005.gl.linux-x86_64.release/SE952--Bittle-Quadruped/camera_images_plane/frame_0232.png
233,0.2946299451175737,0.5261152961135434,-0.5261152961135434,-0.2946299451175738,0.28423343880992213,1.0755930845929562,-1.0755930845929562,-0.284233438809922,0.16325386439432713,0.0031154078070020305,0.037540971354234995,0.03850065,-0.015922764,0.024156857,[-0.02629795  0.1986747   0.00025965],/home/rastic/adil_RL/isaac-sim-standalone@4.5.0-rc.36+release.19112.f59b3005.gl.linux-x86_64.release/SE952--Bittle-Quadruped/camera_images_plane/frame_0233.png
234,-0.4441869890939585,0.47272664639141526,-0.47272664639141526,0.4441869890939587,1.5705140053177828,1.570517741987146,-1.570517741987146,-1.570514005317783,0.16393109119883112,0.002771806028655291,0.03781431887763456,0.11690922,-0.0014153626,-0.04891265,[0.00104886 0.20465961 0.04532974],/home/rastic/adil_RL/isaac-sim-standalone@4.5.0-rc.36+release.19112.f59b3005.gl.linux-x86_64.release/SE952--Bittle-Quadruped/camera_images_plane/frame_0234.png
235,-0.4616198201900652,0.9629145923882089,-0.9629145923882091,0.4616198201900652,1.570516297516118,0.3965923292599939,-0.39659232925999366,-1.570516297516118,0.1654082897222142,0.0026268798335568845,0.03693862247621183,0.018032871,0.044479214,0.008281203,[0.01210539 0.2128119  0.01099085],/home/rastic/adil_RL/isaac-sim-standalone@4.5.0-rc.36+release.19112.f59b3005.gl.linux-x86_64.release/SE952--Bittle-Quadruped/camera_images_plane/frame_0235.png
236,0.004653597456921954,0.7464831918409253,-0.7464831918409253,-0.004653597456921954,1.03105952974778,0.03461275570861089,-0.03461275570861089,-1.03105952974778,0.16554149256419654,0.0032981328389262185,0.03754773720051181,0.07058435,0.04937074,0.021852944,[0.01768334 0.135093   0.0672248 ],/home/rastic/adil_RL/isaac-sim-standalone@4.5.0-rc.36+release.19112.f59b3005.gl.linux-x86_64.release/SE952--Bittle-Quadruped/camera_images_plane/frame_0236.png
237,0.5118203992582309,0.32592201018912625,-0.32592201018912603,-0.5118203992582309,0.9341456798631169,0.2540425217466268,-0.254042521746627,-0.9341456798631169,0.16601162750024054,0.003957326608311847,0.038233256257169175,-0.02854182,0.06458308,0.050788596,[ 0.02371125  0.18117642 -0.02584927],/home/rastic/adil_RL/isaac-sim-standalone@4.5.0-rc.36+release.19112.f59b3005.gl.linux-x86_64.release/SE952--Bittle-Quadruped/camera_images_plane/frame_0237.png
238,0.4607579687594958,-0.4370812898818377,0.4370812898818377,-0.4607579687594958,1.5705161451204082,1.5705130841647197,-1.5705130841647197,-1.5705161451204082,0.1661083108982893,0.004966725992004881,0.03908456995113994,0.14591932,0.09550692,0.09607771,[-0.01828813  0.2799628   0.06122046],/home/rastic/adil_RL/isaac-sim-standalone@4.5.0-rc.36+release.19112.f59b3005.gl.linux-x86_64.release/SE952--Bittle-Quadruped/camera_images_plane/frame_0238.png
239,0.9160600721131658,-0.4657575045768163,0.4657575045768163,-0.9160600721131658,0.6007466455829122,1.5705168479985359,-1.5705168479985359,-0.6007466455829122,0.1677115979236031,0.004934580068087204,0.04082453693032124,0.053414475,-0.037968434,0.029352657,[-0.02854623  0.24851142  0.02270045],/home/rastic/adil_RL/isaac-sim-standalone@4.5.0-rc.36+release.19112.f59b3005.gl.linux-x86_64.release/SE952--Bittle-Quadruped/camera_images_plane/frame_0239.png
240,0.8578797289803421,-0.03659045744773026,0.03659045744773026,-0.8578797289803421,0.05814878402437318,1.0736354166171989,-1.0736354166171989,-0.05814878402437318,0.16856274275741262,0.004262156650381612,0.04131761242741449,0.109580174,-0.08369073,-0.0071756914,[-0.07108144  0.18285777  0.02761248],/home/rastic/adil_RL/isaac-sim-standalone@4.5.0-rc.36+release.19112.f59b3005.gl.linux-x86_64.release/SE952--Bittle-Quadruped/camera_images_plane/frame_0240.png
241,0.47739587462226385,0.5007322455481471,-0.5007322455481471,-0.47739587462226385,0.13358653457686331,0.9066650084903867,-0.9066650084903867,-0.13358653457686331,0.16954741388759315,0.0029233374826615546,0.040900564704583114,0.0011472641,-0.065847814,-0.011861762,[-0.04131671  0.24302548 -0.04167241],/home/rastic/adil_RL/isaac-sim-standalone@4.5.0-rc.36+release.19112.f59b3005.gl.linux-x86_64.release/SE952--Bittle-Quadruped/camera_images_plane/frame_0241.png
242,-0.010054071254803176,0.45446411026141176,-0.45446411026141176,0.01005407125480251,0.6745642100043425,1.5705153134578533,-1.5705153134578533,-0.6745642100043414,0.1685235975200241,0.0031679381519159424,0.04094957931869585,0.13976069,-0.027773274,-0.004645856,[-0.02058276  0.34632635  0.06369504],/home/rastic/adil_RL/isaac-sim-standalone@4.5.0-rc.36+release.19112.f59b3005.gl.linux-x86_64.release/SE952--Bittle-Quadruped/camera_images_plane/frame_0242.png
243,-0.47299357019619626,0.8927345855926618,-0.8927345855926618,0.47299357019619626,1.570517816339864,0.6725111578773051,-0.6725111578773051,-1.570517816339864,0.17040919648473762,0.0028786263603582133,0.040620899371660205,-0.006446805,0.05541003,0.0029963665,[-0.00447966  0.24936116  0.0098777 ],/home/rastic/adil_RL/isaac-sim-standalone@4.5.0-rc.36+release.19112.f59b3005.gl.linux-x86_64.release/SE952--Bittle-Quadruped/camera_images_plane/frame_0243.png
244,-0.20038678548425648,0.8869295014797286,-0.8869295014797286,0.20038678548425648,1.2779947560160316,0.07717818188886771,-0.07717818188886771,-1.2779947560160316,0.17026074276641476,0.002988284011787836,0.040475990649728066,0.01749148,0.06460744,-0.017930709,[0.03950663 0.1827856  0.01312314],/home/rastic/adil_RL/isaac-sim-standalone@4.5.0-rc.36+release.19112.f59b3005.gl.linux-x86_64.release/SE952--Bittle-Quadruped/camera_images_plane/frame_0244.png
245,0.446157277373852,0.5281870138680311,-0.5281870138680311,-0.446157277373852,0.8446205307079231,0.10288589810949245,-0.10288589810949245,-0.8446205307079231,0.17069942054772,0.0043766815244875475,0.04030248191748883,-0.0028189346,0.08525078,-0.029303797,[ 0.04739471  0.2119239  -0.05221744],/home/rastic/adil_RL/isaac-sim-standalone@4.5.0-rc.36+release.19112.f59b3005.gl.linux-x86_64.release/SE952--Bittle-Quadruped/camera_images_plane/frame_0245.png
246,0.4267758744958916,0.04272832401730153,-0.04272832401730131,-0.4267758744958916,1.5705117259681451,0.5943019158979123,-0.5943019158979125,-1.570511725968145,0.17097849489997655,0.006495844620987036,0.04027949487652093,0.15953144,0.015129197,0.028634366,[-0.01825983  0.40595302  0.03761371],/home/rastic/adil_RL/isaac-sim-standalone@4.5.0-rc.36+release.19112.f59b3005.gl.linux-x86_64.release/SE952--Bittle-Quadruped/camera_images_plane/frame_0246.png
247,0.796285639126243,-0.4723415052916091,0.4723415052916091,-0.7962856391262427,0.9175214366710915,1.5705177287904306,-1.5705177287904306,-0.9175214366710924,0.17124296539734193,0.0049489454285474984,0.03994274912022354,-0.02715829,-0.012055399,-0.009633504,[-0.02282944  0.25794208 -0.00908591],/home/rastic/adil_RL/isaac-sim-standalone@4.5.0-rc.36+release.19112.f59b3005.gl.linux-x86_64.release/SE952--Bittle-Quadruped/camera_images_plane/frame_0247.png
248,0.9453320769849215,-0.40748636996225995,0.40748636996225995,-0.9453320769849215,0.15728905300847262,1.5705093366462561,-1.5705093366462564,-0.15728905300847262,0.17022130522312925,0.004917349925749909,0.03968181480849694,0.016437145,-0.087942705,0.018821355,[-0.05692144  0.21717711 -0.02483532],/home/rastic/adil_RL/isaac-sim-standalone@4.5.0-rc.36+release.19112.f59b3005.gl.linux-x86_64.release/SE952--Bittle-Quadruped/camera_images_plane/frame_0248.png
249,0.6580653855440664,0.24237741476519425,-0.24237741476519425,-0.6580653855440664,0.04840860809086489,0.8556809901495659,-0.8556809901495659,-0.04840860809086489,0.17025944784777067,0.0034611636495082434,0.039714481875898024,-0.1705912,0.031961527,0.06808704,[-0.01502805  0.20072877 -0.06633639],/home/rastic/adil_RL/isaac-sim-standalone@4.5.0-rc.36+release.19112.f59b3005.gl.linux-x86_64.release/SE952--Bittle-Quadruped/camera_images_plane/frame_0249.png
250,0.1853768833357743,0.5075201557179925,-0.5075201557179925,-0.1853768833357743,0.4039604750668463,1.2044066849610557,-1.2044066849610557,-0.4039604750668463,0.1685135885207238,0.002805481619741371,0.04044871864623926,-0.040436007,-0.00829248,0.072044425,[-0.02689563  0.28334022 -0.0275133 ],/home/rastic/adil_RL/isaac-sim-standalone@4.5.0-rc.36+release.19112.f59b3005.gl.linux-x86_64.release/SE952--Bittle-Quadruped/camera_images_plane/frame_0250.png
251,-0.4604980248679522,0.47893839197702004,-0.47893839197702004,0.4604980248679522,1.5705161486846717,1.5705142077931105,-1.5705142077931105,-1.5705161486846717,0.16749301647382908,0.002542099626601508,0.041276718871332024,-0.0073770024,0.0062723123,-0.040334966,[-0.00424411  0.17187947  0.01795273],/home/rastic/adil_RL/isaac-sim-standalone@4.5.0-rc.36+release.19112.f59b3005.gl.linux-x86_64.release/SE952--Bittle-Quadruped/camera_images_plane/frame_0251.png
252,-0.4457141997333447,0.9566809498369504,-0.9566809498369504,0.4457141997333447,1.5705142043189726,0.43614566664293797,-0.4361456666429382,-1.5705142043189726,0.1670669506707972,0.002521151087968769,0.0406715810548806,-0.009025534,0.03352754,-0.039490864,[ 0.01861578  0.20201227 -0.01890801],/home/rastic/adil_RL/isaac-sim-standalone@4.5.0-rc.36+release.19112.f59b3005.gl.linux-x86_64.release/SE952--Bittle-Quadruped/camera_images_plane/frame_0252.png
253,0.10081995050559867,0.8735627884259805,-0.8735627884259805,-0.10081995050559867,0.9452198901333526,0.06741690468979045,-0.06741690468979045,-0.9452198901333526,0.16710307868912916,0.004237643087517194,0.04052205490683746,0.04162662,0.03862467,0.00023566988,[0.01427299 0.12564187 0.05203026],/home/rastic/adil_RL/isaac-sim-standalone@4.5.0-rc.36+release.19112.f59b3005.gl.linux-x86_64.release/SE952--Bittle-Quadruped/camera_images_plane/frame_0253.png
254,0.5252784755339808,0.45803788470398776,-0.45803788470398776,-0.5252784755339808,1.0028458332185766,0.14659023689572026,-0.14659023689572026,-1.0028458332185766,0.16696934096736193,0.004342456957281031,0.040678971585150984,0.00052813254,0.033353172,0.006736147,[ 0.01068388  0.1820339  -0.0182862 ],/home/rastic/adil_RL/isaac-sim-standalone@4.5.0-rc.36+release.19112.f59b3005.gl.linux-x86_64.release/SE952--Bittle-Quadruped/camera_images_plane/frame_0254.png
255,0.46884156551458434,-0.03202667230146705,0.03202667230146705,-0.46884156551458434,1.570517221487148,0.7095207396216633,-0.7095207396216633,-1.570517221487148,0.1670284161934947,0.004761326887331827,0.04084769352514105,0.11204803,0.011376843,0.009562662,[-0.00335104  0.3254085   0.06896647],/home/rastic/adil_RL/isaac-sim-standalone@4.5.0-rc.36+release.19112.f59b3005.gl.linux-x86_64.release/SE952--Bittle-Quadruped/camera_images_plane/frame_0255.png
256,0.9435142172905144,-0.4725641684930493,0.4725641684930493,-0.9435142172905144,0.499626134537859,1.5705177586799224,-1.5705177586799224,-0.499626134537859,0.1693268262532485,0.005115906672183641,0.04142682996133841,0.028853662,-0.005855307,0.017475482,[-0.01521748  0.22152224  0.01294334],/home/rastic/adil_RL/isaac-sim-standalone@4.5.0-rc.36+release.19112.f59b3005.gl.linux-x86_64.release/SE952--Bittle-Quadruped/camera_images_plane/frame_0256.png
257,0.8143740953567798,-0.15630835635037088,0.1563083563503711,-0.8143740953567798,0.04166307059068719,1.2171638757795247,-1.217163875779525,-0.04166307059068719,0.1693559616324439,0.004997466072068428,0.041435160784248526,0.11126767,-0.08929215,0.0039509004,[-0.06722939  0.15367611  0.03820503],/home/rastic/adil_RL/isaac-sim-standalone@4.5.0-rc.36+release.19112.f59b3005.gl.linux-x86_64.release/SE952--Bittle-Quadruped/camera_images_plane/frame_0257.png
258,0.4170500991529321,0.4635930003042563,-0.4635930003042563,-0.41705009915293156,0.17645282055554612,0.857319849117971,-0.857319849117971,-0.17645282055554679,0.17022993669697442,0.0038509722521544157,0.04123722798278507,0.076944984,-0.08875994,0.02563656,[-0.07659085  0.18676664 -0.04657406],/home/rastic/adil_RL/isaac-sim-standalone@4.5.0-rc.36+release.19112.f59b3005.gl.linux-x86_64.release/SE952--Bittle-Quadruped/camera_images_plane/frame_0258.png
259,-0.06187481739806211,0.43645284872927137,-0.43645284872927137,0.06187481739806211,0.7584325029736922,1.570512966089789,-1.570512966089789,-0.7584325029736922,0.1711265508473694,0.0016071724173702365,0.04081060674393359,0.15007082,-0.02994925,-0.08819676,[-0.0237574   0.34054726  0.0578276 ],/home/rastic/adil_RL/isaac-sim-standalone@4.5.0-rc.36+release.19112.f59b3005.gl.linux-x86_64.release/SE952--Bittle-Quadruped/camera_images_plane/frame_0259.png
260,-0.47214723016534843,0.8341693570024531,-0.8341693570024531,0.47214723016534843,1.5705177027170476,0.8275636035058929,-0.8275636035058926,-1.5705177027170476,0.17180582542330897,0.002881982860840143,0.0400745040639432,-0.00043725502,0.032921504,0.0053646415,[0.00243832 0.24390848 0.0082414 ],/home/rastic/adil_RL/isaac-sim-standalone@4.5.0-rc.36+release.19112.f59b3005.gl.linux-x86_64.release/SE952--Bittle-Quadruped/camera_images_plane/frame_0260.png
261,-0.15003960548337036,0.9273360518464874,-0.9273360518464874,0.15003960548337036,1.2088803087641904,0.12262419698992033,-0.12262419698992033,-1.2088803087641904,0.17169067412757288,0.003000655057841778,0.040074734305121235,-0.022881893,0.063081264,0.008659568,[ 0.03840789  0.20460744 -0.01110672],/home/rastic/adil_RL/isaac-sim-standalone@4.5.0-rc.36+release.19112.f59b3005.gl.linux-x86_64.release/SE952--Bittle-Quadruped/camera_images_plane/frame_0261.png
262,0.4622138219258387,0.6080824020874783,-0.6080824020874783,-0.4622138219258387,0.8561463465808843,0.06504485996039477,-0.06504485996039477,-0.8561463465808843,0.1716714822121626,0.004433252469165285,0.040240754228522586,-0.06979784,0.023394315,-0.020020148,[ 0.00407407  0.2155616  -0.06604718],/home/rastic/adil_RL/isaac-sim-standalone@4.5.0-rc.36+release.19112.f59b3005.gl.linux-x86_64.release/SE952--Bittle-Quadruped/camera_images_plane/frame_0262.png
263,0.4340175123315513,0.11743455247185963,-0.11743455247185963,-0.4340175123315513,1.5705126525676065,0.48977483446504166,-0.48977483446504166,-1.570512652567606,0.16989589439758523,0.004703178645625295,0.04020507512276953,0.09442043,0.0014409637,0.016125303,[-0.01844368  0.4087916   0.01699187],/home/rastic/adil_RL/isaac-sim-standalone@4.5.0-rc.36+release.19112.f59b3005.gl.linux-x86_64.release/SE952--Bittle-Quadruped/camera_images_plane/frame_0263.png
264,0.818805739398593,-0.4687261964129297,0.4687261964129297,-0.818805739398593,0.864738844177602,1.5705172444148696,-1.5705172444148698,-0.8647388441776023,0.1704815570306753,0.004973407848342457,0.04050984758398464,-0.016184881,-0.0041602915,-0.0062978677,[-0.01427548  0.23870501  0.00680677],/home/rastic/adil_RL/isaac-sim-standalone@4.5.0-rc.36+release.19112.f59b3005.gl.linux-x86_64.release/SE952--Bittle-Quadruped/camera_images_plane/frame_0264.png
265,0.9380213167250891,-0.4252882998158427,0.4252882998158427,-0.9380213167250891,0.14139919954996782,1.570511573161982,-1.570511573161982,-0.14139919954996782,0.16949744024872734,0.00510965648469394,0.04051580357725114,-0.013331748,-0.04457306,0.009467183,[-0.04369476  0.1934589  -0.00675742],/home/rastic/adil_RL/isaac-sim-standalone@4.5.0-rc.36+release.19112.f59b3005.gl.linux-x86_64.release/SE952--Bittle-Quadruped/camera_images_plane/frame_0265.png
266,0.6388155949004075,0.18963007106207508,-0.18963007106207508,-0.6388155949004075,0.05413121627474571,0.8834616675639706,-0.8834616675639706,-0.05413121627474571,0.16953930213227106,0.004026850392512458,0.04054658964037975,-0.12512413,0.01756399,0.05302404,[-0.00398117  0.18698737 -0.05523124],/home/rastic/adil_RL/isaac-sim-standalone@4.5.0-rc.36+release.19112.f59b3005.gl.linux-x86_64.release/SE952--Bittle-Quadruped/camera_images_plane/frame_0266.png
267,0.16843737658674396,0.52237325843511,-0.52237325843511,-0.16843737658674396,0.42453484798407615,1.1178234983082886,-1.1178234983082886,-0.42453484798407615,0.16828437841719815,0.0036737307654659606,0.04090162421411744,-0.09420682,0.0126666585,0.0715682,[-0.01644013  0.2229301  -0.05308031],/home/rastic/adil_RL/isaac-sim-standalone@4.5.0-rc.36+release.19112.f59b3005.gl.linux-x86_64.release/SE952--Bittle-Quadruped/camera_images_plane/frame_0267.png
268,-0.4621029715550622,0.4733006328671987,-0.4733006328671987,0.4621029715550624,1.570516361671727,1.5705178190579145,-1.5705178190579145,-1.5705163616717273,0.16654392876840796,0.0030356056577774066,0.04164843378815986,-0.038722806,0.023979956,-0.010927465,[0.00021737 0.12153069 0.00434621],/home/rastic/adil_RL/isaac-sim-standalone@4.5.0-rc.36+release.19112.f59b3005.gl.linux-x86_64.release/SE952--Bittle-Quadruped/camera_images_plane/frame_0268.png
269,-0.44385210054381075,0.9661548076642901,-0.9661548076642901,0.44385210054381075,1.5705139617283044,0.3695992456448858,-0.369599245644886,-1.5705139617283044,0.16582880214809065,0.0030671683267717363,0.04097411819442283,-0.0084998375,0.07551678,-0.01697761,[ 0.00981977  0.17617182 -0.02500526],/home/rastic/adil_RL/isaac-sim-standalone@4.5.0-rc.36+release.19112.f59b3005.gl.linux-x86_64.release/SE952--Bittle-Quadruped/camera_images_plane/frame_0269.png
270,0.10941152741708016,0.7547496111469951,-0.7547496111469951,-0.10941152741707993,0.9384847461256034,0.034522489712972226,-0.034522489712972226,-0.9384847461256036,0.1655475909326909,0.003984781282959595,0.04086591725457285,0.015219218,0.0570662,0.0070195696,[0.01432839 0.10395248 0.03776449],/home/rastic/adil_RL/isaac-sim-standalone@4.5.0-rc.36+release.19112.f59b3005.gl.linux-x86_64.release/SE952--Bittle-Quadruped/camera_images_plane/frame_0270.png
271,0.5264719708602266,0.3214585189764765,-0.3214585189764765,-0.5264719708602263,1.0201090572767182,0.25823795211323763,-0.25823795211323763,-1.0201090572767184,0.16501726359357496,0.004219525907497208,0.04099307053836713,0.002956924,0.03356332,0.015099145,[ 0.01054919  0.16622615 -0.02911973],/home/rastic/adil_RL/isaac-sim-standalone@4.5.0-rc.36+release.19112.f59b3005.gl.linux-x86_64.release/SE952--Bittle-Quadruped/camera_images_plane/frame_0271.png
272,0.47034009651601405,-0.43895304397345125,0.4389530439734515,-0.47034009651601405,1.5705174220105516,1.5705133260451871,-1.5705133260451873,-1.5705174220105516,0.1648317651647026,0.004716248971596366,0.04154635635292188,0.14552414,0.038443614,0.079361014,[-0.00632684  0.2444544   0.06323021],/home/rastic/adil_RL/isaac-sim-standalone@4.5.0-rc.36+release.19112.f59b3005.gl.linux-x86_64.release/SE952--Bittle-Quadruped/camera_images_plane/frame_0272.png
273,0.9511836880284408,-0.4644359003779708,0.4644359003779708,-0.9511836880284408,0.4647977473483653,1.5705166719116384,-1.5705166719116381,-0.4647977473483653,0.1661122269912412,0.0048782911854697,0.04274604694975913,0.07494737,-0.01624563,0.05763445,[-0.01950038  0.21771874  0.00973466],/home/rastic/adil_RL/isaac-sim-standalone@4.5.0-rc.36+release.19112.f59b3005.gl.linux-x86_64.release/SE952--Bittle-Quadruped/camera_images_plane/frame_0273.png
274,0.791359436835777,-0.019940178294369115,0.019940178294369115,-0.791359436835777,0.037134308164519014,1.0560331592223986,-1.0560331592223986,-0.037134308164519014,0.16674377727300757,0.004302264424794242,0.043203785483030624,0.05478116,-0.036823966,-0.017379677,[-0.02898226  0.16034327  0.06427409],/home/rastic/adil_RL/isaac-sim-standalone@4.5.0-rc.36+release.19112.f59b3005.gl.linux-x86_64.release/SE952--Bittle-Quadruped/camera_images_plane/frame_0274.png
275,0.3832808563203465,0.505963427555016,-0.505963427555016,-0.38328085632034625,0.20341051925487108,0.9182731643959108,-0.9182731643959108,-0.2034105192548713,0.16744682320026413,0.003747838475618349,0.04278773063260269,-0.0036331043,-0.038536258,-0.013341079,[-0.0370777   0.20389035 -0.02685074],/home/rastic/adil_RL/isaac-sim-standalone@4.5.0-rc.36+release.19112.f59b3005.gl.linux-x86_64.release/SE952--Bittle-Quadruped/camera_images_plane/frame_0275.png
276,-0.4238199090021628,0.45762537074630094,-0.45762537074630094,0.4238199090021628,1.570511386623546,1.5705157304700479,-1.5705157304700479,-1.570511386623546,0.16746255150430137,0.0034172056625077015,0.04261860524083146,0.08754005,-0.053744063,-0.0626702,[-0.02504069  0.31588197  0.08277663],/home/rastic/adil_RL/isaac-sim-standalone@4.5.0-rc.36+release.19112.f59b3005.gl.linux-x86_64.release/SE952--Bittle-Quadruped/camera_images_plane/frame_0276.png
277,-0.4702367419537148,0.9052527053296635,-0.9052527053296635,0.4702367419537148,1.5705174465822656,0.6350747216945587,-0.6350747216945587,-1.5705174465822656,0.1696608560333837,0.0030330540550071077,0.04119072961290973,0.0700668,0.009037675,-0.049338587,[-0.00548452  0.25794983  0.03144569],/home/rastic/adil_RL/isaac-sim-standalone@4.5.0-rc.36+release.19112.f59b3005.gl.linux-x86_64.release/SE952--Bittle-Quadruped/camera_images_plane/frame_0277.png
278,-0.09885905018156937,0.8715386769827208,-0.8715386769827208,0.09885905018156937,1.1444971663202725,0.06609779709051578,-0.06609779709051578,-1.1444971663202725,0.17067276731323094,0.0035423065576591483,0.04071953495840173,0.062294602,0.036792602,0.00738551,[0.00828493 0.20158818 0.05099   ],/home/rastic/adil_RL/isaac-sim-standalone@4.5.0-rc.36+release.19112.f59b3005.gl.linux-x86_64.release/SE952--Bittle-Quadruped/camera_images_plane/frame_0278.png
279,0.4812008264478136,0.49953735822002066,-0.49953735822002066,-0.4812008264478136,0.875619288764852,0.11958924089421907,-0.11958924089421907,-0.875619288764852,0.17120976171159155,0.003997209416034425,0.04097693362603112,0.02566164,0.031812765,0.013096603,[ 0.00778121  0.24308498 -0.03917944],/home/rastic/adil_RL/isaac-sim-standalone@4.5.0-rc.36+release.19112.f59b3005.gl.linux-x86_64.release/SE952--Bittle-Quadruped/camera_images_plane/frame_0279.png
280,0.4442135994928105,0.011373158936073269,-0.011373158936073269,-0.4442135994928105,1.570513971446399,0.6413458545740615,-0.6413458545740615,-1.570513971446399,0.17095582204662946,0.004537639413095054,0.04170659408899863,0.083951004,0.02354722,0.03160158,[-0.00687018  0.412029    0.03361815],/home/rastic/adil_RL/isaac-sim-standalone@4.5.0-rc.36+release.19112.f59b3005.gl.linux-x86_64.release/SE952--Bittle-Quadruped/camera_images_plane/frame_0280.png
281,0.8566234143810092,-0.4729641382386158,0.4729641382386158,-0.8566234143810092,0.7710641891640275,1.5705178123869663,-1.5705178123869663,-0.7710641891640275,0.17214613615011218,0.004892902879726317,0.04255456874567426,-0.037377376,-0.030019075,0.010062085,[-0.01115762  0.2762705  -0.01600294],/home/rastic/adil_RL/isaac-sim-standalone@4.5.0-rc.36+release.19112.f59b3005.gl.linux-x86_64.release/SE952--Bittle-Quadruped/camera_images_plane/frame_0281.png
282,0.9167761823436406,-0.39686452876170386,0.39686452876170386,-0.9167761823436406,0.10763164992876384,1.5705080291047078,-1.5705080291047078,-0.10763164992876362,0.17144501743305018,0.004818978278774175,0.04265761148455987,-0.055146057,-0.032319605,0.010596019,[-0.03760151  0.21630242 -0.01131128],/home/rastic/adil_RL/isaac-sim-standalone@4.5.0-rc.36+release.19112.f59b3005.gl.linux-x86_64.release/SE952--Bittle-Quadruped/camera_images_plane/frame_0282.png
283,0.5862803989038899,0.2707355015827664,-0.2707355015827664,-0.5862803989038899,0.07405085592728722,0.8438704856603847,-0.8438704856603847,-0.07405085592728722,0.1709707676042969,0.0038332651181785665,0.04284960049175248,-0.099726126,0.0055547897,0.027854757,[-0.02419434  0.23035382 -0.06757075],/home/rastic/adil_RL/isaac-sim-standalone@4.5.0-rc.36+release.19112.f59b3005.gl.linux-x86_64.release/SE952--Bittle-Quadruped/camera_images_plane/frame_0283.png
284,0.11198666603075846,0.49138075290342176,-0.49138075290342176,-0.11198666603075869,0.49703669027210884,1.2689337893711654,-1.2689337893711654,-0.4970366902721087,0.1693505195324603,0.003448606785124516,0.0429972957635087,-0.011280961,0.016274381,0.027575716,[-0.02316752  0.32813266  0.00247371],/home/rastic/adil_RL/isaac-sim-standalone@4.5.0-rc.36+release.19112.f59b3005.gl.linux-x86_64.release/SE952--Bittle-Quadruped/camera_images_plane/frame_0284.png
285,-0.4679022519716203,0.48162363285140053,-0.48162363285140053,0.4679022519716203,1.5705171342708293,1.5705114929853723,-1.5705114929853723,-1.5705171342708295,0.16897252021970907,0.0031289995949034537,0.04323306565338136,-0.0594679,0.009818904,0.014979603,[-0.01526861  0.21327771  0.00301982],/home/rastic/adil_RL/isaac-sim-standalone@4.5.0-rc.36+release.19112.f59b3005.gl.linux-x86_64.release/SE952--Bittle-Quadruped/camera_images_plane/frame_0285.png
286,-0.4310483317858216,0.9641363535677172,-0.9641363535677172,0.4310483317858216,1.5705123083496424,0.3872393231853348,-0.38723932318533505,-1.5705123083496424,0.16780048189419192,0.0031762444269178305,0.04274861741281991,-0.021944866,0.05640912,-0.022482723,[ 0.00493836  0.23748441 -0.03092324],/home/rastic/adil_RL/isaac-sim-standalone@4.5.0-rc.36+release.19112.f59b3005.gl.linux-x86_64.release/SE952--Bittle-Quadruped/camera_images_plane/frame_0286.png
287,0.16255878172072014,0.8479150792492842,-0.8479150792492842,-0.16255878172072014,0.9003947780790245,0.05328893408993385,-0.05328893408993385,-0.9003947780790245,0.16779833991166862,0.004831401800883129,0.042693555258748656,0.06463079,0.01677581,-0.00034256,[0.00186818 0.1572463  0.03730955],/home/rastic/adil_RL/isaac-sim-standalone@4.5.0-rc.36+release.19112.f59b3005.gl.linux-x86_64.release/SE952--Bittle-Quadruped/camera_images_plane/frame_0287.png
288,0.5263579865452779,0.4147896847901803,-0.4147896847901803,-0.5263579865452777,1.070978531445195,0.17819109135489597,-0.17819109135489575,-1.0709785314451952,0.16762123291500186,0.004708841149581254,0.04279171911356288,0.0720006,0.00969598,-0.0293052,[ 0.00080754  0.24227466 -0.00229976],/home/rastic/adil_RL/isaac-sim-standalone@4.5.0-rc.36+release.19112.f59b3005.gl.linux-x86_64.release/SE952--Bittle-Quadruped/camera_images_plane/frame_0288.png
289,0.47246415054598767,-0.07691544317404309,0.07691544317404309,-0.4724641505459872,1.5705177067557123,0.7836901986747898,-0.7836901986747898,-1.5705177067557128,0.1682027855764164,0.005037935341358767,0.04274309408102362,0.16903841,0.06384517,0.034911703,[0.00398632 0.34450567 0.07514738],/home/rastic/adil_RL/isaac-sim-standalone@4.5.0-rc.36+release.19112.f59b3005.gl.linux-x86_64.release/SE952--Bittle-Quadruped/camera_images_plane/frame_0289.png
290,0.9602436902708591,-0.47086579528194195,0.47086579528194195,-0.9602436902708591,0.41485382772741874,1.5705175308639268,-1.5705175308639268,-0.41485382772741874,0.17062939379838146,0.005398148810741204,0.04369849248092893,0.024607971,-0.024290813,-0.00061630085,[-0.01549135  0.25753024  0.02282431],/home/rastic/adil_RL/isaac-sim-standalone@4.5.0-rc.36+release.19112.f59b3005.gl.linux-x86_64.release/SE952--Bittle-Quadruped/camera_images_plane/frame_0290.png
291,0.7638371386620928,-0.10331831681709525,0.10331831681709525,-0.7638371386620928,0.0346978814920178,1.1498818006133942,-1.1498818006133942,-0.0346978814920178,0.17079256342695964,0.0053954535239596245,0.043759340179943686,0.027980048,-0.03424351,-0.02517684,[-0.05569183  0.17922938  0.06160213],/home/rastic/adil_RL/isaac-sim-standalone@4.5.0-rc.36+release.19112.f59b3005.gl.linux-x86_64.release/SE952--Bittle-Quadruped/camera_images_plane/frame_0291.png
292,0.3506991092185895,0.4820253429244823,-0.4820253429244823,-0.3506991092185895,0.23142411960930342,0.8766554729092493,-0.8766554729092493,-0.2314241196093033,0.1717874088996651,0.0044363836064520885,0.0432968298126822,0.014512368,-0.039749168,-0.0028809137,[-0.05124378  0.23198426 -0.02116161],/home/rastic/adil_RL/isaac-sim-standalone@4.5.0-rc.36+release.19112.f59b3005.gl.linux-x86_64.release/SE952--Bittle-Quadruped/camera_images_plane/frame_0292.png
293,-0.4302103257577694,0.4458322159909933,-0.4458322159909933,0.4302103257577694,1.5705122010506467,1.570514182305001,-1.570514182305001,-1.5705122010506465,0.17202865622649208,0.0034939759720355006,0.042873571449962844,0.15417506,-0.06923775,-0.119345404,[-0.02295338  0.35322282  0.05916215],/home/rastic/adil_RL/isaac-sim-standalone@4.5.0-rc.36+release.19112.f59b3005.gl.linux-x86_64.release/SE952--Bittle-Quadruped/camera_images_plane/frame_0293.png
294,-0.4687861051230766,0.866842510279507,-0.866842510279507,0.4687861051230766,1.5705172524270055,0.744298211482332,-0.7442982114823322,-1.5705172524270055,0.17331111807765062,0.0032417411883731663,0.04126822692660686,0.08253476,-0.0020559244,-0.08624485,[-0.00259537  0.29056236  0.00973827],/home/rastic/adil_RL/isaac-sim-standalone@4.5.0-rc.36+release.19112.f59b3005.gl.linux-x86_64.release/SE952--Bittle-Quadruped/camera_images_plane/frame_0294.png
295,-0.07867920606673162,0.9060983958284722,-0.9060983958284724,0.07867920606673162,1.1206531703812084,0.09505147401040415,-0.09505147401040392,-1.1206531703812082,0.17403862893870126,0.003887667101948213,0.0401982306729513,-0.00014328957,0.05975961,-0.018864913,[ 0.03406482  0.2447644  -0.00594793],/home/rastic/adil_RL/isaac-sim-standalone@4.5.0-rc.36+release.19112.f59b3005.gl.linux-x86_64.release/SE952--Bittle-Quadruped/camera_images_plane/frame_0295.png
296,0.48672137611282773,0.5607647224836929,-0.5607647224836929,-0.48672137611282773,0.8829391066727967,0.08586730554438371,-0.08586730554438371,-0.8829391066727967,0.174214192323411,0.005170714799319827,0.03996497371774265,-0.091958344,0.026788978,-0.014900564,[ 0.00656431  0.2582214  -0.06727599],/home/rastic/adil_RL/isaac-sim-standalone@4.5.0-rc.36+release.19112.f59b3005.gl.linux-x86_64.release/SE952--Bittle-Quadruped/camera_images_plane/frame_0296.png
297,0.4465779170711155,0.0684973753795568,-0.0684973753795568,-0.4465779170711155,1.5705142795826808,0.5570410990017579,-0.557041099001758,-1.5705142795826803,0.1726697143460074,0.004987116155321613,0.039724002782581196,0.0132235885,0.0070036603,0.005052073,[-0.00423651  0.41573048  0.01700483],/home/rastic/adil_RL/isaac-sim-standalone@4.5.0-rc.36+release.19112.f59b3005.gl.linux-x86_64.release/SE952--Bittle-Quadruped/camera_images_plane/frame_0297.png
298,0.8630479075042314,-0.4716035525177964,0.4716035525177964,-0.8630479075042314,0.7543248210678641,1.5705176297776413,-1.5705176297776415,-0.7543248210678641,0.17311032563387838,0.005383913803992319,0.039955369812033105,-0.03911587,-0.00792861,-0.0024535884,[-0.00777071  0.26309413  0.01178575],/home/rastic/adil_RL/isaac-sim-standalone@4.5.0-rc.36+release.19112.f59b3005.gl.linux-x86_64.release/SE952--Bittle-Quadruped/camera_images_plane/frame_0298.png
299,0.9136375287738638,-0.41212409069936995,0.4121240906993697,-0.9136375287738638,0.10369721543712518,1.5705099139690462,-1.570509913969046,-0.10369721543712518,0.17196360008918182,0.0054041950450877665,0.0398391477990105,-0.0013690926,-0.033829033,-0.0045519467,[-0.03501462  0.21116054  0.01247235],/home/rastic/adil_RL/isaac-sim-standalone@4.5.0-rc.36+release.19112.f59b3005.gl.linux-x86_64.release/SE952--Bittle-Quadruped/camera_images_plane/frame_0299.png
300,0.5806569246607893,0.23114526065101915,-0.23114526065101915,-0.5806569246607893,0.07653843534608962,0.8609871590243139,-0.8609871590243139,-0.07653843534608962,0.17186095509928712,0.004847562299441841,0.03971162372656391,-0.04072912,-0.023703126,0.014668858,[-0.0177316   0.22507025 -0.05201619],/home/rastic/adil_RL/isaac-sim-standalone@4.5.0-rc.36+release.19112.f59b3005.gl.linux-x86_64.release/SE952--Bittle-Quadruped/camera_images_plane/frame_0300.png
301,0.1086005592699506,0.5112263686511618,-0.5112263686511618,-0.1086005592699506,0.5015788399512501,1.186783370472281,-1.186783370472281,-0.5015788399512501,0.17063017198564998,0.004072122354060382,0.03939289355361213,-0.04477407,-0.006632825,0.032137696,[-0.02898484  0.27246395 -0.04180549],/home/rastic/adil_RL/isaac-sim-standalone@4.5.0-rc.36+release.19112.f59b3005.gl.linux-x86_64.release/SE952--Bittle-Quadruped/camera_images_plane/frame_0301.png
302,-0.467977043652269,0.4782541525836166,-0.4782541525836166,0.4679770436522688,1.5705171442650878,1.5705147516278797,-1.5705147516278797,-1.5705171442650876,0.16988073693138475,0.003304178552361285,0.03943715130525817,-0.08709714,0.01638348,-0.0358605,[-0.01304384  0.1477696  -0.01258246],/home/rastic/adil_RL/isaac-sim-standalone@4.5.0-rc.36+release.19112.f59b3005.gl.linux-x86_64.release/SE952--Bittle-Quadruped/camera_images_plane/frame_0302.png
303,-0.43134913518230467,0.9556942750713233,-0.9556942750713233,0.43134913518230467,1.5705123468926836,0.4416022828637143,-0.4416022828637143,-1.5705123468926836,0.16858957269342428,0.0033513579854144372,0.03886157683811816,-0.03365276,0.022114165,-0.059698965,[ 0.00363425  0.21090946 -0.03579646],/home/rastic/adil_RL/isaac-sim-standalone@4.5.0-rc.36+release.19112.f59b3005.gl.linux-x86_64.release/SE952--Bittle-Quadruped/camera_images_plane/frame_0303.png
304,0.1602630695235603,0.8748999629297621,-0.8748999629297621,-0.1602630695235603,0.9019095057460647,0.06830991946339371,-0.06830991946339371,-0.9019095057460647,0.1681465194588709,0.004937016903286846,0.03826702767272133,0.036254648,0.018409139,-0.0072777867,[0.00571344 0.13160808 0.03827542],/home/rastic/adil_RL/isaac-sim-standalone@4.5.0-rc.36+release.19112.f59b3005.gl.linux-x86_64.release/SE952--Bittle-Quadruped/camera_images_plane/frame_0304.png
305,0.5265611070308065,0.4570775445498202,-0.4570775445498202,-0.5265611070308065,1.0664633303339104,0.1472538155871993,-0.1472538155871993,-1.0664633303339106,0.1678623324622086,0.004795898441686936,0.03835675463342291,0.043667767,0.01516173,-0.019874917,[ 0.00867093  0.21338737 -0.00183658],/home/rastic/adil_RL/isaac-sim-standalone@4.5.0-rc.36+release.19112.f59b3005.gl.linux-x86_64.release/SE952--Bittle-Quadruped/camera_images_plane/frame_0305.png
306,0.4722710901533973,-0.03600338992277474,0.03600338992277474,-0.4722710901533973,1.5705176808495702,0.7159430925346125,-0.7159430925346125,-1.5705176808495702,0.1683627642775646,0.005058925757032967,0.038252194653944874,0.1389924,0.032636642,0.010390177,[0.00453925 0.33402568 0.07017656],/home/rastic/adil_RL/isaac-sim-standalone@4.5.0-rc.36+release.19112.f59b3005.gl.linux-x86_64.release/SE952--Bittle-Quadruped/camera_images_plane/frame_0306.png
307,0.9588789861068105,-0.4724004664072077,0.4724004664072079,-0.9588789861068105,0.42334446221054556,1.5705177367045116,-1.5705177367045118,-0.42334446221054556,0.17102263635686024,0.0055196714536616,0.038775006465561646,0.037118174,-0.009344367,0.022310182,[-0.00869723  0.2277148   0.01783452],/home/rastic/adil_RL/isaac-sim-standalone@4.5.0-rc.36+release.19112.f59b3005.gl.linux-x86_64.release/SE952--Bittle-Quadruped/camera_images_plane/frame_0307.png
308,0.7704353962877646,-0.14665420641262106,0.14665420641262106,-0.7704353962877646,0.03501315140602401,1.2044437268416228,-1.2044437268416228,-0.03501315140602401,0.17117169867435586,0.005295999424768315,0.03884391912858002,0.093885764,-0.05496966,0.00076378137,[-0.05780475  0.15728772  0.05795744],/home/rastic/adil_RL/isaac-sim-standalone@4.5.0-rc.36+release.19112.f59b3005.gl.linux-x86_64.release/SE952--Bittle-Quadruped/camera_images_plane/frame_0308.png
309,0.35968816800806136,0.4674848167319281,-0.4674848167319281,-0.35968816800806136,0.2234990969457914,0.8608123919105435,-0.8608123919105435,-0.2234990969457915,0.17197944907106982,0.004368831331454447,0.03867031260373186,0.058224544,-0.037029695,0.022076413,[-0.05110603  0.21323502 -0.02204888],/home/rastic/adil_RL/isaac-sim-standalone@4.5.0-rc.36+release.19112.f59b3005.gl.linux-x86_64.release/SE952--Bittle-Quadruped/camera_images_plane/frame_0309.png
310,-0.427788620288285,0.43871314896359603,-0.43871314896359603,0.427788620288285,1.5705118916202865,1.5705132579229995,-1.5705132579229995,-1.5705118916202865,0.17226414880130042,0.003492363609990997,0.038485493624481816,0.10711845,-0.066073194,-0.103001304,[-0.02141509  0.35350633  0.06556442],/home/rastic/adil_RL/isaac-sim-standalone@4.5.0-rc.36+release.19112.f59b3005.gl.linux-x86_64.release/SE952--Bittle-Quadruped/camera_images_plane/frame_0310.png
311,-0.46957922184047174,0.8432031936975632,-0.8432031936975632,0.46957922184047174,1.5705173585435837,0.8051746212066444,-0.8051746212066444,-1.5705173585435837,0.1738585975699251,0.003199415617479873,0.036709164943168886,0.03912034,0.057113096,-0.032221712,[0.00293402 0.2797     0.00454538],/home/rastic/adil_RL/isaac-sim-standalone@4.5.0-rc.36+release.19112.f59b3005.gl.linux-x86_64.release/SE952--Bittle-Quadruped/camera_images_plane/frame_0311.png
312,-0.09216536274960663,0.9214988432476631,-0.9214988432476631,0.09216536274960663,1.1364933499924479,0.11397620575963974,-0.11397620575963974,-1.1364933499924479,0.17420257628858402,0.0037492547943744573,0.03631893057409543,0.0010695197,0.077890925,-0.022996156,[ 0.03783043  0.23446088 -0.01567641],/home/rastic/adil_RL/isaac-sim-standalone@4.5.0-rc.36+release.19112.f59b3005.gl.linux-x86_64.release/SE952--Bittle-Quadruped/camera_images_plane/frame_0312.png
313,0.4819244501760451,0.5932245813687891,-0.5932245813687891,-0.48192445017604535,0.8765276589065041,0.07107149161712456,-0.07107149161712456,-0.8765276589065039,0.17457172108179003,0.0055721359894272005,0.03593079710977964,-0.061054587,0.025463743,-0.026070565,[ 0.00126576  0.24214922 -0.06974409],/home/rastic/adil_RL/isaac-sim-standalone@4.5.0-rc.36+release.19112.f59b3005.gl.linux-x86_64.release/SE952--Bittle-Quadruped/camera_images_plane/frame_0313.png
314,0.4439462676377879,0.10039010880352017,-0.10039010880352017,-0.4439462676377879,1.5705139366594745,0.5126834043098804,-0.5126834043098804,-1.5705139366594745,0.17238607036273357,0.005036688284609663,0.03533748310421863,0.09744538,0.0068719457,0.008186851,[-0.00756798  0.405153    0.01389036],/home/rastic/adil_RL/isaac-sim-standalone@4.5.0-rc.36+release.19112.f59b3005.gl.linux-x86_64.release/SE952--Bittle-Quadruped/camera_images_plane/frame_0314.png
315,0.8532521820524195,-0.46997452458842415,0.4699745245884239,-0.8532521820524195,0.7797369097635867,1.5705174114656648,-1.5705174114656644,-0.7797369097635867,0.17300025119363452,0.005439206769217842,0.03555310367352947,-0.0070073605,-0.0046634506,0.0021716785,[-0.01098015  0.24842471  0.01099455],/home/rastic/adil_RL/isaac-sim-standalone@4.5.0-rc.36+release.19112.f59b3005.gl.linux-x86_64.release/SE952--Bittle-Quadruped/camera_images_plane/frame_0315.png
316,0.9204581865034734,-0.42036306219243924,0.42036306219243924,-0.9204581865034734,0.11253148239197885,1.5705109489151585,-1.5705109489151585,-0.11253148239197885,0.17197063653713396,0.005471924618158227,0.03551024894498567,-0.02798323,-0.02952497,-0.0024682232,[-0.03778057  0.19799984  0.01069601],/home/rastic/adil_RL/isaac-sim-standalone@4.5.0-rc.36+release.19112.f59b3005.gl.linux-x86_64.release/SE952--Bittle-Quadruped/camera_images_plane/frame_0316.png
317,0.5959445503790327,0.20637196533172464,-0.20637196533172464,-0.5959445503790327,0.06993256243984636,0.8738727803155082,-0.8738727803155082,-0.06993256243984636,0.17185543777898277,0.004667548646800927,0.035378379318773086,-0.10118252,-0.014416494,0.011661042,[-0.01676455  0.20884393 -0.05158563],/home/rastic/adil_RL/isaac-sim-standalone@4.5.0-rc.36+release.19112.f59b3005.gl.linux-x86_64.release/SE952--Bittle-Quadruped/camera_images_plane/frame_0317.png
318,0.12480704810704424,0.5187453603351952,-0.5187453603351952,-0.12480704810704424,0.48003780162154774,1.1444522197627889,-1.1444522197627889,-0.48003780162154774,0.17086760342074908,0.004113171205979409,0.03520894261963308,-0.069482684,-0.009729421,0.030404238,[-0.02106863  0.24243514 -0.05099241],/home/rastic/adil_RL/isaac-sim-standalone@4.5.0-rc.36+release.19112.f59b3005.gl.linux-x86_64.release/SE952--Bittle-Quadruped/camera_images_plane/frame_0318.png
319,-0.46653707828407365,0.47545917382431213,-0.47545917382431213,0.46653707828407365,1.570516951979874,1.5705166292901214,-1.5705166292901214,-1.570516951979874,0.1695632453411039,0.0032432648401149347,0.035143041219497996,-0.08774641,0.015191209,-0.014277196,[-0.00287485  0.1260302  -0.00912089],/home/rastic/adil_RL/isaac-sim-standalone@4.5.0-rc.36+release.19112.f59b3005.gl.linux-x86_64.release/SE952--Bittle-Quadruped/camera_images_plane/frame_0319.png
320,-0.43528244907252756,0.9482705443453634,-0.9482705443453634,0.43528244907252733,1.57051285222987,0.47858805454071285,-0.47858805454071285,-1.5705128522298697,0.1681419115755043,0.0035055277023340508,0.03442523962946551,-0.0040516406,0.07455574,-0.034245417,[ 0.00848425  0.18881728 -0.03320866],/home/rastic/adil_RL/isaac-sim-standalone@4.5.0-rc.36+release.19112.f59b3005.gl.linux-x86_64.release/SE952--Bittle-Quadruped/camera_images_plane/frame_0320.png
321,0.14465509631649232,0.8909255293200236,-0.8909255293200236,-0.14465509631649232,0.912525772931222,0.08048856974458418,-0.08048856974458418,-0.912525772931222,0.1680012015169438,0.004608590637064277,0.03407707228716114,0.018130343,0.04515235,-0.0080457525,[0.00392626 0.1135427  0.04106717],/home/rastic/adil_RL/isaac-sim-standalone@4.5.0-rc.36+release.19112.f59b3005.gl.linux-x86_64.release/SE952--Bittle-Quadruped/camera_images_plane/frame_0321.png
322,0.5270270408167663,0.48548249508931873,-0.48548249508931873,-0.5270270408167663,1.0471534869124515,0.12836543809692214,-0.12836543809692214,-1.0471534869124515,0.1677204318925474,0.004721994830200801,0.03405499373132853,0.052580215,0.010123933,-0.023087597,[ 0.00809383  0.18643086 -0.00400212],/home/rastic/adil_RL/isaac-sim-standalone@4.5.0-rc.36+release.19112.f59b3005.gl.linux-x86_64.release/SE952--Bittle-Quadruped/camera_images_plane/frame_0322.png
323,0.47148858657779513,-0.008092711628422622,0.008092711628422622,-0.47148858657779513,1.5705175758990002,0.6714876529726295,-0.6714876529726295,-1.5705175758990007,0.16825798527412147,0.00500334372231921,0.034070446091873235,0.21810788,0.03458935,0.013183204,[0.00270248 0.33244523 0.07155184],/home/rastic/adil_RL/isaac-sim-standalone@4.5.0-rc.36+release.19112.f59b3005.gl.linux-x86_64.release/SE952--Bittle-Quadruped/camera_images_plane/frame_0323.png
324,0.9546890810110207,-0.47292460148778104,0.47292460148778104,-0.9546890810110207,0.4470037864168326,1.5705178070771126,-1.5705178070771126,-0.4470037864168326,0.17034241502612923,0.005326416383409052,0.034471544407991876,0.09395146,0.013401842,0.029473757,[-0.00896677  0.21521607  0.02067598],/home/rastic/adil_RL/isaac-sim-standalone@4.5.0-rc.36+release.19112.f59b3005.gl.linux-x86_64.release/SE952--Bittle-Quadruped/camera_images_plane/frame_0324.png
325,0.7856954460681814,-0.18025889890226598,0.1802588989022662,-0.7856954460681814,0.036384294078424806,1.2496449504743565,-1.2496449504743568,-0.036384294078424806,0.17107631704096166,0.005256962961301333,0.034769983787775266,0.061508935,-0.048356123,-0.0025562267,[-0.05134398  0.14875871  0.06323767],/home/rastic/adil_RL/isaac-sim-standalone@4.5.0-rc.36+release.19112.f59b3005.gl.linux-x86_64.release/SE952--Bittle-Quadruped/camera_images_plane/frame_0325.png
326,0.37953417679787405,0.4557613531455047,-0.4557613531455047,-0.37953417679787405,0.20653187130874462,0.8510661490806195,-0.8510661490806195,-0.20653187130874462,0.17220129376292617,0.004052937882034089,0.034632025486002777,0.01468645,-0.050708197,0.0014872737,[-0.03992407  0.21890815 -0.01738522],/home/rastic/adil_RL/isaac-sim-standalone@4.5.0-rc.36+release.19112.f59b3005.gl.linux-x86_64.release/SE952--Bittle-Quadruped/camera_images_plane/frame_0326.png
327,-0.42290175779859385,0.4329112477700754,-0.4329112477700754,0.42290175779859385,1.5705112701693955,1.5705125104631406,-1.5705125104631406,-1.5705112701693953,0.1723419992157915,0.0036401861646703742,0.034590844454447815,0.0770073,-0.0531028,-0.05956694,[-0.01885719  0.34798586  0.06880376],/home/rastic/adil_RL/isaac-sim-standalone@4.5.0-rc.36+release.19112.f59b3005.gl.linux-x86_64.release/SE952--Bittle-Quadruped/camera_images_plane/frame_0327.png
328,-0.47077826523907373,0.8233883554430534,-0.8233883554430534,0.47077826523907396,1.5705175191333114,0.8537598042894896,-0.8537598042894898,-1.5705175191333118,0.17419172020670254,0.003298074630948727,0.033326985749946525,0.039392434,0.01808064,-0.003864673,[0.00478769 0.2578852  0.00700663],/home/rastic/adil_RL/isaac-sim-standalone@4.5.0-rc.36+release.19112.f59b3005.gl.linux-x86_64.release/SE952--Bittle-Quadruped/camera_images_plane/frame_0328.png
329,-0.11498668500171338,0.9319509458231933,-0.9319509458231933,0.11498668500171338,1.1641719764940917,0.13020423429503747,-0.13020423429503747,-1.1641719764940917,0.17446750367124061,0.0036413477644501647,0.033521163193507085,0.026067087,0.093271196,-0.0033547827,[ 0.04223889  0.22228701 -0.01633204],/home/rastic/adil_RL/isaac-sim-standalone@4.5.0-rc.36+release.19112.f59b3005.gl.linux-x86_64.release/SE952--Bittle-Quadruped/camera_images_plane/frame_0329.png
330,0.4739782988273027,0.6181862471713742,-0.6181862471713742,-0.4739782988273027,0.867293146032222,0.06122239165985144,-0.06122239165985144,-0.867293146032222,0.17466602828632924,0.004891701924894179,0.033723470062282726,-0.04261847,0.042318538,-0.025599193,[-0.00115051  0.23001881 -0.08283845],/home/rastic/adil_RL/isaac-sim-standalone@4.5.0-rc.36+release.19112.f59b3005.gl.linux-x86_64.release/SE952--Bittle-Quadruped/camera_images_plane/frame_0330.png
331,0.4397865243584995,0.12585345448679663,-0.12585345448679663,-0.4397865243584995,1.5705133967916582,0.47866419705147323,-0.47866419705147323,-1.5705133967916582,0.17255277394931842,0.005039487875798959,0.03353909064173319,0.046635605,0.0067823897,0.0049426695,[-0.00671009  0.40666887  0.01140181],/home/rastic/adil_RL/isaac-sim-standalone@4.5.0-rc.36+release.19112.f59b3005.gl.linux-x86_64.release/SE952--Bittle-Quadruped/camera_images_plane/frame_0331.png
332,0.8383388022992941,-0.4681990042808395,0.4681990042808395,-0.8383388022992941,0.8172830425362794,1.57051717392972,-1.57051717392972,-0.8172830425362796,0.1730590821383702,0.005519381807928853,0.033822958441429914,-0.06013193,-0.013234126,-0.008348521,[-0.00672597  0.24562404  0.01118335],/home/rastic/adil_RL/isaac-sim-standalone@4.5.0-rc.36+release.19112.f59b3005.gl.linux-x86_64.release/SE952--Bittle-Quadruped/camera_images_plane/frame_0332.png
333,0.9291557464355601,-0.42668913272966646,0.42668913272966646,-0.9291557464355601,0.12552766794126213,1.5705117514539257,-1.570511751453926,-0.12552766794126213,0.17203924931963557,0.005558993427367161,0.03378764056384033,-0.04835454,-0.021845745,-0.0001247311,[-0.03347933  0.19208434  0.0060831 ],/home/rastic/adil_RL/isaac-sim-standalone@4.5.0-rc.36+release.19112.f59b3005.gl.linux-x86_64.release/SE952--Bittle-Quadruped/camera_images_plane/frame_0333.png
334,0.6164823348075226,0.18533083056498412,-0.18533083056498412,-0.6164823348075226,0.06185114160726757,0.8860346637394405,-0.8860346637394405,-0.06185114160726757,0.1716187732788191,0.004733617400165256,0.03373801500643036,-0.094233945,0.006174518,0.023926115,[-0.01255442  0.19731854 -0.04846301],/home/rastic/adil_RL/isaac-sim-standalone@4.5.0-rc.36+release.19112.f59b3005.gl.linux-x86_64.release/SE952--Bittle-Quadruped/camera_images_plane/frame_0334.png
335,0.1461723594522899,0.5229987264560878,-0.5229987264560878,-0.1461723594522899,0.45240580190764856,1.1123937081232853,-1.1123937081232853,-0.45240580190764856,0.1701967471441197,0.004177731507250325,0.03368857263741361,-0.08865913,-0.0059725028,0.020693004,[-0.02070287  0.22684407 -0.05495849],/home/rastic/adil_RL/isaac-sim-standalone@4.5.0-rc.36+release.19112.f59b3005.gl.linux-x86_64.release/SE952--Bittle-Quadruped/camera_images_plane/frame_0335.png
336,-0.46443512957109,0.4732931696228717,-0.4732931696228717,0.46443512957109,1.5705166718090087,1.5705178180555222,-1.5705178180555222,-1.5705166718090084,0.16905442938904286,0.0036870685592201562,0.033653894714811165,-0.062186215,0.014904775,-0.009220013,[-0.01214147  0.12736186  0.00060551],/home/rastic/adil_RL/isaac-sim-standalone@4.5.0-rc.36+release.19112.f59b3005.gl.linux-x86_64.release/SE952--Bittle-Quadruped/camera_images_plane/frame_0336.png
337,-0.4398971532568363,0.9678914134696996,-0.9678914134696996,0.4398971532568363,1.5705134482584544,0.3505049029309737,-0.3505049029309737,-1.5705134482584544,0.16802023079436007,0.0035878485209755928,0.03280467911658394,-0.0143559985,0.040969,-0.035872154,[-0.00084514  0.18456785 -0.03013854],/home/rastic/adil_RL/isaac-sim-standalone@4.5.0-rc.36+release.19112.f59b3005.gl.linux-x86_64.release/SE952--Bittle-Quadruped/camera_images_plane/frame_0337.png
338,0.12687145679753753,0.7107738215522355,-0.7107738215522355,-0.12687145679753753,0.9252854740542642,0.03752076449713737,-0.03752076449713737,-0.9252854740542642,0.1676894222730746,0.004668872070599579,0.03259543198761434,0.038075034,0.042477127,0.010168326,[0.00890882 0.10848973 0.0196547 ],/home/rastic/adil_RL/isaac-sim-standalone@4.5.0-rc.36+release.19112.f59b3005.gl.linux-x86_64.release/SE952--Bittle-Quadruped/camera_images_plane/frame_0338.png
339,0.5270307841137436,0.2803589568519844,-0.2803589568519844,-0.5270307841137436,1.0410134661916493,0.2986057684989786,-0.2986057684989786,-1.0410134661916495,0.16715258062698188,0.004577051996758616,0.03283381032126162,0.023268979,0.025936143,0.007217735,[ 0.00121161  0.1786087  -0.0308334 ],/home/rastic/adil_RL/isaac-sim-standalone@4.5.0-rc.36+release.19112.f59b3005.gl.linux-x86_64.release/SE952--Bittle-Quadruped/camera_images_plane/frame_0339.png
340,0.4715132342317623,-0.44682563335491143,0.44682563335491143,-0.4715132342317623,1.570517579203531,1.5705143493663336,-1.5705143493663336,-1.5705175792035306,0.1668569479423165,0.00498374053470033,0.03344668208118626,0.07891566,0.0149223525,0.04224706,[-0.003789    0.16770768  0.02840424],/home/rastic/adil_RL/isaac-sim-standalone@4.5.0-rc.36+release.19112.f59b3005.gl.linux-x86_64.release/SE952--Bittle-Quadruped/camera_images_plane/frame_0340.png
341,0.9566374854212296,-0.4598518390527624,0.4598518390527626,-0.9566374854212296,0.43638949436793206,1.5705160630344253,-1.5705160630344255,-0.4363894943679323,0.16773953938326933,0.0052120930875755155,0.03453404225783467,-0.020302657,-0.040760774,-0.029732566,[-0.01404786  0.18753758 -0.00326924],/home/rastic/adil_RL/isaac-sim-standalone@4.5.0-rc.36+release.19112.f59b3005.gl.linux-x86_64.release/SE952--Bittle-Quadruped/camera_images_plane/frame_0341.png
342,0.7732281503525533,0.018677381387414593,-0.018677381387414593,-0.7732281503525533,0.03519584755355476,1.0173663152527244,-1.0173663152527244,-0.03519584755355476,0.16743150146300964,0.004760298229890753,0.03407056966466352,0.020509776,-0.055230547,-0.046435904,[-0.0237584   0.11412359  0.06377003],/home/rastic/adil_RL/isaac-sim-standalone@4.5.0-rc.36+release.19112.f59b3005.gl.linux-x86_64.release/SE952--Bittle-Quadruped/camera_images_plane/frame_0342.png
343,0.35925722751887523,0.5148809659538582,-0.5148809659538582,-0.35925722751887523,0.22387561449208904,0.9442070262414408,-0.9442070262414408,-0.22387561449208904,0.16780494455578196,0.004070085534710713,0.03294128689361893,0.01086073,-0.050831802,-0.05247468,[-0.02864092  0.16721418 -0.02445478],/home/rastic/adil_RL/isaac-sim-standalone@4.5.0-rc.36+release.19112.f59b3005.gl.linux-x86_64.release/SE952--Bittle-Quadruped/camera_images_plane/frame_0343.png
344,-0.42972468466113933,0.46249575954499855,-0.46249575954499855,0.42972468466113933,1.5705121389212748,1.5705163757464282,-1.5705163757464282,-1.5705121389212748,0.16767972560597458,0.0036464370104465,0.031848475498747794,0.18656099,-0.06356468,-0.12487935,[-0.01484386  0.2833813   0.07863132],/home/rastic/adil_RL/isaac-sim-standalone@4.5.0-rc.36+release.19112.f59b3005.gl.linux-x86_64.release/SE952--Bittle-Quadruped/camera_images_plane/frame_0344.png
345,-0.4685623240007071,0.9223156518832192,-0.9223156518832192,0.4685623240007071,1.5705172225012156,0.5797872184451651,-0.5797872184451651,-1.5705172225012156,0.1693585268544736,0.003489560311959783,0.03000308129197603,0.123656906,-0.007800054,-0.113049954,[-0.00523569  0.22998762  0.03148436],/home/rastic/adil_RL/isaac-sim-standalone@4.5.0-rc.36+release.19112.f59b3005.gl.linux-x86_64.release/SE952--Bittle-Quadruped/camera_images_plane/frame_0345.png
346,-0.07114188668504418,0.8486426535492095,-0.8486426535492095,0.07114188668504418,1.1119652303977405,0.05361933497140914,-0.05361933497140914,-1.1119652303977403,0.17089008132592723,0.0039053171957087055,0.028388526782692193,0.09512687,0.06854607,-0.026639193,[0.04320674 0.16871002 0.03791715],/home/rastic/adil_RL/isaac-sim-standalone@4.5.0-rc.36+release.19112.f59b3005.gl.linux-x86_64.release/SE952--Bittle-Quadruped/camera_images_plane/frame_0346.png
347,0.4903890775245905,0.46279415039016436,-0.46279415039016436,-0.4903890775245905,0.8883496123049714,0.14332941981442882,-0.14332941981442882,-0.8883496123049714,0.1724089242817165,0.005304121137352053,0.028038434637266414,0.04331093,0.019632392,-0.012895463,[-1.7137738e-04  2.4557374e-01 -3.5599113e-02],/home/rastic/adil_RL/isaac-sim-standalone@4.5.0-rc.36+release.19112.f59b3005.gl.linux-x86_64.release/SE952--Bittle-Quadruped/camera_images_plane/frame_0347.png
348,0.4490282892063191,-0.024651330071564947,0.024651330071564947,-0.4490282892063191,1.5705145998300263,0.6976870771514878,-0.6976870771514879,-1.5705145998300263,0.17180944659210992,0.0049758600510236665,0.027428458616044447,0.07637673,0.010932736,0.015033018,[-0.00357966  0.36674973  0.04783025],/home/rastic/adil_RL/isaac-sim-standalone@4.5.0-rc.36+release.19112.f59b3005.gl.linux-x86_64.release/SE952--Bittle-Quadruped/camera_images_plane/frame_0348.png
349,0.8736921343208353,-0.4728524758719379,0.4728524758719381,-0.8736921343208353,0.7259129544177345,1.570517797391053,-1.5705177973910531,-0.7259129544177345,0.17332411468477704,0.004953316178961687,0.027707281817069968,-0.0058623394,-0.00046462007,0.013446069,[-0.01564237  0.25512823 -0.00497796],/home/rastic/adil_RL/isaac-sim-standalone@4.5.0-rc.36+release.19112.f59b3005.gl.linux-x86_64.release/SE952--Bittle-Quadruped/camera_images_plane/frame_0349.png
350,0.9041348690446819,-0.18078108395973702,0.18078108395973724,-0.9041348690446819,0.09296812543406363,1.2503680957892003,-1.2503680957892007,-0.09296812543406363,0.17277625429489998,0.004958393811992968,0.027646517636487605,0.002924092,-0.0606111,-0.01626813,[-0.05326322  0.20154479 -0.00879204],/home/rastic/adil_RL/isaac-sim-standalone@4.5.0-rc.36+release.19112.f59b3005.gl.linux-x86_64.release/SE952--Bittle-Quadruped/camera_images_plane/frame_0350.png
351,0.5610071665393878,0.45325671943772305,-0.45325671943772305,-0.5610071665393878,0.08574869247732542,0.849263834734266,-0.849263834734266,-0.08574869247732542,0.1726974556160615,0.004067711573816473,0.027250851890120834,-0.037727848,-0.037371244,0.009167831,[-0.02104029  0.23019093 -0.06328996],/home/rastic/adil_RL/isaac-sim-standalone@4.5.0-rc.36+release.19112.f59b3005.gl.linux-x86_64.release/SE952--Bittle-Quadruped/camera_images_plane/frame_0351.png
352,0.07562081654863007,0.4303612792260858,-0.4303612792260858,-0.07562081654863007,0.5469647957239147,1.5705121836642872,-1.5705121836642872,-0.5469647957239147,0.17112753046756393,0.0037073417275848477,0.027077187181024975,0.042190485,-0.016238803,-0.0030800793,[-0.020477    0.4011229   0.03032672],/home/rastic/adil_RL/isaac-sim-standalone@4.5.0-rc.36+release.19112.f59b3005.gl.linux-x86_64.release/SE952--Bittle-Quadruped/camera_images_plane/frame_0352.png
353,-0.47103485179732996,0.8092331899018144,-0.8092331899018144,0.4710348517973302,1.5705175535234828,0.8874003146079463,-0.8874003146079463,-1.570517553523483,0.17186686648800603,0.003460781339301647,0.026908991662737376,-0.071133554,-0.017068518,0.03212998,[-0.01381415  0.23950943 -0.0010632 ],/home/rastic/adil_RL/isaac-sim-standalone@4.5.0-rc.36+release.19112.f59b3005.gl.linux-x86_64.release/SE952--Bittle-Quadruped/camera_images_plane/frame_0353.png
354,-0.4166832493389585,0.9405380347386496,-0.9405380347386496,0.4166832493389585,1.57051048521621,0.14653043632931584,-0.14653043632931584,-1.5705104852162097,0.17072413830147162,0.0030442651350881898,0.02713767760053812,-0.051763758,0.006720916,0.0043337196,[ 0.01600973  0.19713044 -0.01187833],/home/rastic/adil_RL/isaac-sim-standalone@4.5.0-rc.36+release.19112.f59b3005.gl.linux-x86_64.release/SE952--Bittle-Quadruped/camera_images_plane/frame_0354.png
355,0.21571817144726202,0.6440013224304917,-0.6440013224304917,-0.21571817144726202,0.8688248136110699,0.05250298846038881,-0.05250298846038881,-0.8688248136110699,0.17017518437819082,0.0036341607005877666,0.02703920318137734,-0.08872412,-0.017651808,-0.038725235,[ 0.00359409  0.20183757 -0.07046451],/home/rastic/adil_RL/isaac-sim-standalone@4.5.0-rc.36+release.19112.f59b3005.gl.linux-x86_64.release/SE952--Bittle-Quadruped/camera_images_plane/frame_0355.png
356,0.516914295933985,0.17032398476245314,-0.17032398476245314,-0.516914295933985,1.155902899876777,0.42221649932026173,-0.42221649932026173,-1.1559028998767769,0.16883681115140625,0.004306935982109456,0.02687050719953676,-0.059731685,0.024271028,-0.02464572,[ 0.00743109  0.27369142 -0.0482892 ],/home/rastic/adil_RL/isaac-sim-standalone@4.5.0-rc.36+release.19112.f59b3005.gl.linux-x86_64.release/SE952--Bittle-Quadruped/camera_images_plane/frame_0356.png
357,0.47593255369067,-0.46231962999721743,0.46231962999721743,-0.47593255369067,1.5705163422993857,1.5705163904515376,-1.5705163904515376,-1.5705163422993857,0.16794634138254985,0.005020465371571656,0.026895187163102838,-0.072778374,0.0031062653,0.00053702854,[-0.00076549  0.15786695  0.00070163],/home/rastic/adil_RL/isaac-sim-standalone@4.5.0-rc.36+release.19112.f59b3005.gl.linux-x86_64.release/SE952--Bittle-Quadruped/camera_images_plane/frame_0357.png
358,0.9483302705608843,-0.4428409316817088,0.4428409316817088,-0.9483302705608843,0.4783129894238112,1.5705138302180666,-1.5705138302180666,-0.47831298942381095,0.16676926999586603,0.00496213125546322,0.027685028647738686,-0.018269539,-0.0333757,0.053666107,[-0.01649638  0.2019239  -0.02973112],/home/rastic/adil_RL/isaac-sim-standalone@4.5.0-rc.36+release.19112.f59b3005.gl.linux-x86_64.release/SE952--Bittle-Quadruped/camera_images_plane/frame_0358.png
359,0.8921080717128791,0.11449024800172847,-0.11449024800172847,-0.8921080717128791,0.08150655145583752,0.9345775573389714,-0.9345775573389714,-0.08150655145583752,0.16643993067912222,0.0038542733495187144,0.028200432801077258,0.108802214,-0.1207252,0.023742093,[-0.07032966  0.12144417  0.01311206],/home/rastic/adil_RL/isaac-sim-standalone@4.5.0-rc.36+release.19112.f59b3005.gl.linux-x86_64.release/SE952--Bittle-Quadruped/camera_images_plane/frame_0359.png
360,0.49147583880716006,0.5262908365906116,-0.5262908365906116,-0.4914758388071603,0.12457660661243974,1.0166866425910996,-1.0166866425910996,-0.12457660661243952,0.1672324442958518,0.0022285675916197045,0.02819766781388481,0.08380488,-0.013745673,0.07144976,[-0.02082452  0.19523218 -0.01287922],/home/rastic/adil_RL/isaac-sim-standalone@4.5.0-rc.36+release.19112.f59b3005.gl.linux-x86_64.release/SE952--Bittle-Quadruped/camera_images_plane/frame_0360.png
361,0.0013188820322180828,0.4698993344802922,-0.4698993344802922,-0.0013188820322178607,0.6568252380498328,1.5705173629991673,-1.5705173629991673,-0.6568252380498331,0.1663935938790099,0.0035723237398273006,0.029929262163671918,0.13032119,-0.012503022,-0.001421815,[-0.01600665  0.33390287  0.07435833],/home/rastic/adil_RL/isaac-sim-standalone@4.5.0-rc.36+release.19112.f59b3005.gl.linux-x86_64.release/SE952--Bittle-Quadruped/camera_images_plane/frame_0361.png
362,-0.47300761956393855,0.9480213411632761,-0.9480213411632761,0.47300761956393855,1.5705178182268233,0.4797325354256392,-0.4797325354256392,-1.5705178182268233,0.16861255157047253,0.003409830476071121,0.0298261235006583,0.003468262,0.010473533,-0.008308566,[-0.00623046  0.22153519  0.01152233],/home/rastic/adil_RL/isaac-sim-standalone@4.5.0-rc.36+release.19112.f59b3005.gl.linux-x86_64.release/SE952--Bittle-Quadruped/camera_images_plane/frame_0362.png
363,-0.20273545102188195,0.8032803179750971,-0.8032803179750971,0.20273545102188195,1.2813674636590524,0.03917078475606939,-0.03917078475606939,-1.2813674636590524,0.16860743908938713,0.00327051525034534,0.029665425511726573,0.034196198,0.04534814,-0.010096278,[0.04360614 0.15644085 0.03482931],/home/rastic/adil_RL/isaac-sim-standalone@4.5.0-rc.36+release.19112.f59b3005.gl.linux-x86_64.release/SE952--Bittle-Quadruped/camera_images_plane/frame_0363.png
364,0.4451095457133343,0.40165936950859804,-0.40165936950859804,-0.4451095457133343,0.843989929698824,0.18847640432976254,-0.18847640432976254,-0.843989929698824,0.16961488092426713,0.004487693471844429,0.029375424297721903,0.08367966,0.114309326,-0.040389452,[ 0.05471127  0.19556941 -0.05171424],/home/rastic/adil_RL/isaac-sim-standalone@4.5.0-rc.36+release.19112.f59b3005.gl.linux-x86_64.release/SE952--Bittle-Quadruped/camera_images_plane/frame_0364.png
365,0.42741105486794484,-0.07720686191478121,0.07720686191478077,-0.42741105486794484,1.5705118068975605,0.7841835574557814,-0.7841835574557806,-1.5705118068975605,0.17083846184673834,0.006960108725965927,0.02948301545398209,0.17544839,0.020080276,0.087181896,[-0.02041817  0.33497235  0.0600389 ],/home/rastic/adil_RL/isaac-sim-standalone@4.5.0-rc.36+release.19112.f59b3005.gl.linux-x86_64.release/SE952--Bittle-Quadruped/camera_images_plane/frame_0365.png
366,0.8025428102808221,-0.4716007311281192,0.4716007311281192,-0.8025428102808221,0.9030364174528647,1.570517629399229,-1.570517629399229,-0.9030364174528647,0.1713052198166426,0.005494863438028391,0.03012198303027659,0.074240476,-0.02659228,0.042271383,[-0.03004132  0.23853326  0.00891434],/home/rastic/adil_RL/isaac-sim-standalone@4.5.0-rc.36+release.19112.f59b3005.gl.linux-x86_64.release/SE952--Bittle-Quadruped/camera_images_plane/frame_0366.png
367,0.9415248753810201,-0.13303077925299256,0.13303077925299256,-0.9415248753810201,0.14863313816005075,1.1868487744312632,-1.1868487744312635,-0.14863313816005075,0.17149496881328397,0.004481053075119647,0.030012683241664125,0.002505869,-0.039887574,-0.024559641,[-0.02811719  0.23624949  0.01598572],/home/rastic/adil_RL/isaac-sim-standalone@4.5.0-rc.36+release.19112.f59b3005.gl.linux-x86_64.release/SE952--Bittle-Quadruped/camera_images_plane/frame_0367.png
368,0.6451126553441903,0.46822034515277666,-0.46822034515277666,-0.6451126553441903,0.0521622755950385,0.8615039151634272,-0.8615039151634272,-0.0521622755950385,0.1714886309390408,0.004005705474239294,0.029440561230254347,-0.11795834,0.024036013,0.018825421,[ 0.0110844   0.2378532  -0.04646793],/home/rastic/adil_RL/isaac-sim-standalone@4.5.0-rc.36+release.19112.f59b3005.gl.linux-x86_64.release/SE952--Bittle-Quadruped/camera_images_plane/frame_0368.png
369,0.1559413739444897,0.43706481788741636,-0.43706481788741636,-0.15594137394448948,0.440061098988792,1.5705130450227736,-1.5705130450227736,-0.4400610989887922,0.17014656876569342,0.004032636280985235,0.0293906943301532,-0.009548485,0.0005938858,0.008416624,[-0.01827436  0.42222372  0.03539693],/home/rastic/adil_RL/isaac-sim-standalone@4.5.0-rc.36+release.19112.f59b3005.gl.linux-x86_64.release/SE952--Bittle-Quadruped/camera_images_plane/frame_0369.png
370,-0.46543069276949334,0.8295768301766615,-0.8295768301766615,0.46543069276949334,1.5705168044325444,0.8387884651694542,-0.8387884651694542,-1.5705168044325442,0.17101064975679925,0.003381866656039189,0.02891512001713547,-0.03270831,-0.008887014,-0.00042103743,[-0.00913778  0.27367017 -0.00487348],/home/rastic/adil_RL/isaac-sim-standalone@4.5.0-rc.36+release.19112.f59b3005.gl.linux-x86_64.release/SE952--Bittle-Quadruped/camera_images_plane/frame_0370.png
371,-0.43425551816320374,0.9331531991238997,-0.9331531991238997,0.43425551816320396,1.5705127200534053,0.13230241910219265,-0.13230241910219265,-1.5705127200534055,0.1703669035293563,0.0030812271731298197,0.028626883398954844,-0.009196218,0.053081714,-0.01719634,[ 0.02299178  0.21616724 -0.01453229],/home/rastic/adil_RL/isaac-sim-standalone@4.5.0-rc.36+release.19112.f59b3005.gl.linux-x86_64.release/SE952--Bittle-Quadruped/camera_images_plane/frame_0371.png
372,0.15691748539733053,0.62602495913615,-0.62602495913615,-0.15691748539733053,0.9041385684530283,0.05841376594898384,-0.05841376594898384,-0.9041385684530283,0.17002343840121695,0.0038345585019096983,0.028487507194192286,-0.065825336,0.013388384,-0.03221207,[ 0.01477036  0.22424807 -0.07403752],/home/rastic/adil_RL/isaac-sim-standalone@4.5.0-rc.36+release.19112.f59b3005.gl.linux-x86_64.release/SE952--Bittle-Quadruped/camera_images_plane/frame_0372.png
373,0.5262505917781692,0.15511499696424913,-0.15511499696424913,-0.5262505917781692,1.0731034308847813,0.44109832919720193,-0.4410983291972018,-1.0731034308847813,0.16838251526745338,0.004783154077401024,0.02844483578208761,-0.115899295,0.015236907,-0.0021965555,[ 0.00516179  0.25974175 -0.08768994],/home/rastic/adil_RL/isaac-sim-standalone@4.5.0-rc.36+release.19112.f59b3005.gl.linux-x86_64.release/SE952--Bittle-Quadruped/camera_images_plane/frame_0373.png
374,0.4728036461633085,-0.4635962084922758,0.4635962084922758,-0.4728036461633085,1.5705177523235747,1.5705165601593334,-1.5705165601593334,-1.5705177523235747,0.1661695302707094,0.005193174876084244,0.028839601099297136,-0.045707867,-0.021515267,0.04343494,[-0.0001564   0.14215179  0.00378865],/home/rastic/adil_RL/isaac-sim-standalone@4.5.0-rc.36+release.19112.f59b3005.gl.linux-x86_64.release/SE952--Bittle-Quadruped/camera_images_plane/frame_0374.png
375,0.963821537585422,-0.4412893050368749,0.4412893050368749,-0.963821537585422,0.3897257349089367,1.570513628724327,-1.570513628724327,-0.3897257349089367,0.16521392426860215,0.00489609782008767,0.029446879588055894,-0.01315438,-0.019932792,0.06706282,[-0.0131233   0.19230096 -0.02817158],/home/rastic/adil_RL/isaac-sim-standalone@4.5.0-rc.36+release.19112.f59b3005.gl.linux-x86_64.release/SE952--Bittle-Quadruped/camera_images_plane/frame_0375.png
376,0.7388377243336954,0.12140191586528903,-0.12140191586528903,-0.7388377243336954,0.03489953372908294,0.9293494051374598,-0.9293494051374598,-0.03489953372908294,0.16465084072349875,0.0038197405855667195,0.030220729988800363,0.03594844,-0.050316386,0.0057130354,[0.00022968 0.14012566 0.06346185],/home/rastic/adil_RL/isaac-sim-standalone@4.5.0-rc.36+release.19112.f59b3005.gl.linux-x86_64.release/SE952--Bittle-Quadruped/camera_images_plane/frame_0376.png
377,0.3147358947221045,0.5269750673124689,-0.5269750673124689,-0.3147358947221045,0.26462650162929213,1.0357400068070926,-1.0357400068070926,-0.26462650162929224,0.16467984763944232,0.003705566148900084,0.030434831135205686,0.032886725,-0.026837202,-0.014713666,[-0.00810383  0.19830737 -0.00254532],/home/rastic/adil_RL/isaac-sim-standalone@4.5.0-rc.36+release.19112.f59b3005.gl.linux-x86_64.release/SE952--Bittle-Quadruped/camera_images_plane/frame_0377.png
378,-0.44007546536115627,0.47128705589294384,-0.47128705589294384,0.44007546536115627,1.570513471356317,1.5705175488826812,-1.5705175488826812,-1.5705134713563167,0.16516933338123765,0.0034745682559272338,0.030198657830219997,0.10417736,-0.03553002,-0.055925496,[0.00125439 0.2666293  0.07402536],/home/rastic/adil_RL/isaac-sim-standalone@4.5.0-rc.36+release.19112.f59b3005.gl.linux-x86_64.release/SE952--Bittle-Quadruped/camera_images_plane/frame_0378.png
379,-0.46405379626644705,0.9557584752862704,-0.9557584752862704,0.46405379626644705,1.5705166210462758,0.441252071111337,-0.441252071111337,-1.5705166210462755,0.16737099828273447,0.0032538198073771237,0.028627048125333978,0.05651553,0.03187771,-0.035689212,[0.01024493 0.24413362 0.02237481],/home/rastic/adil_RL/isaac-sim-standalone@4.5.0-rc.36+release.19112.f59b3005.gl.linux-x86_64.release/SE952--Bittle-Quadruped/camera_images_plane/frame_0379.png
380,-0.017411223346523563,0.7757529862178717,-0.7757529862178717,0.017411223346523563,1.0534087439577562,0.03538681058810689,-0.03538681058810689,-1.0534087439577562,0.1681081912409098,0.0037980045231601027,0.02852918223985247,0.08840956,0.030061817,-0.00069042575,[0.01339489 0.17153405 0.06675253],/home/rastic/adil_RL/isaac-sim-standalone@4.5.0-rc.36+release.19112.f59b3005.gl.linux-x86_64.release/SE952--Bittle-Quadruped/camera_images_plane/frame_0380.png
381,0.5063580026286232,0.3620602223753929,-0.3620602223753929,-0.5063580026286232,0.9192342013282702,0.221432758839042,-0.22143275883904212,-0.9192342013282702,0.1687685898111454,0.004178213005223777,0.028717222701558194,0.05390576,0.029034372,0.0054958686,[ 0.00954903  0.22542219 -0.03058448],/home/rastic/adil_RL/isaac-sim-standalone@4.5.0-rc.36+release.19112.f59b3005.gl.linux-x86_64.release/SE952--Bittle-Quadruped/camera_images_plane/frame_0381.png
382,0.45770286648445735,-0.4292522906444145,0.4292522906444145,-0.45770286648445735,1.5705157407109205,1.5705120785237134,-1.5705120785237134,-1.5705157407109205,0.16900428250773517,0.004695418314585179,0.029189282897930387,0.14919418,0.04755669,0.09794051,[0.00407415 0.33460292 0.08345561],/home/rastic/adil_RL/isaac-sim-standalone@4.5.0-rc.36+release.19112.f59b3005.gl.linux-x86_64.release/SE952--Bittle-Quadruped/camera_images_plane/frame_0382.png
383,0.9049980389993266,-0.4686688485185573,0.4686688485185573,-0.9049980389993266,0.6358590228355998,1.5705172367456721,-1.5705172367456721,-0.6358590228355998,0.17113923714658313,0.005031989237011899,0.031046812628198788,0.057818163,-0.02478572,0.044467166,[-0.01078411  0.27684933  0.03037096],/home/rastic/adil_RL/isaac-sim-standalone@4.5.0-rc.36+release.19112.f59b3005.gl.linux-x86_64.release/SE952--Bittle-Quadruped/camera_images_plane/frame_0383.png
384,0.8724904516606171,-0.0722001690282108,0.0722001690282108,-0.8724904516606171,0.06671322129153956,1.1131779611083485,-1.1131779611083483,-0.06671322129153956,0.17191467469406355,0.004662344359626937,0.03163988255337065,0.042617105,-0.03858008,-0.0010140687,[-0.03273335  0.22821061  0.05143175],/home/rastic/adil_RL/isaac-sim-standalone@4.5.0-rc.36+release.19112.f59b3005.gl.linux-x86_64.release/SE952--Bittle-Quadruped/camera_images_plane/frame_0384.png
385,0.5018167521299883,0.49018613493775987,-0.49018613493775987,-0.5018167521299883,0.1182018017058859,0.8880375248756351,-0.8880375248756351,-0.1182018017058859,0.17286932670150396,0.004073720982519268,0.03146403126712037,-0.004264037,-0.032614343,0.0025928332,[-0.02142289  0.2688063  -0.03081761],/home/rastic/adil_RL/isaac-sim-standalone@4.5.0-rc.36+release.19112.f59b3005.gl.linux-x86_64.release/SE952--Bittle-Quadruped/camera_images_plane/frame_0385.png
386,0.014739001235534843,0.4489832419567703,-0.4489832419567703,-0.014739001235533733,0.6362065243626385,1.570514593934485,-1.570514593934485,-0.6362065243626401,0.1725035669523947,0.0036824861882136717,0.03124265059252717,0.111508794,-0.028983563,-0.0065436913,[-0.02517723  0.41789788  0.03930594],/home/rastic/adil_RL/isaac-sim-standalone@4.5.0-rc.36+release.19112.f59b3005.gl.linux-x86_64.release/SE952--Bittle-Quadruped/camera_images_plane/frame_0386.png
387,-0.4729251207650209,0.8737650436327298,-0.8737650436327298,0.47292512076502113,1.5705178071468509,0.7257151602239942,-0.7257151602239942,-1.570517807146851,0.17346000182130045,0.0034874175585080714,0.030933339784600267,0.008836731,-0.0232984,-0.004409523,[-0.01119594  0.29239228 -0.01419802],/home/rastic/adil_RL/isaac-sim-standalone@4.5.0-rc.36+release.19112.f59b3005.gl.linux-x86_64.release/SE952--Bittle-Quadruped/camera_images_plane/frame_0387.png
388,-0.3983829792216682,0.9038919429111124,-0.9038919429111124,0.3983829792216682,1.5705082147473506,0.09271486058005651,-0.09271486058005651,-1.5705082147473506,0.17274819126967897,0.003187376582002732,0.03091921480270513,-0.038949266,0.029266309,-0.007627829,[ 0.02031901  0.22984695 -0.01200691],/home/rastic/adil_RL/isaac-sim-standalone@4.5.0-rc.36+release.19112.f59b3005.gl.linux-x86_64.release/SE952--Bittle-Quadruped/camera_images_plane/frame_0388.png
389,0.2666859466192728,0.5589622834807868,-0.5589622834807868,-0.2666859466192728,0.8454124822620317,0.08675289606057413,-0.08675289606057413,-0.8454124822620317,0.17235226083667823,0.003992055901450291,0.030788753360089214,-0.08473078,0.024676934,-0.010472074,[ 0.00736606  0.25946054 -0.07499994],/home/rastic/adil_RL/isaac-sim-standalone@4.5.0-rc.36+release.19112.f59b3005.gl.linux-x86_64.release/SE952--Bittle-Quadruped/camera_images_plane/frame_0389.png
390,0.494309012063475,0.0836777756211804,-0.0836777756211804,-0.4943090120634752,1.2582738403696132,0.5356849620786255,-0.5356849620786255,-1.258273840369613,0.17131714136441745,0.004618372887830365,0.030866805497682708,-0.040522754,0.02176646,-0.01689095,[ 0.00381425  0.3518584  -0.0149738 ],/home/rastic/adil_RL/isaac-sim-standalone@4.5.0-rc.36+release.19112.f59b3005.gl.linux-x86_64.release/SE952--Bittle-Quadruped/camera_images_plane/frame_0390.png
391,0.481256178771043,-0.46997357642634996,0.46997357642634996,-0.481256178771043,1.570511943476907,1.570517411338702,-1.5705174113387017,-1.570511943476907,0.17034009044025328,0.005129585651983527,0.030772146766109162,-0.092167795,0.01773241,-3.975071e-05,[-1.4666663e-04  2.1963713e-01  5.3131860e-03],/home/rastic/adil_RL/isaac-sim-standalone@4.5.0-rc.36+release.19112.f59b3005.gl.linux-x86_64.release/SE952--Bittle-Quadruped/camera_images_plane/frame_0391.png
392,0.9630893434096834,-0.4239031601345411,0.4239031601345411,-0.9630893434096834,0.3953007963522728,1.5705113971897604,-1.5705113971897606,-0.3953007963522728,0.1686887047552671,0.005338051561743276,0.031024487903839815,0.007082383,-0.101791196,0.016050193,[-0.03249643  0.2465543  -0.04244004],/home/rastic/adil_RL/isaac-sim-standalone@4.5.0-rc.36+release.19112.f59b3005.gl.linux-x86_64.release/SE952--Bittle-Quadruped/camera_images_plane/frame_0392.png
393,0.8525571527381427,0.18824407632920748,-0.18824407632920748,-0.8525571527381427,0.0554617145103935,0.8842862800336957,-0.8842862800336957,-0.0554617145103935,0.16860696240218595,0.00410082223015367,0.031065217398781507,0.016869178,-0.08223857,0.008744757,[-0.07638675  0.14980792  0.01539875],/home/rastic/adil_RL/isaac-sim-standalone@4.5.0-rc.36+release.19112.f59b3005.gl.linux-x86_64.release/SE952--Bittle-Quadruped/camera_images_plane/frame_0393.png
394,0.4225875896285882,0.5236774979103636,-0.5236774979103636,-0.4225875896285882,0.17223469818864956,1.1060537062162847,-1.1060537062162847,-0.17223469818864956,0.16930536076799896,0.002105477890300986,0.030875903329922943,0.07552308,0.0037118588,0.10473539,[-0.02889032  0.26151147  0.00883983],/home/rastic/adil_RL/isaac-sim-standalone@4.5.0-rc.36+release.19112.f59b3005.gl.linux-x86_64.release/SE952--Bittle-Quadruped/camera_images_plane/frame_0394.png
395,-0.06849022899738832,0.4731665450284295,-0.4731665450284295,0.06849022899738832,0.769491940659122,1.5705178010496432,-1.5705178010496432,-0.769491940659122,0.1692646560808565,0.0032975030286103543,0.03269707243509728,0.16626993,-0.024593454,-0.00043700426,[-0.01549972  0.33651718  0.07665713],/home/rastic/adil_RL/isaac-sim-standalone@4.5.0-rc.36+release.19112.f59b3005.gl.linux-x86_64.release/SE952--Bittle-Quadruped/camera_images_plane/frame_0395.png
396,-0.47128625794638457,0.9652670676555559,-0.9652670676555559,0.47128625794638457,1.5705175872278967,0.37777369813306216,-0.37777369813306216,-1.5705175872278967,0.17107925434570737,0.003160859832079138,0.032378830141367276,0.063265406,-0.0084362235,-0.010163328,[0.0023349  0.25775576 0.01517416],/home/rastic/adil_RL/isaac-sim-standalone@4.5.0-rc.36+release.19112.f59b3005.gl.linux-x86_64.release/SE952--Bittle-Quadruped/camera_images_plane/frame_0396.png
397,-0.11319545046340007,0.7376636258590918,-0.7376636258590918,0.11319545046340118,1.1619593235759744,0.034960418298653484,-0.034960418298653484,-1.1619593235759766,0.17184852747892576,0.003394755768798313,0.03261164593476662,0.03377766,0.04095652,0.026158212,[0.04151343 0.18815772 0.03602202],/home/rastic/adil_RL/isaac-sim-standalone@4.5.0-rc.36+release.19112.f59b3005.gl.linux-x86_64.release/SE952--Bittle-Quadruped/camera_images_plane/frame_0397.png
398,0.4786494770165042,0.31844306591120386,-0.31844306591120375,-0.4786494770165042,0.8725293374516723,0.26109319758881655,-0.26109319758881666,-0.8725293374516723,0.17239331255942983,0.004387143637071715,0.033115745388916755,-0.038319208,0.040582534,0.038581464,[ 0.02758455  0.24002059 -0.04670872],/home/rastic/adil_RL/isaac-sim-standalone@4.5.0-rc.36+release.19112.f59b3005.gl.linux-x86_64.release/SE952--Bittle-Quadruped/camera_images_plane/frame_0398.png
399,0.4440878651408573,-0.43736926060775927,0.4373692606077595,-0.4440878651408573,1.5705139550836758,1.5705131213421748,-1.570513121342175,-1.5705139550836758,0.17194876208212412,0.004805465097412393,0.03369158252551979,0.025904931,0.043823373,0.09550286,[-0.00484615  0.2834985   0.01630711],/home/rastic/adil_RL/isaac-sim-standalone@4.5.0-rc.36+release.19112.f59b3005.gl.linux-x86_64.release/SE952--Bittle-Quadruped/camera_images_plane/frame_0399.png
