time_step,joint_pos_0,joint_pos_1,joint_pos_2,joint_pos_3,joint_pos_4,joint_pos_5,joint_pos_6,joint_pos_7,imu_roll,imu_pitch,imu_yaw,imu_ang_vel_x,imu_ang_vel_y,imu_ang_vel_z,linear_velocity_x,linear_velocity_y,linear_velocity_z,camera_image_file
0,0.4733016045430798,-0.4728866672187091,0.4728866672187093,-0.4733016045430798,1.5705178191884213,1.5705178019826698,-1.5705178019826702,-1.5705178191884213,0.0,0.0,0.0,0.0,0.0,0.0,[-0.00500912 -0.0062574  -0.17713729],/home/rastic/adil_RL/isaac-sim-standalone@4.5.0-rc.36+release.19112.f59b3005.gl.linux-x86_64.release/SE952--Bittle-Quadruped/camera_images_rocky1/frame_0000.png
1,0.8767426516785142,-0.4283442656079206,0.4283442656079206,-0.8767426516785142,0.7175974639004723,1.5705119625318653,-1.5705119625318653,-0.7175974639004721,1.1321624193705304e-10,-3.033634975169175e-12,-3.161315306754453e-11,0.015092714,-0.040434875,0.11585033,[-0.00222396 -0.02084575 -0.30218768],/home/rastic/adil_RL/isaac-sim-standalone@4.5.0-rc.36+release.19112.f59b3005.gl.linux-x86_64.release/SE952--Bittle-Quadruped/camera_images_rocky1/frame_0001.png
2,0.934243210979314,0.15834804236162348,-0.15834804236162348,-0.934243210979314,0.13425287422170262,0.9031822999803503,-0.9031822999803505,-0.13425287422170262,0.0006183103198614128,-0.0005712983276402209,0.001645811331623383,0.095497355,-0.0172101,0.044010866,[-0.00144841 -0.00722043 -0.46978256],/home/rastic/adil_RL/isaac-sim-standalone@4.5.0-rc.36+release.19112.f59b3005.gl.linux-x86_64.release/SE952--Bittle-Quadruped/camera_images_rocky1/frame_0002.png
3,0.5899426006352226,0.5267495139007368,-0.5267495139007368,-0.5899426006352226,0.07246681773940611,1.0613375649902117,-1.0613375649902117,-0.07246681773940611,0.0022007157423564734,-0.0008620010825088902,0.0023884036494362096,0.5154295,-0.013980035,0.050801564,[-0.00206345  0.1581018  -0.6074499 ],/home/rastic/adil_RL/isaac-sim-standalone@4.5.0-rc.36+release.19112.f59b3005.gl.linux-x86_64.release/SE952--Bittle-Quadruped/camera_images_rocky1/frame_0003.png
4,0.09078124303095558,0.4719621680803674,-0.4719621680803674,-0.09078124303095514,0.5258430235906421,1.5705176394066847,-1.570517639406685,-0.5258430235906425,0.009612094679838304,-0.0010913204006829296,0.0030526644947687473,0.49180344,-0.012366557,0.0531506,[-0.00201582  0.16312857 -0.7838985 ],/home/rastic/adil_RL/isaac-sim-standalone@4.5.0-rc.36+release.19112.f59b3005.gl.linux-x86_64.release/SE952--Bittle-Quadruped/camera_images_rocky1/frame_0004.png
5,-0.47097988264791124,0.9566020804897288,-0.9566020804897288,0.47097988264791124,1.5705175461552505,0.4365878664358849,-0.4365878664358849,-1.5705175461552507,0.0179218654647204,-0.0013050111222384774,0.003934719599009292,0.29882956,-0.012537835,0.032148726,[-0.00200116  0.07164026 -0.9378884 ],/home/rastic/adil_RL/isaac-sim-standalone@4.5.0-rc.36+release.19112.f59b3005.gl.linux-x86_64.release/SE952--Bittle-Quadruped/camera_images_rocky1/frame_0005.png
6,-0.4141490296976009,0.7808454490788336,-0.7808454490788336,0.4141490296976009,1.5705101672378832,0.035848041100152606,-0.035848041100152606,-1.5705101672378832,0.02324182168042612,-0.0015322487044877695,0.00449158752112554,0.11099178,-0.013417602,0.033822548,[-0.00160661 -0.00508274 -1.1120275 ],/home/rastic/adil_RL/isaac-sim-standalone@4.5.0-rc.36+release.19112.f59b3005.gl.linux-x86_64.release/SE952--Bittle-Quadruped/camera_images_rocky1/frame_0006.png
7,0.22781664171367177,0.3713584589457475,-0.3713584589457475,-0.22781664171367177,0.8626251425587397,0.21343332657832925,-0.21343332657832925,-0.8626251425587397,0.025050757101213357,-0.0017765291299487037,0.005046398424254666,0.02204272,-0.011749351,0.038295127,[-1.4049286e-03  2.0347279e-05 -1.3128322e+00],/home/rastic/adil_RL/isaac-sim-standalone@4.5.0-rc.36+release.19112.f59b3005.gl.linux-x86_64.release/SE952--Bittle-Quadruped/camera_images_rocky1/frame_0007.png
8,0.5114294719625718,-0.42229490325588626,0.42229490325588626,-0.5114294719625718,1.1857707572249157,1.5705111932767843,-1.5705111932767843,-1.1857707572249157,0.025651505056163437,-0.0020052350060334586,0.005691615196064624,0.45480633,-0.013140166,0.051833652,[-0.00304084  0.16489537 -1.4314514 ],/home/rastic/adil_RL/isaac-sim-standalone@4.5.0-rc.36+release.19112.f59b3005.gl.linux-x86_64.release/SE952--Bittle-Quadruped/camera_images_rocky1/frame_0008.png
9,0.47864817210708743,-0.47155392411151364,0.47155392411151364,-0.47864817210708743,1.570514443616668,1.570517623121498,-1.570517623121498,-1.570514443616668,0.03299365478925788,-0.0022285473353034057,0.006546485389474363,-0.014424473,0.06070316,0.102461055,[ 0.01489127 -0.04353556 -1.5635183 ],/home/rastic/adil_RL/isaac-sim-standalone@4.5.0-rc.36+release.19112.f59b3005.gl.linux-x86_64.release/SE952--Bittle-Quadruped/camera_images_rocky1/frame_0009.png
10,0.9581700675500329,-0.14645841585867414,0.14645841585867414,-0.9581700675500329,0.4275804136594945,1.2041879300999694,-1.2041879300999694,-0.4275804136594945,0.03538068532824209,-0.0024737875993983724,0.00783182186868125,0.026558429,-0.08622972,0.01392317,[-0.06743882 -0.53795695 -1.2883046 ],/home/rastic/adil_RL/isaac-sim-standalone@4.5.0-rc.36+release.19112.f59b3005.gl.linux-x86_64.release/SE952--Bittle-Quadruped/camera_images_rocky1/frame_0010.png
11,0.8650393137336908,0.4577348206871772,-0.4577348206871772,-0.8650393137336908,0.06211628269463121,0.852551068013738,-0.852551068013738,-0.06211628269463121,0.03592272201525406,-0.003422302587931458,0.008234388841223631,-0.417198,0.16370776,-0.033754967,[ 0.12651107 -0.57885724 -0.7993626 ],/home/rastic/adil_RL/isaac-sim-standalone@4.5.0-rc.36+release.19112.f59b3005.gl.linux-x86_64.release/SE952--Bittle-Quadruped/camera_images_rocky1/frame_0011.png
12,0.4218219186462927,0.42964032183158984,-0.42964032183158984,-0.4218219186462927,0.1728145331363634,1.5705120914602086,-1.5705120914602086,-0.1728145331363634,0.03262710701744822,-0.0017575347763851403,0.007821507378926394,-0.32099316,0.42255038,-0.085137725,[ 0.07457244 -0.31358027 -0.3760398 ],/home/rastic/adil_RL/isaac-sim-standalone@4.5.0-rc.36+release.19112.f59b3005.gl.linux-x86_64.release/SE952--Bittle-Quadruped/camera_images_rocky1/frame_0012.png
13,-0.4201329101805966,0.7948209018048511,-0.7948209018048511,0.4201329101805966,1.5705109198452225,0.9208938546710868,-0.9208938546710868,-1.5705109198452225,0.026692939618741432,0.007810869514622347,0.007088443648320281,0.050781086,0.21817558,-0.034387648,[ 0.17722848 -0.16752408 -0.06353889],/home/rastic/adil_RL/isaac-sim-standalone@4.5.0-rc.36+release.19112.f59b3005.gl.linux-x86_64.release/SE952--Bittle-Quadruped/camera_images_rocky1/frame_0013.png
14,-0.46962668010342945,0.9494897097879196,-0.9494897097879196,0.46962668010342945,1.570517364896054,0.16791842984382033,-0.16791842984382033,-1.570517364896054,0.026623949714497268,0.014114490895724119,0.007054136854010196,0.04134883,0.34831846,0.015084874,[ 0.1854552  -0.25903836 -0.06592347],/home/rastic/adil_RL/isaac-sim-standalone@4.5.0-rc.36+release.19112.f59b3005.gl.linux-x86_64.release/SE952--Bittle-Quadruped/camera_images_rocky1/frame_0014.png
15,-0.07662943775972986,0.6759846309065703,-0.6759846309065703,0.07662943775973075,1.1182788233896575,0.04389375596811296,-0.04389375596811296,-1.118278823389659,0.026625214312479623,0.019435165195728257,0.007475047420514076,-0.089483775,0.21113054,0.0042209215,[ 0.05393834 -0.2523814   0.08957537],/home/rastic/adil_RL/isaac-sim-standalone@4.5.0-rc.36+release.19112.f59b3005.gl.linux-x86_64.release/SE952--Bittle-Quadruped/camera_images_rocky1/frame_0015.png
16,0.4883613842375658,0.2158428380949794,-0.2158428380949794,-0.4883613842375658,0.885299670880153,0.368322212610774,-0.3683222126107739,-0.8852996708801533,0.026003595357445612,0.023434146258838332,0.007797082416228501,-0.08408135,0.13043198,-0.022844689,[ 0.05175468 -0.31823996  0.04394801],/home/rastic/adil_RL/isaac-sim-standalone@4.5.0-rc.36+release.19112.f59b3005.gl.linux-x86_64.release/SE952--Bittle-Quadruped/camera_images_rocky1/frame_0016.png
17,0.449841593769956,-0.4545919984142197,0.4545919984142197,-0.449841593769956,1.5705147063232698,1.5705153680812987,-1.5705153680812989,-1.5705147063232698,0.02529049388954387,0.025321445764604742,0.007600898730538026,0.4607588,-0.10349183,-0.020480862,[-0.06515634 -0.09794129  0.23175596],/home/rastic/adil_RL/isaac-sim-standalone@4.5.0-rc.36+release.19112.f59b3005.gl.linux-x86_64.release/SE952--Bittle-Quadruped/camera_images_rocky1/frame_0017.png
18,0.8815068068294027,-0.4547925030165836,0.4547925030165836,-0.8815068068294027,0.7044402585023968,1.5705153944994947,-1.5705153944994947,-0.704440258502397,0.0322798216170901,0.024494752282211336,0.007051192622067311,0.27215335,-0.11916495,-0.031061677,[-0.07288117 -0.191698    0.14549564],/home/rastic/adil_RL/isaac-sim-standalone@4.5.0-rc.36+release.19112.f59b3005.gl.linux-x86_64.release/SE952--Bittle-Quadruped/camera_images_rocky1/frame_0018.png
19,0.8925870277976969,0.04500206279457908,-0.045002062794578856,-0.8925870277976969,0.08192400881910444,0.992737915961027,-0.9927379159610275,-0.08192400881910444,0.03836689059914884,0.022672175926155946,0.0070424292983844285,0.2446512,-0.19217981,-0.09736385,[-0.10441613 -0.21196021  0.11952884],/home/rastic/adil_RL/isaac-sim-standalone@4.5.0-rc.36+release.19112.f59b3005.gl.linux-x86_64.release/SE952--Bittle-Quadruped/camera_images_rocky1/frame_0019.png
20,0.5328456303796834,0.5185140685475957,-0.5185140685475955,-0.5328456303796834,0.10032213027256387,0.9586097723171969,-0.9586097723171971,-0.10032213027256387,0.04250117144505864,0.019339928877654403,0.00501710692084306,0.39022046,-0.15076984,-0.17089307,[-0.08685993 -0.08692744  0.10490796],/home/rastic/adil_RL/isaac-sim-standalone@4.5.0-rc.36+release.19112.f59b3005.gl.linux-x86_64.release/SE952--Bittle-Quadruped/camera_images_rocky1/frame_0020.png
21,0.03816619635617813,0.4639419247690384,-0.4639419247690384,-0.038166196356178794,0.6010305464622865,1.570516567993748,-1.570516567993748,-0.6010305464622856,0.04744902450107556,0.018264813724160615,0.00203914588509474,0.49227464,0.02274879,-0.13171682,[-0.03590649  0.02058849  0.16922353],/home/rastic/adil_RL/isaac-sim-standalone@4.5.0-rc.36+release.19112.f59b3005.gl.linux-x86_64.release/SE952--Bittle-Quadruped/camera_images_rocky1/frame_0021.png
22,-0.47263356499180587,0.9247056570618282,-0.9247056570618282,0.47263356499180587,1.5705177679968034,0.5715258290228447,-0.5715258290228449,-1.5705177679968034,0.05455938146143428,0.019480572041395465,-0.0009068014943486282,0.12829074,0.088663995,-0.0993583,[-0.01043973 -0.10906533  0.13683067],/home/rastic/adil_RL/isaac-sim-standalone@4.5.0-rc.36+release.19112.f59b3005.gl.linux-x86_64.release/SE952--Bittle-Quadruped/camera_images_rocky1/frame_0022.png
23,-0.4024330868263384,0.8494048256313913,-0.8494048256313913,0.4024330868263384,1.5705087120035717,0.053969446139527255,-0.053969446139527255,-1.5705087120035717,0.057258273142095716,0.021198590049923006,-0.0023919483705439263,0.15790445,0.16054821,-0.03162512,[-0.00250595 -0.1383021   0.09275275],/home/rastic/adil_RL/isaac-sim-standalone@4.5.0-rc.36+release.19112.f59b3005.gl.linux-x86_64.release/SE952--Bittle-Quadruped/camera_images_rocky1/frame_0023.png
24,0.25823706377492517,0.4659564345074545,-0.4659564345074545,-0.25823706377492517,0.848787533249838,0.14118509294695425,-0.14118509294695425,-0.848787533249838,0.05962595018017699,0.024028773175466485,-0.0028385107215306887,0.12424643,0.16762286,0.03338825,[-0.0065065  -0.09720367 -0.00932515],/home/rastic/adil_RL/isaac-sim-standalone@4.5.0-rc.36+release.19112.f59b3005.gl.linux-x86_64.release/SE952--Bittle-Quadruped/camera_images_rocky1/frame_0024.png
25,0.49822880221284005,-0.004603055963857017,0.004603055963857017,-0.49822880221284005,1.2433924241728802,0.6660316716795451,-0.6660316716795451,-1.2433924241728804,0.0632047939466385,0.026656593745426255,-0.002654890849013424,0.35604623,-0.0015481482,0.05668468,[0.00590921 0.08301686 0.15224618],/home/rastic/adil_RL/isaac-sim-standalone@4.5.0-rc.36+release.19112.f59b3005.gl.linux-x86_64.release/SE952--Bittle-Quadruped/camera_images_rocky1/frame_0025.png
26,0.4809624025906416,-0.4729500105235409,0.4729500105235409,-0.4809624025906416,1.5705122800097726,1.570517810489566,-1.570517810489566,-1.5705122800097726,0.06997052770501257,0.028136307334598036,-0.0012585837282777733,0.014594503,-0.0973488,-0.03167159,[-0.00776352 -0.04914894  0.09988074],/home/rastic/adil_RL/isaac-sim-standalone@4.5.0-rc.36+release.19112.f59b3005.gl.linux-x86_64.release/SE952--Bittle-Quadruped/camera_images_rocky1/frame_0026.png
27,0.9630065581305762,-0.40193538438050425,0.40193538438050425,-0.9630065581305762,0.39591440167889647,1.5705086507342236,-1.5705086507342236,-0.3959144016788967,0.07111488667213518,0.02746336977330141,-0.0017092552498846226,-0.02622666,-0.08456093,-0.15372252,[-0.01119107 -0.00074002  0.06915542],/home/rastic/adil_RL/isaac-sim-standalone@4.5.0-rc.36+release.19112.f59b3005.gl.linux-x86_64.release/SE952--Bittle-Quadruped/camera_images_rocky1/frame_0027.png
28,0.8513937342366754,0.2512027685013074,-0.2512027685013074,-0.8513937342366754,0.054902591256938305,0.851756686818079,-0.851756686818079,-0.054902591256938305,0.07117034834505426,0.02648958589942608,-0.0038395090642718032,0.021692622,-0.08057369,-0.16331188,[-0.06073419 -0.06161145  0.10213328],/home/rastic/adil_RL/isaac-sim-standalone@4.5.0-rc.36+release.19112.f59b3005.gl.linux-x86_64.release/SE952--Bittle-Quadruped/camera_images_rocky1/frame_0028.png
29,0.4171541407018259,0.5065538600984363,-0.5065538600984363,-0.4171541407018259,0.17637304118333652,1.208768646455931,-1.208768646455931,-0.17637304118333652,0.07157764780401454,0.0247468259426748,-0.006822760598638535,0.43126225,-0.021788526,-0.114762284,[-0.00607346  0.2533399   0.17707828],/home/rastic/adil_RL/isaac-sim-standalone@4.5.0-rc.36+release.19112.f59b3005.gl.linux-x86_64.release/SE952--Bittle-Quadruped/camera_images_rocky1/frame_0029.png
30,-0.07736619408567313,0.4784082178373228,-0.4784082178373228,0.07736619408567313,0.7844533632174009,1.570514632780979,-1.570514632780979,-0.7844533632174008,0.07896673010091566,0.022539683789403336,-0.009102583458128833,0.3952264,0.020200754,-0.028974295,[0.0144284  0.23840697 0.20257986],/home/rastic/adil_RL/isaac-sim-standalone@4.5.0-rc.36+release.19112.f59b3005.gl.linux-x86_64.release/SE952--Bittle-Quadruped/camera_images_rocky1/frame_0030.png
31,-0.47072504071724364,0.9528482240983012,-0.9528482240983012,0.47072504071724364,1.5705175120007624,0.45653305549580736,-0.45653305549580736,-1.5705175120007624,0.08572276192346155,0.022916592387997117,-0.010016624678435592,0.054890227,0.09196971,-0.04822006,[0.02436952 0.09167655 0.14703585],/home/rastic/adil_RL/isaac-sim-standalone@4.5.0-rc.36+release.19112.f59b3005.gl.linux-x86_64.release/SE952--Bittle-Quadruped/camera_images_rocky1/frame_0031.png
32,-0.10249134231853918,0.8855424567129742,-0.8855424567129742,0.10249134231853918,1.1488800301458306,0.07607412339265351,-0.07607412339265351,-1.1488800301458306,0.08657159618740412,0.024396718054127194,-0.010675943427284392,0.14108321,0.033114277,0.0045217047,[0.02277961 0.06218687 0.12947716],/home/rastic/adil_RL/isaac-sim-standalone@4.5.0-rc.36+release.19112.f59b3005.gl.linux-x86_64.release/SE952--Bittle-Quadruped/camera_images_rocky1/frame_0032.png
33,0.47766224265760404,0.4875717794827744,-0.4875717794827742,-0.47766224265760404,0.871378851897707,0.12703682762152346,-0.12703682762152357,-0.871378851897707,0.08865436197629331,0.02528094448422774,-0.010756535758804428,0.17275548,-0.009169626,0.040242523,[0.00455075 0.09943497 0.01759495],/home/rastic/adil_RL/isaac-sim-standalone@4.5.0-rc.36+release.19112.f59b3005.gl.linux-x86_64.release/SE952--Bittle-Quadruped/camera_images_rocky1/frame_0033.png
34,0.4429030930417377,0.0054722528024173656,-0.0054722528024173656,-0.4429030930417377,1.570513801020185,0.6504076636520595,-0.6504076636520595,-1.570513801020185,0.09238779274302968,0.025163273565930705,-0.010386400884979625,0.3259791,-0.0065701525,0.04554114,[-0.00156244  0.2118746   0.08916628],/home/rastic/adil_RL/isaac-sim-standalone@4.5.0-rc.36+release.19112.f59b3005.gl.linux-x86_64.release/SE952--Bittle-Quadruped/camera_images_rocky1/frame_0034.png
35,0.8521915615270852,-0.4730025355310825,0.4730025355310825,-0.8521915615270854,0.7824503994662997,1.5705178175439878,-1.5705178175439878,-0.7824503994662992,0.09886297272185411,0.025265175882677397,-0.009094861551305957,-0.1696439,-0.09669457,-0.021086352,[-0.04165346  0.04116012  0.06374243],/home/rastic/adil_RL/isaac-sim-standalone@4.5.0-rc.36+release.19112.f59b3005.gl.linux-x86_64.release/SE952--Bittle-Quadruped/camera_images_rocky1/frame_0035.png
36,0.9193762392064256,-0.39470838238733674,0.39470838238733674,-0.9193762392064259,0.11105811197681559,1.5705077662432787,-1.5705077662432787,-0.11105811197681559,0.09711170982682388,0.024576476221292835,-0.008884674286823694,-0.0918379,-0.104892544,-0.06760246,[-0.07415262  0.02548562  0.05573653],/home/rastic/adil_RL/isaac-sim-standalone@4.5.0-rc.36+release.19112.f59b3005.gl.linux-x86_64.release/SE952--Bittle-Quadruped/camera_images_rocky1/frame_0036.png
37,0.5918207016724172,0.2764313108451104,-0.2764313108451104,-0.5918207016724172,0.07166553395660824,0.8417864569854032,-0.8417864569854032,-0.07166553395660824,0.09498403811349622,0.023007427735227615,-0.010089492372149365,-0.13628775,-0.14767313,-0.090892814,[-0.1025123   0.01692532 -0.0257852 ],/home/rastic/adil_RL/isaac-sim-standalone@4.5.0-rc.36+release.19112.f59b3005.gl.linux-x86_64.release/SE952--Bittle-Quadruped/camera_images_rocky1/frame_0037.png
38,0.11709862188481601,0.48738172739523034,-0.48738172739523034,-0.11709862188481601,0.49022097869043724,1.2829506117498093,-1.2829506117498093,-0.49022097869043724,0.09230081144295804,0.02043678004763071,-0.01202613183049031,0.09752542,-0.0028458051,-0.091147386,[-0.03886367  0.22604243  0.04888078],/home/rastic/adil_RL/isaac-sim-standalone@4.5.0-rc.36+release.19112.f59b3005.gl.linux-x86_64.release/SE952--Bittle-Quadruped/camera_images_rocky1/frame_0038.png
39,-0.467530194427231,0.4819930697345569,-0.4819930697345569,0.467530194427231,1.5705170845648921,1.5705109998712374,-1.5705109998712374,-1.5705170845648921,0.09434092656213462,0.019506791890887814,-0.013493979523986732,0.048084818,-0.014247928,-0.04796725,[-0.04722023  0.03430597  0.0646347 ],/home/rastic/adil_RL/isaac-sim-standalone@4.5.0-rc.36+release.19112.f59b3005.gl.linux-x86_64.release/SE952--Bittle-Quadruped/camera_images_rocky1/frame_0039.png
40,-0.4319740163680523,0.9650100586894608,-0.9650100586894608,0.4319740163680523,1.570512427008025,0.3800072695704588,-0.3800072695704588,-1.570512427008025,0.09523676528993036,0.019554544318578,-0.014795371058384469,-0.0093499925,0.032173064,-0.008838716,[-0.0385924   0.00811029  0.00667806],/home/rastic/adil_RL/isaac-sim-standalone@4.5.0-rc.36+release.19112.f59b3005.gl.linux-x86_64.release/SE952--Bittle-Quadruped/camera_images_rocky1/frame_0040.png
41,0.159336056954565,0.8440290694400169,-0.8440290694400169,-0.159336056954565,0.9025245826011974,0.05158617343571026,-0.05158617343571026,-0.9025245826011972,0.09573909230968926,0.019658777486154858,-0.014780320488880444,0.11575322,-0.037450112,0.032360684,[-0.03462544 -0.05375748  0.01391679],/home/rastic/adil_RL/isaac-sim-standalone@4.5.0-rc.36+release.19112.f59b3005.gl.linux-x86_64.release/SE952--Bittle-Quadruped/camera_images_rocky1/frame_0041.png
42,0.5265267857375986,0.409243363140964,-0.409243363140964,-0.5265267857375986,1.067283162034957,0.18249655010597632,-0.18249655010597632,-1.067283162034957,0.0972395363039244,0.019719932529459333,-0.014254198435676126,0.44417652,-0.056011356,0.05588869,[-0.04874676  0.10191036 -0.04622561],/home/rastic/adil_RL/isaac-sim-standalone@4.5.0-rc.36+release.19112.f59b3005.gl.linux-x86_64.release/SE952--Bittle-Quadruped/camera_images_rocky1/frame_0042.png
43,0.47236295501277503,-0.08215333838263517,0.08215333838263517,-0.47236295501277503,1.5705176931759945,0.7925806120006198,-0.7925806120006198,-1.5705176931759945,0.10537478695887649,0.018680591672376567,-0.01356223237876739,0.32338223,-0.19856715,-0.0040221,[-0.14351316  0.14983162  0.09612335],/home/rastic/adil_RL/isaac-sim-standalone@4.5.0-rc.36+release.19112.f59b3005.gl.linux-x86_64.release/SE952--Bittle-Quadruped/camera_images_rocky1/frame_0043.png
44,0.9597213187553812,-0.47061457285965536,0.47061457285965536,-0.9597213187553812,0.4181599771722646,1.5705174971983236,-1.5705174971983236,-0.4181599771722646,0.11190233300708494,0.01566933699516465,-0.013560854584618875,-0.017005682,-0.20369685,0.025258135,[-0.12544776 -0.04441406  0.0497479 ],/home/rastic/adil_RL/isaac-sim-standalone@4.5.0-rc.36+release.19112.f59b3005.gl.linux-x86_64.release/SE952--Bittle-Quadruped/camera_images_rocky1/frame_0044.png
45,0.7657972955254863,-0.09834731018476273,0.09834731018476162,-0.7657972955254863,0.0347747011623577,1.1438819266098077,-1.1438819266098057,-0.0347747011623577,0.11213579939141124,0.012222808582904744,-0.013506846747998838,0.124261215,-0.2553062,-0.0058282707,[-0.1331827  -0.11720112  0.05254888],/home/rastic/adil_RL/isaac-sim-standalone@4.5.0-rc.36+release.19112.f59b3005.gl.linux-x86_64.release/SE952--Bittle-Quadruped/camera_images_rocky1/frame_0045.png
46,0.35300094084045575,0.48360384696771086,-0.48360384696771086,-0.35300094084045597,0.2293805137749143,0.8786931842153407,-0.8786931842153407,-0.22938051377491409,0.11284074887545303,0.008284407434343652,-0.014451226714531614,0.031756997,-0.28025615,-0.081224054,[-0.11961668 -0.11430421 -0.05701326],/home/rastic/adil_RL/isaac-sim-standalone@4.5.0-rc.36+release.19112.f59b3005.gl.linux-x86_64.release/SE952--Bittle-Quadruped/camera_images_rocky1/frame_0046.png
47,-0.42975921437301623,0.4465905777453121,-0.44659057774531163,0.42975921437301645,1.5705121433374785,1.570514281235011,-1.570514281235012,-1.5705121433374787,0.11295670564790776,0.0034104491106883733,-0.016455816289550566,0.3371476,-0.18442221,-0.004139263,[-0.10658287 -0.03907777  0.03525802],/home/rastic/adil_RL/isaac-sim-standalone@4.5.0-rc.36+release.19112.f59b3005.gl.linux-x86_64.release/SE952--Bittle-Quadruped/camera_images_rocky1/frame_0047.png
48,-0.4689058704038491,0.8692796491443233,-0.8692796491443233,0.4689058704038491,1.5705172684457647,0.7378002274041542,-0.7378002274041544,-1.5705172684457644,0.1186415065728197,-6.338744428528317e-05,-0.017735578470839085,0.12966838,-0.26163745,-0.014468115,[-0.13754074 -0.1222133   0.00436778],/home/rastic/adil_RL/isaac-sim-standalone@4.5.0-rc.36+release.19112.f59b3005.gl.linux-x86_64.release/SE952--Bittle-Quadruped/camera_images_rocky1/frame_0048.png
49,-0.08022806837427443,0.9043410224966515,-0.9043410224966515,0.08022806837427421,1.1224530881370294,0.09318381737153647,-0.09318381737153625,-1.1224530881370292,0.12237468050864539,-0.003665013760314087,-0.018032797993996777,0.063510895,-0.16013207,0.055908978,[-0.11031806 -0.08766051  0.05692217],/home/rastic/adil_RL/isaac-sim-standalone@4.5.0-rc.36+release.19112.f59b3005.gl.linux-x86_64.release/SE952--Bittle-Quadruped/camera_images_rocky1/frame_0049.png
50,0.4862887244723353,0.5573720510359144,-0.5573720510359144,-0.4862887244723353,0.8823314182406319,0.08753972969038881,-0.08753972969038881,-0.8823314182406319,0.12395175206995013,-0.0069221894795370095,-0.01767327867061934,-0.12150496,0.028151458,0.22586623,[-0.1018613  -0.08410775 -0.01131802],/home/rastic/adil_RL/isaac-sim-standalone@4.5.0-rc.36+release.19112.f59b3005.gl.linux-x86_64.release/SE952--Bittle-Quadruped/camera_images_rocky1/frame_0050.png
51,0.44638190575962167,0.06532773957643823,-0.06532773957643845,-0.44638190575962167,1.5705142540045554,0.5615558253018529,-0.5615558253018527,-1.5705142540045554,0.12213428970701187,-0.006899097716227063,-0.014054313225147603,0.018050348,0.021132816,-0.009652048,[-0.01989198  0.1176617   0.1053772 ],/home/rastic/adil_RL/isaac-sim-standalone@4.5.0-rc.36+release.19112.f59b3005.gl.linux-x86_64.release/SE952--Bittle-Quadruped/camera_images_rocky1/frame_0051.png
52,0.8624688928192965,-0.47172743927362415,0.47172743927362415,-0.8624688928192965,0.755845391759721,1.5705176463947252,-1.570517646394725,-0.755845391759721,0.12458983946837351,-0.00726166789065654,-0.011069605234435717,-0.090519875,-0.17559986,-0.14845777,[-0.06953947 -0.05457265  0.03016116],/home/rastic/adil_RL/isaac-sim-standalone@4.5.0-rc.36+release.19112.f59b3005.gl.linux-x86_64.release/SE952--Bittle-Quadruped/camera_images_rocky1/frame_0052.png
53,0.9139684336644267,-0.4113263900695887,0.4113263900695887,-0.9139684336644267,0.10410210523030594,1.5705098143953515,-1.5705098143953518,-0.10410210523030594,0.12348669387543586,-0.009523006668283245,-0.013461301936849725,-0.020021178,-0.27321658,-0.15669851,[-0.07284672 -0.10296281 -0.01453523],/home/rastic/adil_RL/isaac-sim-standalone@4.5.0-rc.36+release.19112.f59b3005.gl.linux-x86_64.release/SE952--Bittle-Quadruped/camera_images_rocky1/frame_0053.png
54,0.5812975216026954,0.23337870627119406,-0.23337870627119406,-0.5812975216026954,0.07625170207099019,0.859904747800669,-0.859904747800669,-0.07625170207099019,0.12297458074920416,-0.013696283831141489,-0.016768563957270624,-0.16311866,-0.21745792,-0.11779615,[-0.05135484 -0.12254297 -0.10714767],/home/rastic/adil_RL/isaac-sim-standalone@4.5.0-rc.36+release.19112.f59b3005.gl.linux-x86_64.release/SE952--Bittle-Quadruped/camera_images_rocky1/frame_0054.png
55,0.10911171521309138,0.5104034024554873,-0.5104034024554875,-0.10911171521309138,0.5008917671182861,1.1908323881564784,-1.1908323881564782,-0.5008917671182861,0.12154328108546586,-0.01731854077143208,-0.01933656560844266,0.029458936,-0.032525145,-0.040103376,[0.02229916 0.1007112  0.02223911],/home/rastic/adil_RL/isaac-sim-standalone@4.5.0-rc.36+release.19112.f59b3005.gl.linux-x86_64.release/SE952--Bittle-Quadruped/camera_images_rocky1/frame_0055.png
56,-0.4679480330219854,0.47847364482485366,-0.47847364482485366,0.4679480330219854,1.5705171403883667,1.570514581702739,-1.570514581702739,-1.5705171403883664,0.12320588853069062,-0.0180331146631035,-0.02034284339168086,-0.11020436,0.014919641,-0.024956394,[ 0.01470687 -0.05916983 -0.003458  ],/home/rastic/adil_RL/isaac-sim-standalone@4.5.0-rc.36+release.19112.f59b3005.gl.linux-x86_64.release/SE952--Bittle-Quadruped/camera_images_rocky1/frame_0056.png
57,-0.4314009490588646,0.9562496180386413,-0.9562496180386413,0.4314009490588646,1.5705123535332721,0.4385509711354092,-0.4385509711354092,-1.570512353533272,0.12209804112150653,-0.017521236630748293,-0.021174200221072744,-0.08489042,-0.027873952,-0.0382166,[ 0.02597309 -0.05353225 -0.03583938],/home/rastic/adil_RL/isaac-sim-standalone@4.5.0-rc.36+release.19112.f59b3005.gl.linux-x86_64.release/SE952--Bittle-Quadruped/camera_images_rocky1/frame_0057.png
58,0.1601404507671207,0.8735151577177932,-0.8735151577177932,-0.1601404507671207,0.9019907508259659,0.06738541484968763,-0.06738541484968763,-0.9019907508259659,0.12143153348642544,-0.018640025511741303,-0.02352398734108181,-0.0059774127,0.018977208,-0.073580496,[ 0.02685962 -0.1218894   0.0261962 ],/home/rastic/adil_RL/isaac-sim-standalone@4.5.0-rc.36+release.19112.f59b3005.gl.linux-x86_64.release/SE952--Bittle-Quadruped/camera_images_rocky1/frame_0058.png
59,0.5265633055706751,0.4548027314700731,-0.4548027314700731,-0.5265633055706751,1.0664098642258715,0.14883261590765617,-0.14883261590765617,-1.0664098642258715,0.12144942916850585,-0.017867875142422628,-0.02442297950485555,0.11290352,0.014095638,-0.03550331,[0.02455965 0.04883053 0.04693727],/home/rastic/adil_RL/isaac-sim-standalone@4.5.0-rc.36+release.19112.f59b3005.gl.linux-x86_64.release/SE952--Bittle-Quadruped/camera_images_rocky1/frame_0059.png
60,0.47227262596720143,-0.03817479507356136,0.03817479507356136,-0.47227262596720143,1.5705176810556365,0.71946219338317,-0.7194621933831699,-1.5705176810556365,0.1234016134917333,-0.01725457543059078,-0.02498732251884789,0.32886362,0.01026994,-0.019405453,[0.01439168 0.17707226 0.11693083],/home/rastic/adil_RL/isaac-sim-standalone@4.5.0-rc.36+release.19112.f59b3005.gl.linux-x86_64.release/SE952--Bittle-Quadruped/camera_images_rocky1/frame_0060.png
61,0.9589038289348857,-0.47234211358235156,0.47234211358235156,-0.9589038289348861,0.4231939875343562,1.5705177288720764,-1.5705177288720764,-0.42319398753435533,0.12760195735486948,-0.01649804376088947,-0.024945281960721957,0.13973606,0.024812933,0.015979465,[0.03672678 0.05242639 0.04914765],/home/rastic/adil_RL/isaac-sim-standalone@4.5.0-rc.36+release.19112.f59b3005.gl.linux-x86_64.release/SE952--Bittle-Quadruped/camera_images_rocky1/frame_0061.png
62,0.7702776122191163,-0.14426590051353583,0.14426590051353583,-0.7702776122191163,0.03500371448232342,1.2013293151025455,-1.2013293151025455,-0.03500371448232342,0.12995230721288692,-0.016109695823977685,-0.02432945046686053,0.12051639,-0.00021832436,-0.0059033073,[ 0.00960067 -0.01615478  0.06446548],/home/rastic/adil_RL/isaac-sim-standalone@4.5.0-rc.36+release.19112.f59b3005.gl.linux-x86_64.release/SE952--Bittle-Quadruped/camera_images_rocky1/frame_0062.png
63,0.3594482328677061,0.4683015291204178,-0.4683015291204178,-0.3594482328677061,0.22370868856684134,0.8615808776654934,-0.8615808776654934,-0.22370868856684134,0.13121182612997817,-0.016357935313373758,-0.023885406056666655,-0.0684326,-0.08942186,-0.12044729,[ 0.02298653  0.01000762 -0.02021581],/home/rastic/adil_RL/isaac-sim-standalone@4.5.0-rc.36+release.19112.f59b3005.gl.linux-x86_64.release/SE952--Bittle-Quadruped/camera_images_rocky1/frame_0063.png
64,-0.42786569025356846,0.4391101642081181,-0.4391101642081181,0.42786569025356846,1.5705119014529278,1.5705133092660062,-1.5705133092660062,-1.5705119014529278,0.13101573551692217,-0.016867834009309395,-0.025363327569190502,0.19392595,0.02165829,-0.07329722,[0.05256997 0.15287906 0.12616643],/home/rastic/adil_RL/isaac-sim-standalone@4.5.0-rc.36+release.19112.f59b3005.gl.linux-x86_64.release/SE952--Bittle-Quadruped/camera_images_rocky1/frame_0064.png
65,-0.4695532113417977,0.8445198796947497,-0.8445198796947497,0.4695532113417977,1.5705173550621077,0.8018750005529596,-0.8018750005529593,-1.5705173550621077,0.13439909439929273,-0.016062972775850823,-0.026607681276359214,0.13191798,0.05345385,-0.04828682,[0.04697566 0.07811777 0.07114571],/home/rastic/adil_RL/isaac-sim-standalone@4.5.0-rc.36+release.19112.f59b3005.gl.linux-x86_64.release/SE952--Bittle-Quadruped/camera_images_rocky1/frame_0065.png
66,-0.09166741481859342,0.9207436682207037,-0.9207436682207037,0.09166741481859342,1.1359017124764537,0.1129250828008459,-0.1129250828008459,-1.1359017124764537,0.13683446704456517,-0.014975735961251834,-0.0273795827389774,0.013249268,0.16295525,0.06490974,[0.05150354 0.02205982 0.05701751],/home/rastic/adil_RL/isaac-sim-standalone@4.5.0-rc.36+release.19112.f59b3005.gl.linux-x86_64.release/SE952--Bittle-Quadruped/camera_images_rocky1/frame_0066.png
67,0.48211281335539646,0.5915450656888687,-0.5915450656888687,-0.48211281335539646,0.8767665156084152,0.07178266192057858,-0.07178266192057858,-0.8767665156084152,0.13706631171930378,-0.012193251789835052,-0.026170824020695115,-0.072114825,0.037200503,-0.08847522,[ 0.04592002 -0.02204883  0.02327695],/home/rastic/adil_RL/isaac-sim-standalone@4.5.0-rc.36+release.19112.f59b3005.gl.linux-x86_64.release/SE952--Bittle-Quadruped/camera_images_rocky1/frame_0067.png
68,0.4440525249190084,0.09873681156494585,-0.09873681156494585,-0.4440525249190084,1.5705139504850334,0.5149350651802231,-0.5149350651802231,-1.5705139504850334,0.13483619082619808,-0.010259070646157331,-0.02583249130200116,0.11226995,-0.022324387,-0.027568566,[-0.01015442  0.16104846  0.06574343],/home/rastic/adil_RL/isaac-sim-standalone@4.5.0-rc.36+release.19112.f59b3005.gl.linux-x86_64.release/SE952--Bittle-Quadruped/camera_images_rocky1/frame_0068.png
69,0.8536594337505954,-0.47007372620418386,0.47007372620418386,-0.8536594337505958,0.7786931130411763,1.5705174247498255,-1.5705174247498255,-0.7786931130411756,0.13776930883004262,-0.010418910906902517,-0.026122885090606042,-0.01770293,-0.11687408,0.12191631,[-0.01275804  0.05707912 -0.00332057],/home/rastic/adil_RL/isaac-sim-standalone@4.5.0-rc.36+release.19112.f59b3005.gl.linux-x86_64.release/SE952--Bittle-Quadruped/camera_images_rocky1/frame_0069.png
70,0.9201836038561572,-0.4199540610633583,0.4199540610633583,-0.9201836038561572,0.11215482974781443,1.5705108972614765,-1.5705108972614765,-0.11215482974781443,0.13820718051441702,-0.011335732109938051,-0.025016180377266297,-0.1305333,-0.027363975,-0.01952317,[-0.02520402 -0.00670774 -0.02035269],/home/rastic/adil_RL/isaac-sim-standalone@4.5.0-rc.36+release.19112.f59b3005.gl.linux-x86_64.release/SE952--Bittle-Quadruped/camera_images_rocky1/frame_0070.png
71,0.5953070962266905,0.20766013081454227,-0.20766013081454227,-0.5953070962266905,0.07019805908999455,0.8731638604179328,-0.8731638604179328,-0.07019805908999455,0.1368462322191892,-0.012780278515880376,-0.025269934277417055,-0.19509147,-0.041503407,-0.041424684,[-0.00197834 -0.02402347 -0.07140339],/home/rastic/adil_RL/isaac-sim-standalone@4.5.0-rc.36+release.19112.f59b3005.gl.linux-x86_64.release/SE952--Bittle-Quadruped/camera_images_rocky1/frame_0071.png
72,0.12411690359049765,0.5184281794779135,-0.5184281794779135,-0.12411690359049765,0.4809448895020948,1.1465082114323475,-1.1465082114323475,-0.4809448895020947,0.13410942744667528,-0.013754535163095542,-0.026305620512175207,0.14143258,0.02056894,0.021844827,[ 0.01563902  0.08112184 -0.05669833],/home/rastic/adil_RL/isaac-sim-standalone@4.5.0-rc.36+release.19112.f59b3005.gl.linux-x86_64.release/SE952--Bittle-Quadruped/camera_images_rocky1/frame_0072.png
73,-0.4666031498360541,0.47561430514031855,-0.47561430514031855,0.4666031498360541,1.5705169607964928,1.5705165364054423,-1.5705165364054423,-1.5705169607964926,0.13578718844448395,-0.01394069924912224,-0.02669533838669562,-0.014004548,0.025561873,-0.023723006,[ 0.02151295 -0.02782537 -0.0207299 ],/home/rastic/adil_RL/isaac-sim-standalone@4.5.0-rc.36+release.19112.f59b3005.gl.linux-x86_64.release/SE952--Bittle-Quadruped/camera_images_rocky1/frame_0073.png
74,-0.4351138945726256,0.9486852422592071,-0.9486852422592071,0.4351138945726256,1.5705128305236067,0.47667196191546757,-0.47667196191546757,-1.5705128305236067,0.13583388854717718,-0.013399942386581822,-0.02713061745430126,-0.033480696,0.022606343,0.005542648,[ 0.00691191  0.06769218 -0.01022734],/home/rastic/adil_RL/isaac-sim-standalone@4.5.0-rc.36+release.19112.f59b3005.gl.linux-x86_64.release/SE952--Bittle-Quadruped/camera_images_rocky1/frame_0074.png
75,0.14535058452245342,0.8901462532049762,-0.8901462532049762,-0.14535058452245342,0.9120410185369896,0.07982748982018795,-0.07982748982018795,-0.9120410185369896,0.1352917329004295,-0.013104672300369331,-0.0269556435520548,-0.01602757,-0.023647174,-0.07519488,[ 0.01637603 -0.00108974  0.03608095],/home/rastic/adil_RL/isaac-sim-standalone@4.5.0-rc.36+release.19112.f59b3005.gl.linux-x86_64.release/SE952--Bittle-Quadruped/camera_images_rocky1/frame_0075.png
76,0.5270209236242691,0.48405117466615744,-0.48405117466615744,-0.5270209236242693,1.0479934055525517,0.12928046280045424,-0.12928046280045424,-1.047993405552551,0.1348368636403686,-0.012795320605343828,-0.026449150927576954,-0.026097048,0.0032433737,-0.026741575,[ 0.01485818  0.0239257  -0.00578854],/home/rastic/adil_RL/isaac-sim-standalone@4.5.0-rc.36+release.19112.f59b3005.gl.linux-x86_64.release/SE952--Bittle-Quadruped/camera_images_rocky1/frame_0076.png
77,0.4715285104908311,-0.009491209020391356,0.009491209020391356,-0.4715285104908311,1.5705175812516718,0.6736805759073182,-0.6736805759073182,-1.5705175812516718,0.13445823525601996,-0.012775552599329712,-0.027346124279038254,0.16667956,-0.09916015,-0.01815965,[-0.06900822  0.17544585  0.07238498],/home/rastic/adil_RL/isaac-sim-standalone@4.5.0-rc.36+release.19112.f59b3005.gl.linux-x86_64.release/SE952--Bittle-Quadruped/camera_images_rocky1/frame_0077.png
78,0.9548932908510863,-0.47290944253106315,0.47290944253106315,-0.9548932908510863,0.4459185335196545,1.5705178050412936,-1.5705178050412938,-0.4459185335196545,0.13701009973434097,-0.014319368108215989,-0.027868944067890117,-0.073442236,-0.19133776,0.034967445,[-0.05831901  0.00707878  0.0334739 ],/home/rastic/adil_RL/isaac-sim-standalone@4.5.0-rc.36+release.19112.f59b3005.gl.linux-x86_64.release/SE952--Bittle-Quadruped/camera_images_rocky1/frame_0078.png
79,0.7850106798937084,-0.17851213462552407,0.17851213462552407,-0.7850106798937084,0.03630273383459537,1.2472306609054458,-1.2472306609054458,-0.03630273383459537,0.1363034136998676,-0.016924289528746063,-0.027829386104175447,-0.028188372,-0.1295334,-0.040327538,[-0.06248628 -0.05188872  0.06144374],/home/rastic/adil_RL/isaac-sim-standalone@4.5.0-rc.36+release.19112.f59b3005.gl.linux-x86_64.release/SE952--Bittle-Quadruped/camera_images_rocky1/frame_0079.png
80,0.37862755226390465,0.4563697866073215,-0.4563697866073215,-0.3786275522639049,0.20729108674733265,0.8515177432533918,-0.8515177432533918,-0.20729108674733254,0.13656696859051745,-0.019316337795726606,-0.029221957583379605,-0.043220773,-0.11546002,-0.046578124,[-0.03482541 -0.01776393  0.00041875],/home/rastic/adil_RL/isaac-sim-standalone@4.5.0-rc.36+release.19112.f59b3005.gl.linux-x86_64.release/SE952--Bittle-Quadruped/camera_images_rocky1/frame_0080.png
81,-0.4231319071847559,0.43321166244620013,-0.43321166244620013,0.4231319071847559,1.570511299347161,1.5705125490331668,-1.5705125490331668,-1.570511299347161,0.13595262807901595,-0.021101304687435707,-0.03017328436034811,0.358241,0.031652782,-0.014112823,[0.02210237 0.18675378 0.16052192],/home/rastic/adil_RL/isaac-sim-standalone@4.5.0-rc.36+release.19112.f59b3005.gl.linux-x86_64.release/SE952--Bittle-Quadruped/camera_images_rocky1/frame_0081.png
82,-0.470728513504608,0.824418969477847,-0.824418969477847,0.470728513504608,1.5705175124661344,0.8512783304254588,-0.8512783304254588,-1.5705175124661344,0.13975128122348104,-0.02084921099261607,-0.03032228168547014,0.20995772,0.009222871,-0.03888775,[0.00985344 0.09889346 0.09288549],/home/rastic/adil_RL/isaac-sim-standalone@4.5.0-rc.36+release.19112.f59b3005.gl.linux-x86_64.release/SE952--Bittle-Quadruped/camera_images_rocky1/frame_0082.png
83,-0.11391062895339243,0.9314609530763741,-0.9314609530763743,0.11391062895339243,1.1628419329594772,0.12936449764828983,-0.12936449764828983,-1.1628419329594772,0.14289966870189597,-0.020406302680723454,-0.031004758226208594,-0.020473754,0.16093558,-4.031323e-05,[0.01024769 0.01505496 0.07485832],/home/rastic/adil_RL/isaac-sim-standalone@4.5.0-rc.36+release.19112.f59b3005.gl.linux-x86_64.release/SE952--Bittle-Quadruped/camera_images_rocky1/frame_0083.png
84,0.47436114581357947,0.6169572218262627,-0.6169572218262627,-0.47436114581357947,0.8677031130569626,0.06167525579402433,-0.06167525579402433,-0.8677031130569626,0.14247799950070622,-0.01735268446209047,-0.030656906874483913,-0.10231687,-0.039125293,-0.040583998,[0.00739051 0.02213779 0.04575052],/home/rastic/adil_RL/isaac-sim-standalone@4.5.0-rc.36+release.19112.f59b3005.gl.linux-x86_64.release/SE952--Bittle-Quadruped/camera_images_rocky1/frame_0084.png
85,0.439986979567371,0.12459310442118099,-0.12459310442118077,-0.439986979567371,1.5705134227457274,0.4803189001628879,-0.48031890016288803,-1.5705134227457274,0.14095514287951572,-0.014462971499214525,-0.029048908718018455,0.24589075,-0.031073418,0.023802107,[-0.0234903   0.16873842 -0.00282746],/home/rastic/adil_RL/isaac-sim-standalone@4.5.0-rc.36+release.19112.f59b3005.gl.linux-x86_64.release/SE952--Bittle-Quadruped/camera_images_rocky1/frame_0085.png
86,0.8390618120388063,-0.46829621983702396,0.46829621983702396,-0.8390618120388063,0.8154912827529479,1.570517186924515,-1.570517186924515,-0.8154912827529479,0.14632016016120014,-0.0150568539897417,-0.028467162072272966,0.039437115,-0.1555173,0.06794757,[-0.00852566  0.03565282 -0.00824478],/home/rastic/adil_RL/isaac-sim-standalone@4.5.0-rc.36+release.19112.f59b3005.gl.linux-x86_64.release/SE952--Bittle-Quadruped/camera_images_rocky1/frame_0086.png
87,0.9287655953630786,-0.42638681557141256,0.4263868155714128,-0.9287655953630786,0.12489614256714587,1.5705117129486659,-1.5705117129486663,-0.12489614256714565,0.1483898428068646,-0.017817711711548584,-0.027943244571012445,-0.041582048,-0.059467148,-0.05620695,[-0.02455903  0.00933037 -0.00791916],/home/rastic/adil_RL/isaac-sim-standalone@4.5.0-rc.36+release.19112.f59b3005.gl.linux-x86_64.release/SE952--Bittle-Quadruped/camera_images_rocky1/frame_0087.png
88,0.6155224400470569,0.1863779370089833,-0.1863779370089833,-0.6155224400470569,0.06220819470697103,0.8854038899177645,-0.8854038899177645,-0.06220819470697103,0.1471936185195526,-0.01952362782092642,-0.028366983738520174,-0.119180344,-0.047475055,-0.028413985,[ 0.00036747 -0.01043581 -0.06284025],/home/rastic/adil_RL/isaac-sim-standalone@4.5.0-rc.36+release.19112.f59b3005.gl.linux-x86_64.release/SE952--Bittle-Quadruped/camera_images_rocky1/frame_0088.png
89,0.1451647413152679,0.5228281391542389,-0.5228281391542389,-0.1451647413152679,0.45368942011882507,1.1139098016816285,-1.1139098016816285,-0.45368942011882507,0.14464435742788406,-0.020253347906669706,-0.029284818391560198,-0.05642595,0.0105547905,-0.020365186,[ 0.02008977  0.04003339 -0.03775081],/home/rastic/adil_RL/isaac-sim-standalone@4.5.0-rc.36+release.19112.f59b3005.gl.linux-x86_64.release/SE952--Bittle-Quadruped/camera_images_rocky1/frame_0089.png
90,-0.4645410714418827,0.4732966894688735,-0.4732966894688735,0.4645410714418827,1.5705166859154778,1.5705178185282733,-1.5705178185282733,-1.5705166859154778,0.14329113648543176,-0.020050507505040182,-0.02975626110418462,-0.07040576,0.06213686,-0.028745767,[ 0.01042565 -0.05557691 -0.02971348],/home/rastic/adil_RL/isaac-sim-standalone@4.5.0-rc.36+release.19112.f59b3005.gl.linux-x86_64.release/SE952--Bittle-Quadruped/camera_images_rocky1/frame_0090.png
91,-0.4396855078554389,0.9677938883919835,-0.9677938883919833,0.43968550785543914,1.5705134208491827,0.3517400324665759,-0.3517400324665759,-1.5705134208491829,0.1423966437699465,-0.01928122225824341,-0.030356375098746145,-0.052184537,0.095833644,0.0141403945,[ 0.03803806  0.02350689 -0.03049782],/home/rastic/adil_RL/isaac-sim-standalone@4.5.0-rc.36+release.19112.f59b3005.gl.linux-x86_64.release/SE952--Bittle-Quadruped/camera_images_rocky1/frame_0091.png
92,0.12776391509783225,0.7156550175894673,-0.7156550175894673,-0.12776391509783225,0.9246285515550043,0.03689522983999072,-0.03689522983999072,-0.9246285515550043,0.14174209718581318,-0.016863471073865596,-0.029774608608237135,0.0034009833,0.016984861,-0.07153696,[ 0.04499267 -0.07151356  0.03423159],/home/rastic/adil_RL/isaac-sim-standalone@4.5.0-rc.36+release.19112.f59b3005.gl.linux-x86_64.release/SE952--Bittle-Quadruped/camera_images_rocky1/frame_0092.png
93,0.5270339360081411,0.2844800832770299,-0.2844800832770299,-0.5270339360081411,1.0416868567158872,0.2944164894474316,-0.2944164894474316,-1.0416868567158872,0.14107600354760833,-0.015181297565190276,-0.02941023808346575,-0.26393992,0.040187985,-0.094359085,[ 0.04498474 -0.07518429  0.01183976],/home/rastic/adil_RL/isaac-sim-standalone@4.5.0-rc.36+release.19112.f59b3005.gl.linux-x86_64.release/SE952--Bittle-Quadruped/camera_images_rocky1/frame_0093.png
94,0.47153950271391576,-0.44611134839624267,0.44611134839624267,-0.47153950271391576,1.570517582725456,1.5705142561272083,-1.5705142561272085,-1.570517582725456,0.13949213977805258,-0.014013899971909879,-0.030537181527162352,0.15780829,0.03659931,0.013518464,[-0.0116645   0.00751151  0.09302476],/home/rastic/adil_RL/isaac-sim-standalone@4.5.0-rc.36+release.19112.f59b3005.gl.linux-x86_64.release/SE952--Bittle-Quadruped/camera_images_rocky1/frame_0094.png
95,0.9567187894485294,-0.4603224227412557,0.4603224227412557,-0.9567187894485294,0.43593312376352245,1.5705161254032047,-1.5705161254032047,-0.43593312376352245,0.14304596126972,-0.013534135786493004,-0.030478657559008117,0.1595563,-0.03909649,0.08141838,[ 0.01193894 -0.01125561  0.01480084],/home/rastic/adil_RL/isaac-sim-standalone@4.5.0-rc.36+release.19112.f59b3005.gl.linux-x86_64.release/SE952--Bittle-Quadruped/camera_images_rocky1/frame_0095.png
96,0.7730762870935166,0.015206791974926803,-0.015206791974926803,-0.7730762870935166,0.03518514648727378,1.020718072318456,-1.0207180723184561,-0.03518514648727378,0.14617216610610395,-0.013618310890075296,-0.029847625395285505,0.1005887,-0.029134631,0.03953448,[ 0.01593927 -0.06456642  0.06903847],/home/rastic/adil_RL/isaac-sim-standalone@4.5.0-rc.36+release.19112.f59b3005.gl.linux-x86_64.release/SE952--Bittle-Quadruped/camera_images_rocky1/frame_0096.png
97,0.35916875203490806,0.514176859400687,-0.5141768594006868,-0.35916875203490806,0.22395295903979195,0.9417536186669622,-0.9417536186669624,-0.22395295903979195,0.14694458758016793,-0.014591382767021162,-0.028897282438944294,-0.03126767,-0.016761873,-0.037343357,[ 0.01002841 -0.07317568 -0.0175151 ],/home/rastic/adil_RL/isaac-sim-standalone@4.5.0-rc.36+release.19112.f59b3005.gl.linux-x86_64.release/SE952--Bittle-Quadruped/camera_images_rocky1/frame_0097.png
98,-0.4297016958711284,0.4621061743103487,-0.4621061743103487,0.4297016958711284,1.5705121359812142,1.5705163240066944,-1.5705163240066944,-1.5705121359812142,0.1461161961926654,-0.015444651517981333,-0.02958386702056731,0.21038397,0.007948579,-0.06335871,[0.02173037 0.1503841  0.14224233],/home/rastic/adil_RL/isaac-sim-standalone@4.5.0-rc.36+release.19112.f59b3005.gl.linux-x86_64.release/SE952--Bittle-Quadruped/camera_images_rocky1/frame_0098.png
99,-0.4685804553250672,0.9209663910627626,-0.9209663910627626,0.4685804553250672,1.5705172249256272,0.5843860512028596,-0.5843860512028596,-1.5705172249256272,0.14941056332526936,-0.014889655394347954,-0.0305778170942152,0.1439351,-0.0713595,-0.053327587,[0.0035042  0.09792518 0.06533389],/home/rastic/adil_RL/isaac-sim-standalone@4.5.0-rc.36+release.19112.f59b3005.gl.linux-x86_64.release/SE952--Bittle-Quadruped/camera_images_rocky1/frame_0099.png
100,-0.07151979095448624,0.8506212410410678,-0.8506212410410678,0.07151979095448735,1.1123980209605793,0.05453678008224894,-0.05453678008224894,-1.1123980209605813,0.15130104948513728,-0.01569215347801969,-0.03164329784745617,0.1107482,0.008866693,-0.015995897,[0.0032974  0.0578162  0.09098266],/home/rastic/adil_RL/isaac-sim-standalone@4.5.0-rc.36+release.19112.f59b3005.gl.linux-x86_64.release/SE952--Bittle-Quadruped/camera_images_rocky1/frame_0100.png
101,0.490237017224628,0.4657951040956205,-0.4657951040956205,-0.490237017224628,0.8881156259867518,0.14129403174957433,-0.14129403174957433,-0.8881156259867518,0.1531441020554027,-0.015610082731584981,-0.03197724165985096,-0.044367526,0.09816705,0.068850376,[-0.00355976  0.09286781  0.02376437],/home/rastic/adil_RL/isaac-sim-standalone@4.5.0-rc.36+release.19112.f59b3005.gl.linux-x86_64.release/SE952--Bittle-Quadruped/camera_images_rocky1/frame_0101.png
102,0.4489342386847661,-0.02179175244390419,0.02179175244390441,-0.4489342386847661,1.5705145875215472,0.6931260669171733,-0.6931260669171736,-1.5705145875215472,0.15291223994461975,-0.013883137012430482,-0.030701326939765794,0.11735283,-0.077200234,0.04155016,[-0.06099891  0.2479012   0.03971825],/home/rastic/adil_RL/isaac-sim-standalone@4.5.0-rc.36+release.19112.f59b3005.gl.linux-x86_64.release/SE952--Bittle-Quadruped/camera_images_rocky1/frame_0102.png
103,0.8733065205129757,-0.47288912545379724,0.47288912545379724,-0.8733065205129757,0.7269583180850894,1.5705178023127968,-1.5705178023127966,-0.7269583180850894,0.15618607536709,-0.014086892132836142,-0.028704268702686424,0.024748556,-0.13114184,0.0020386595,[-0.07456504  0.01528028  0.0713386 ],/home/rastic/adil_RL/isaac-sim-standalone@4.5.0-rc.36+release.19112.f59b3005.gl.linux-x86_64.release/SE952--Bittle-Quadruped/camera_images_rocky1/frame_0103.png
104,0.9044897800415954,-0.18423226099461676,0.18423226099461676,-0.9044897800415954,0.09333989579695667,1.255163791629531,-1.255163791629531,-0.09333989579695667,0.1563847779920863,-0.017098932193512117,-0.028837840485242145,0.06313148,-0.13514313,-0.08111911,[-0.04855836  0.00959627  0.09339464],/home/rastic/adil_RL/isaac-sim-standalone@4.5.0-rc.36+release.19112.f59b3005.gl.linux-x86_64.release/SE952--Bittle-Quadruped/camera_images_rocky1/frame_0104.png
105,0.5617734631703123,0.45206012670681317,-0.45206012670681317,-0.5617734631703123,0.0853745813124982,0.8484341030888605,-0.8484341030888605,-0.0853745813124982,0.15774414131413342,-0.019402799359213158,-0.030872894854993425,-0.110379204,-0.0979945,-0.040743396,[-0.01945003 -0.01047961  0.02689197],/home/rastic/adil_RL/isaac-sim-standalone@4.5.0-rc.36+release.19112.f59b3005.gl.linux-x86_64.release/SE952--Bittle-Quadruped/camera_images_rocky1/frame_0105.png
106,0.07648817363892046,0.4297691782929016,-0.4297691782929016,-0.07648817363892024,0.5457445223651913,1.5705121079335584,-1.5705121079335584,-0.5457445223651917,0.15714123731831717,-0.02115319093440504,-0.03226373989739056,0.1334177,-0.011585581,-0.035772685,[0.02073755 0.18006909 0.08343474],/home/rastic/adil_RL/isaac-sim-standalone@4.5.0-rc.36+release.19112.f59b3005.gl.linux-x86_64.release/SE952--Bittle-Quadruped/camera_images_rocky1/frame_0106.png
107,-0.4709873059429832,0.8071657730198996,-0.8071657730198996,0.4709873059429832,1.5705175471502681,0.8922490892764614,-0.8922490892764614,-1.5705175471502681,0.16065496625742734,-0.021155586832138865,-0.03307229475274545,0.03915564,0.101744056,-0.0374604,[0.011993   0.09290633 0.05673082],/home/rastic/adil_RL/isaac-sim-standalone@4.5.0-rc.36+release.19112.f59b3005.gl.linux-x86_64.release/SE952--Bittle-Quadruped/camera_images_rocky1/frame_0107.png
108,-0.4169531612747075,0.9413277883726556,-0.9413277883726556,0.4169531612747075,1.5705105191489077,0.14820888578916436,-0.14820888578916436,-1.5705105191489077,0.16155008263898787,-0.02003607096805589,-0.033468675265850366,-0.0858043,0.22260733,0.00036854483,[0.02306643 0.02814757 0.02365273],/home/rastic/adil_RL/isaac-sim-standalone@4.5.0-rc.36+release.19112.f59b3005.gl.linux-x86_64.release/SE952--Bittle-Quadruped/camera_images_rocky1/frame_0108.png
109,0.21486290070753444,0.6462165298589297,-0.6462165298589297,-0.21486290070753444,0.8692774839155761,0.051826740060674004,-0.051826740060674004,-0.8692774839155761,0.1597408989049941,-0.016257491856428368,-0.032962714743063025,-0.21050417,0.08499556,0.009596856,[-0.00174142  0.0299488   0.01765466],/home/rastic/adil_RL/isaac-sim-standalone@4.5.0-rc.36+release.19112.f59b3005.gl.linux-x86_64.release/SE952--Bittle-Quadruped/camera_images_rocky1/frame_0109.png
110,0.5171605708488831,0.17262418535446233,-0.17262418535446233,-0.5171605708488831,1.154417829030479,0.4193990431519614,-0.4193990431519614,-1.1544178290304792,0.15649113124227187,-0.014190080880334287,-0.03216105402095177,-0.12924634,-0.046325233,0.007495573,[-0.02925248  0.04741161  0.00852096],/home/rastic/adil_RL/isaac-sim-standalone@4.5.0-rc.36+release.19112.f59b3005.gl.linux-x86_64.release/SE952--Bittle-Quadruped/camera_images_rocky1/frame_0110.png
111,0.47581849846197644,-0.46205723832846446,0.46205723832846446,-0.47581849846197644,1.5705164124254414,1.5705163555976,-1.5705163555976,-1.5705164124254414,0.15518935210680354,-0.014654384161612355,-0.03213685731055147,0.050713316,-0.13675617,-0.06316592,[-0.03471339 -0.05406681 -0.01349894],/home/rastic/adil_RL/isaac-sim-standalone@4.5.0-rc.36+release.19112.f59b3005.gl.linux-x86_64.release/SE952--Bittle-Quadruped/camera_images_rocky1/frame_0111.png
112,0.9479944542549787,-0.4432683774031334,0.4432683774031334,-0.9479944542549783,0.4798557082757515,1.5705138857914354,-1.5705138857914354,-0.4798557082757524,0.15486487439531688,-0.016637314225956122,-0.033299370563517706,0.15830961,-0.15404303,0.05249332,[-0.01392169 -0.03121857 -0.10649516],/home/rastic/adil_RL/isaac-sim-standalone@4.5.0-rc.36+release.19112.f59b3005.gl.linux-x86_64.release/SE952--Bittle-Quadruped/camera_images_rocky1/frame_0112.png
113,0.8927511211190182,0.11253645334376627,-0.11253645334376627,-0.8927511211190182,0.08206772305586951,0.9360741138041466,-0.9360741138041466,-0.08206772305586951,0.1575827684767933,-0.01933791125568046,-0.033129159728969314,-0.019548163,-0.03305555,0.04061281,[ 0.0015242  -0.08215185  0.01957025],/home/rastic/adil_RL/isaac-sim-standalone@4.5.0-rc.36+release.19112.f59b3005.gl.linux-x86_64.release/SE952--Bittle-Quadruped/camera_images_rocky1/frame_0113.png
114,0.4927392382720417,0.5261729614761084,-0.5261729614761084,-0.49273923827204147,0.123786719277861,1.0146920663637156,-1.0146920663637153,-0.12378671927786111,0.15836801269416978,-0.021237839230191284,-0.032344212405042164,-0.18814176,-0.092047885,-0.09063008,[-0.0183084  -0.11424796 -0.04150518],/home/rastic/adil_RL/isaac-sim-standalone@4.5.0-rc.36+release.19112.f59b3005.gl.linux-x86_64.release/SE952--Bittle-Quadruped/camera_images_rocky1/frame_0114.png
115,0.002617837230670883,0.46976077025233876,-0.46976077025233876,-0.002617837230670661,0.6548146658980696,1.570517344452933,-1.5705173444529326,-0.6548146658980699,0.15633172880413712,-0.021863894854814436,-0.032207088751328466,0.10140416,0.06245153,0.0038188838,[0.07651497 0.10117936 0.05892326],/home/rastic/adil_RL/isaac-sim-standalone@4.5.0-rc.36+release.19112.f59b3005.gl.linux-x86_64.release/SE952--Bittle-Quadruped/camera_images_rocky1/frame_0115.png
116,-0.47301105324859005,0.9474287002184123,-0.9474287002184123,0.47301105324859005,1.5705178186880024,0.4824339098900148,-0.4824339098900148,-1.5705178186880027,0.1589703920742051,-0.020337465521404155,-0.03238103971369371,0.04308421,0.029667359,-0.020653853,[0.07321694 0.02628171 0.04792538],/home/rastic/adil_RL/isaac-sim-standalone@4.5.0-rc.36+release.19112.f59b3005.gl.linux-x86_64.release/SE952--Bittle-Quadruped/camera_images_rocky1/frame_0116.png
117,-0.21113603043619422,0.8047966395709629,-0.8047966395709629,0.2111360304361911,1.293543951980837,0.03947634622644791,-0.03947634622644791,-1.293543951980831,0.16000732749902863,-0.0187793105542064,-0.03296929392553886,0.10852942,0.18422084,0.012113481,[ 0.0837191  -0.01379529  0.06287216],/home/rastic/adil_RL/isaac-sim-standalone@4.5.0-rc.36+release.19112.f59b3005.gl.linux-x86_64.release/SE952--Bittle-Quadruped/camera_images_rocky1/frame_0117.png
118,0.4385858739031603,0.40361914525503295,-0.40361914525503295,-0.4385858739031603,0.8403546252872132,0.1869209102405036,-0.1869209102405036,-0.8403546252872132,0.16111879772844828,-0.016522285666138357,-0.03245881923915771,-0.002514774,0.16639388,0.019507105,[0.07327311 0.03410376 0.00270902],/home/rastic/adil_RL/isaac-sim-standalone@4.5.0-rc.36+release.19112.f59b3005.gl.linux-x86_64.release/SE952--Bittle-Quadruped/camera_images_rocky1/frame_0118.png
119,0.4245105210131075,-0.07475973482690068,0.07475973482690068,-0.4245105210131077,1.5705114378829148,0.7800453570671451,-0.7800453570671451,-1.5705114378829146,0.160853306061333,-0.013253193896000354,-0.031096138664645827,0.1894088,0.01427637,-0.038712602,[-0.02313406  0.2650723   0.10652323],/home/rastic/adil_RL/isaac-sim-standalone@4.5.0-rc.36+release.19112.f59b3005.gl.linux-x86_64.release/SE952--Bittle-Quadruped/camera_images_rocky1/frame_0119.png
120,0.7923218495126632,-0.4717177585720447,0.4717177585720447,-0.7923218495126632,0.9266321709327705,1.5705176450961664,-1.5705176450961666,-0.9266321709327705,0.16469694221045902,-0.012685106397908102,-0.03039532762974608,0.19567049,-0.10865167,0.039743274,[0.00986274 0.1457376  0.04753289],/home/rastic/adil_RL/isaac-sim-standalone@4.5.0-rc.36+release.19112.f59b3005.gl.linux-x86_64.release/SE952--Bittle-Quadruped/camera_images_rocky1/frame_0120.png
121,0.9450641395112519,-0.13676011065941318,0.13676011065941318,-0.9450641395112519,0.15664917910368803,1.1916243689079715,-1.1916243689079713,-0.15664917910368803,0.16685036699433162,-0.01355519026456818,-0.0314814189960689,0.061700877,-0.1276165,0.044865236,[0.01881898 0.0518591  0.05816983],/home/rastic/adil_RL/isaac-sim-standalone@4.5.0-rc.36+release.19112.f59b3005.gl.linux-x86_64.release/SE952--Bittle-Quadruped/camera_images_rocky1/frame_0121.png
122,0.6553303716257589,0.466751923990365,-0.466751923990365,-0.6553303716257589,0.04916755475434065,0.860133537360595,-0.860133537360595,-0.04916755475434065,0.16805535695861748,-0.015285353271031447,-0.03200548201713164,-0.080733255,-0.029326716,-0.08834821,[ 0.03480118 -0.00201174 -0.00830943],/home/rastic/adil_RL/isaac-sim-standalone@4.5.0-rc.36+release.19112.f59b3005.gl.linux-x86_64.release/SE952--Bittle-Quadruped/camera_images_rocky1/frame_0122.png
123,0.16645509678607917,0.43625402803152236,-0.43625402803152236,-0.16645509678607917,0.42697803805639867,1.5705129404583262,-1.5705129404583258,-0.42697803805639867,0.16667271816059598,-0.01573056223615024,-0.034135986122855205,0.14330728,0.071444996,-0.009008832,[0.03776057 0.20635048 0.08561949],/home/rastic/adil_RL/isaac-sim-standalone@4.5.0-rc.36+release.19112.f59b3005.gl.linux-x86_64.release/SE952--Bittle-Quadruped/camera_images_rocky1/frame_0123.png
124,-0.4643953748809544,0.8264669029732752,-0.8264669029732752,0.4643953748809544,1.5705166665159576,0.8463335500982778,-0.8463335500982778,-1.5705166665159576,0.16945963246834084,-0.01538772976894661,-0.03503365348483224,0.034956418,0.027345384,0.0073462646,[0.01273912 0.1169701  0.08184334],/home/rastic/adil_RL/isaac-sim-standalone@4.5.0-rc.36+release.19112.f59b3005.gl.linux-x86_64.release/SE952--Bittle-Quadruped/camera_images_rocky1/frame_0124.png
125,-0.43644336347261947,0.9347321515777379,-0.9347321515777379,0.43644336347261925,1.570513001854298,0.135143225888804,-0.135143225888804,-1.5705130018542977,0.16996242002379836,-0.015132492519000616,-0.035054162659857085,-0.11329007,0.18955679,0.07762514,[0.02480779 0.09414552 0.05125198],/home/rastic/adil_RL/isaac-sim-standalone@4.5.0-rc.36+release.19112.f59b3005.gl.linux-x86_64.release/SE952--Bittle-Quadruped/camera_images_rocky1/frame_0125.png
126,0.14829312901447267,0.6302189180441379,-0.6302189180441379,-0.1482931290144729,0.9100020661121249,0.056968169058978946,-0.056968169058978946,-0.9100020661121246,0.16798670252463874,-0.012007625610863715,-0.03320883195490046,-0.32839608,0.03160478,0.12968965,[-0.0045586   0.08759458  0.03223771],/home/rastic/adil_RL/isaac-sim-standalone@4.5.0-rc.36+release.19112.f59b3005.gl.linux-x86_64.release/SE952--Bittle-Quadruped/camera_images_rocky1/frame_0126.png
127,0.5267111889983289,0.15974067095787303,-0.15974067095787303,-0.5267111889983289,1.0624879888941,0.4353091002117385,-0.43530910021173863,-1.0624879888941,0.16371358191330132,-0.010286542386360283,-0.030701786739760224,-0.40072915,-0.05653704,0.01605869,[-0.03230801 -0.00476798  0.03773381],/home/rastic/adil_RL/isaac-sim-standalone@4.5.0-rc.36+release.19112.f59b3005.gl.linux-x86_64.release/SE952--Bittle-Quadruped/camera_images_rocky1/frame_0127.png
128,0.47253549749395196,-0.4630570389025721,0.4630570389025721,-0.47253549749395196,1.5705177163307842,1.5705164884545455,-1.5705164884545455,-1.5705177163307842,0.15778144639438096,-0.010458817459546205,-0.029941886389076494,-0.1497216,-0.032764148,-0.030482296,[-0.01714863 -0.07964247  0.01732119],/home/rastic/adil_RL/isaac-sim-standalone@4.5.0-rc.36+release.19112.f59b3005.gl.linux-x86_64.release/SE952--Bittle-Quadruped/camera_images_rocky1/frame_0128.png
129,0.9623252558580797,-0.4423032263621527,0.4423032263621527,-0.9623252558580799,0.4008484485073278,1.570513760349611,-1.570513760349611,-0.4008484485073276,0.154528609035592,-0.011276165567679146,-0.030572759306458353,0.16431907,-0.14366207,0.020695034,[ 0.00425998 -0.03850172 -0.0907113 ],/home/rastic/adil_RL/isaac-sim-standalone@4.5.0-rc.36+release.19112.f59b3005.gl.linux-x86_64.release/SE952--Bittle-Quadruped/camera_images_rocky1/frame_0129.png
130,0.746553161309427,0.11667746317747962,-0.11667746317747962,-0.746553161309427,0.034611021511012585,0.9329119459154391,-0.9329119459154391,-0.034611021511012585,0.15676739140878906,-0.01253823259804673,-0.031188287408002318,0.04499753,-0.05955794,-0.063649744,[-0.00488477 -0.13107826 -0.06090127],/home/rastic/adil_RL/isaac-sim-standalone@4.5.0-rc.36+release.19112.f59b3005.gl.linux-x86_64.release/SE952--Bittle-Quadruped/camera_images_rocky1/frame_0130.png
131,0.32393695832453473,0.5268615994987205,-0.5268615994987205,-0.32393695832453495,0.2559038022416591,1.0304119864044237,-1.0304119864044237,-0.255903802241659,0.15781278658535094,-0.014289731323123323,-0.03253878969574794,-0.24160093,-0.08451667,-0.1036161,[ 0.01174867 -0.17363855 -0.05350383],/home/rastic/adil_RL/isaac-sim-standalone@4.5.0-rc.36+release.19112.f59b3005.gl.linux-x86_64.release/SE952--Bittle-Quadruped/camera_images_rocky1/frame_0131.png
132,-0.4382378977662953,0.4709992056524843,-0.4709992056524843,0.4382378977662953,1.5705132335639977,1.5705175103041964,-1.5705175103041964,-1.5705132335639977,0.15565614667153457,-0.015403410442798434,-0.034143245637654966,0.2410672,0.075068496,-0.035655808,[ 0.02537231 -0.05180501 -0.06262293],/home/rastic/adil_RL/isaac-sim-standalone@4.5.0-rc.36+release.19112.f59b3005.gl.linux-x86_64.release/SE952--Bittle-Quadruped/camera_images_rocky1/frame_0132.png
133,-0.464957072530241,0.9544299458203331,-0.9544299458203331,0.464957072530241,1.5705167413222993,0.44837242979677283,-0.44837242979677283,-1.5705167413222991,0.15829763130719118,-0.014703995472223999,-0.03501937635734556,0.07667987,-0.08629419,-0.031706143,[ 0.0080883  -0.02848184 -0.03782547],/home/rastic/adil_RL/isaac-sim-standalone@4.5.0-rc.36+release.19112.f59b3005.gl.linux-x86_64.release/SE952--Bittle-Quadruped/camera_images_rocky1/frame_0133.png
134,-0.026151159520108047,0.7803285096577722,-0.7803285096577722,0.026151159520108047,1.062533529266304,0.035796516602434325,-0.035796516602434325,-1.062533529266304,0.1612749543372877,-0.014942786738561779,-0.03576246535946973,0.045136515,0.03535822,0.03006225,[-0.0106165  -0.04438727  0.03000632],/home/rastic/adil_RL/isaac-sim-standalone@4.5.0-rc.36+release.19112.f59b3005.gl.linux-x86_64.release/SE952--Bittle-Quadruped/camera_images_rocky1/frame_0134.png
135,0.5040915163051705,0.36803947188727926,-0.36803947188727926,-0.5040915163051702,0.9138890379479798,0.21627034023998937,-0.21627034023998926,-0.91388903794798,0.16093814840565995,-0.014580559647412132,-0.03523808991160722,-0.11292019,0.0699738,0.08821303,[-0.02468057  0.02007226 -0.0263654 ],/home/rastic/adil_RL/isaac-sim-standalone@4.5.0-rc.36+release.19112.f59b3005.gl.linux-x86_64.release/SE952--Bittle-Quadruped/camera_images_rocky1/frame_0135.png
136,0.4564969323692032,-0.4278228434430469,0.4278228434430469,-0.4564969323692032,1.570515581447781,1.57051189598638,-1.5705118959863797,-1.570515581447781,0.16012517047101907,-0.013825091419127945,-0.033833784770838204,0.11484769,-0.096958734,0.062693045,[-0.11201624  0.2154284   0.06038495],/home/rastic/adil_RL/isaac-sim-standalone@4.5.0-rc.36+release.19112.f59b3005.gl.linux-x86_64.release/SE952--Bittle-Quadruped/camera_images_rocky1/frame_0136.png
137,0.9008047893978075,-0.46911011106083955,0.46911011106083955,-0.9008047893978075,0.648629345127617,1.5705172957677032,-1.5705172957677032,-0.648629345127617,0.16205937018720445,-0.01562579233403256,-0.03330709524515392,0.1630585,-0.19619858,0.0098069385,[-0.09522284  0.14784275  0.00864409],/home/rastic/adil_RL/isaac-sim-standalone@4.5.0-rc.36+release.19112.f59b3005.gl.linux-x86_64.release/SE952--Bittle-Quadruped/camera_images_rocky1/frame_0137.png
138,0.8773022034012122,-0.07887772052588349,0.07887772052588349,-0.8773022034012122,0.06995857880432299,1.120883583249858,-1.120883583249858,-0.06995857880432299,0.16405417781786052,-0.019134916157625945,-0.03392452908705655,0.009258988,-0.16017792,0.021020446,[-0.10024662  0.03453978  0.03784801],/home/rastic/adil_RL/isaac-sim-standalone@4.5.0-rc.36+release.19112.f59b3005.gl.linux-x86_64.release/SE952--Bittle-Quadruped/camera_images_rocky1/frame_0138.png
139,0.510026537539818,0.4880355638465068,-0.4880355638465068,-0.510026537539818,0.11328803526705822,0.8848233558287195,-0.8848233558287197,-0.11328803526705822,0.1641071013540557,-0.022314049544869926,-0.03450466006178738,-0.09955329,-0.111626565,0.040348537,[-0.08466381  0.01818494 -0.0012144 ],/home/rastic/adil_RL/isaac-sim-standalone@4.5.0-rc.36+release.19112.f59b3005.gl.linux-x86_64.release/SE952--Bittle-Quadruped/camera_images_rocky1/frame_0139.png
140,0.022806204976942857,0.4478576765818594,-0.4478576765818594,-0.022806204976942634,0.6239759756512291,1.5705144467256487,-1.5705144467256487,-0.6239759756512294,0.1619686692573197,-0.02479968726825442,-0.03466295006544755,0.18642697,-0.035244353,0.016153183,[-0.0079142   0.22533292  0.08227661],/home/rastic/adil_RL/isaac-sim-standalone@4.5.0-rc.36+release.19112.f59b3005.gl.linux-x86_64.release/SE952--Bittle-Quadruped/camera_images_rocky1/frame_0140.png
141,-0.4728200959009643,0.8697979411300303,-0.8697979411300303,0.4728200959009643,1.570517793042832,0.7364122564170807,-0.7364122564170807,-1.570517793042832,0.16509605202314245,-0.02541104174283637,-0.03459344197183237,-0.019525364,0.11814961,-0.0692011,[-0.01264804  0.1326586   0.0444647 ],/home/rastic/adil_RL/isaac-sim-standalone@4.5.0-rc.36+release.19112.f59b3005.gl.linux-x86_64.release/SE952--Bittle-Quadruped/camera_images_rocky1/frame_0141.png
142,-0.400805960676879,0.907050763443045,-0.9070507634430448,0.400805960676879,1.570508511866529,0.09608574986210117,-0.09608574986210139,-1.570508511866529,0.16535587957623799,-0.024753058399477286,-0.035168220306726464,-0.16817145,0.14128621,-0.03751385,[-0.01087941  0.06285862  0.02794224],/home/rastic/adil_RL/isaac-sim-standalone@4.5.0-rc.36+release.19112.f59b3005.gl.linux-x86_64.release/SE952--Bittle-Quadruped/camera_images_rocky1/frame_0142.png
143,0.2605920818887626,0.5653862666162789,-0.5653862666162789,-0.2605920818887626,0.8478255810014266,0.08362700567019288,-0.08362700567019288,-0.8478255810014266,0.16269052145212828,-0.021921140207472444,-0.03533375937567821,-0.2631346,-0.010361198,-0.03938751,[-0.04140339  0.07033601  0.00564495],/home/rastic/adil_RL/isaac-sim-standalone@4.5.0-rc.36+release.19112.f59b3005.gl.linux-x86_64.release/SE952--Bittle-Quadruped/camera_images_rocky1/frame_0143.png
144,0.49803805979273896,0.09021133285136629,-0.09021133285136629,-0.49803805979273896,1.2441345243265955,0.5266290796736033,-0.5266290796736033,-1.2441345243265955,0.15892080294092079,-0.020961212104023186,-0.035850856587328006,-0.1647205,-0.10016365,0.025444746,[-0.08096875  0.09921485  0.03982654],/home/rastic/adil_RL/isaac-sim-standalone@4.5.0-rc.36+release.19112.f59b3005.gl.linux-x86_64.release/SE952--Bittle-Quadruped/camera_images_rocky1/frame_0144.png
145,0.4807611977511379,-0.4695490803702427,0.4695490803702427,-0.4807611977511379,1.5705125000236095,1.5705173545091902,-1.5705173545091902,-1.5705125000236095,0.15711233474702602,-0.0224704429113171,-0.036210665135561655,-0.015174095,-0.12209411,-0.006155612,[-0.04325779  0.00207941  0.01247669],/home/rastic/adil_RL/isaac-sim-standalone@4.5.0-rc.36+release.19112.f59b3005.gl.linux-x86_64.release/SE952--Bittle-Quadruped/camera_images_rocky1/frame_0145.png
146,0.9617959697871453,-0.42555972949669174,0.42555972949669174,-0.9617959697871453,0.4045509800977659,1.5705116076828294,-1.5705116076828296,-0.4045509800977659,0.15709588378300743,-0.024864680093833393,-0.03673324235615991,0.17368798,-0.22719714,0.12271687,[-0.03274779 -0.00285077 -0.08950884],/home/rastic/adil_RL/isaac-sim-standalone@4.5.0-rc.36+release.19112.f59b3005.gl.linux-x86_64.release/SE952--Bittle-Quadruped/camera_images_rocky1/frame_0146.png
147,0.8574770249508828,0.18256190792411897,-0.18256190792411897,-0.8574770249508828,0.05793789370528568,0.8877153297845723,-0.8877153297845723,-0.05793789370528568,0.15951007496764244,-0.029052801691178718,-0.03555569727690173,-0.042603977,0.01677318,-0.031473935,[-0.04036396 -0.05459961 -0.0165275 ],/home/rastic/adil_RL/isaac-sim-standalone@4.5.0-rc.36+release.19112.f59b3005.gl.linux-x86_64.release/SE952--Bittle-Quadruped/camera_images_rocky1/frame_0147.png
148,0.43039298264408843,0.5244584087838244,-0.5244584087838244,-0.43039298264408843,0.16638619752048245,1.0979889765306026,-1.0979889765306026,-0.16638619752048245,0.16130897417603046,-0.03237012921584989,-0.034174376496463016,-0.13854462,-0.09768017,-0.04984252,[-0.03499952 -0.0858685  -0.03530887],/home/rastic/adil_RL/isaac-sim-standalone@4.5.0-rc.36+release.19112.f59b3005.gl.linux-x86_64.release/SE952--Bittle-Quadruped/camera_images_rocky1/frame_0148.png
149,-0.060625558883835806,0.4730634640806848,-0.4730634640806848,0.060625558883835806,0.7563528644177161,1.5705177872072862,-1.5705177872072862,-0.7563528644177161,0.1591588083864808,-0.03354815079544077,-0.03505373944919504,0.16813278,0.0673085,-0.009961449,[0.04945238 0.1809933  0.04304205],/home/rastic/adil_RL/isaac-sim-standalone@4.5.0-rc.36+release.19112.f59b3005.gl.linux-x86_64.release/SE952--Bittle-Quadruped/camera_images_rocky1/frame_0149.png
150,-0.47162252619927925,0.9643235977816292,-0.9643235977816292,0.47162252619927925,1.5705176323224714,0.385732296560123,-0.385732296560123,-1.5705176323224714,0.1610640371026513,-0.03269329777885831,-0.034934761406019955,-0.0010544285,0.18304244,-0.07540661,[0.04242984 0.09272793 0.02616403],/home/rastic/adil_RL/isaac-sim-standalone@4.5.0-rc.36+release.19112.f59b3005.gl.linux-x86_64.release/SE952--Bittle-Quadruped/camera_images_rocky1/frame_0150.png
151,-0.12183607526575058,0.7434445989231135,-0.7434445989231135,0.1218360752657508,1.172696595019002,0.034703757518661504,-0.034703757518661504,-1.1726965950190025,0.16120853931008294,-0.031132779870899165,-0.035461596578611546,-0.11129204,0.18465552,-0.048809577,[ 0.05135091 -0.00502374  0.06301215],/home/rastic/adil_RL/isaac-sim-standalone@4.5.0-rc.36+release.19112.f59b3005.gl.linux-x86_64.release/SE952--Bittle-Quadruped/camera_images_rocky1/frame_0151.png
152,0.47572222329705505,0.3254217165661496,-0.3254217165661496,-0.47572222329705505,0.8691875951367019,0.25451093331650765,-0.25451093331650776,-0.8691875951367019,0.15936183176557575,-0.02742622954373607,-0.03577185518705181,-0.121654876,0.11672053,-0.04481038,[0.03463991 0.05521506 0.00379153],/home/rastic/adil_RL/isaac-sim-standalone@4.5.0-rc.36+release.19112.f59b3005.gl.linux-x86_64.release/SE952--Bittle-Quadruped/camera_images_rocky1/frame_0152.png
153,0.4426200318115563,-0.4358851388640457,0.4358851388640457,-0.4426200318115563,1.5705137642439784,1.5705129298807177,-1.5705129298807174,-1.5705137642439784,0.1579719067444614,-0.024364169833063287,-0.03591231071117483,0.13263696,-0.09051707,-0.10720606,[-0.02022564  0.07307909  0.02674374],/home/rastic/adil_RL/isaac-sim-standalone@4.5.0-rc.36+release.19112.f59b3005.gl.linux-x86_64.release/SE952--Bittle-Quadruped/camera_images_rocky1/frame_0153.png
154,0.855712228478779,-0.4667198983986456,0.4667198983986456,-0.855712228478779,0.7734155612026035,1.5705169763769418,-1.5705169763769418,-0.7734155612026035,0.15981956612898848,-0.024862520620648143,-0.03698120600504282,0.09592005,-0.07047336,-0.025262624,[-0.01056572  0.04841048 -0.07067996],/home/rastic/adil_RL/isaac-sim-standalone@4.5.0-rc.36+release.19112.f59b3005.gl.linux-x86_64.release/SE952--Bittle-Quadruped/camera_images_rocky1/frame_0154.png
155,0.9142027461670328,-0.051341171965257226,0.051341171965257226,-0.9142027461670328,0.10439018755425988,1.0897002409071237,-1.0897002409071237,-0.10439018755425988,0.16131532075262647,-0.026223166777458874,-0.037653309813032075,-0.024495915,-0.1434032,0.028749436,[-0.00056216  0.00574448 -0.03430323],/home/rastic/adil_RL/isaac-sim-standalone@4.5.0-rc.36+release.19112.f59b3005.gl.linux-x86_64.release/SE952--Bittle-Quadruped/camera_images_rocky1/frame_0155.png
156,0.5778882245800285,0.49538487108513496,-0.49538487108513496,-0.5778882245800285,0.07778761424483616,0.8965595476136337,-0.8965595476136337,-0.07778761424483616,0.16270079973256976,-0.03005160633210724,-0.03727652571688344,-0.15358001,0.004430403,0.06098631,[ 0.02409346 -0.0019797  -0.04647845],/home/rastic/adil_RL/isaac-sim-standalone@4.5.0-rc.36+release.19112.f59b3005.gl.linux-x86_64.release/SE952--Bittle-Quadruped/camera_images_rocky1/frame_0156.png
157,0.08606661658261072,0.4511638958211561,-0.4511638958211561,-0.08606661658261094,0.5323644228741448,1.5705148796750623,-1.5705148796750623,-0.5323644228741445,0.16051942797341484,-0.030612414319143987,-0.036327352735177974,0.17567855,0.124492444,0.002090319,[0.10092551 0.2204678  0.03185529],/home/rastic/adil_RL/isaac-sim-standalone@4.5.0-rc.36+release.19112.f59b3005.gl.linux-x86_64.release/SE952--Bittle-Quadruped/camera_images_rocky1/frame_0157.png
158,-0.4707502161906403,0.8793497741570959,-0.8793497741570959,0.4707502161906403,1.5705175153744473,0.7104239389873324,-0.7104239389873324,-1.5705175153744473,0.16387017356288716,-0.028238394764700477,-0.035955729510647565,0.052556235,0.18207128,-0.04976412,[0.09844605 0.12439299 0.01518225],/home/rastic/adil_RL/isaac-sim-standalone@4.5.0-rc.36+release.19112.f59b3005.gl.linux-x86_64.release/SE952--Bittle-Quadruped/camera_images_rocky1/frame_0158.png
159,-0.41703339807265194,0.9009374356553919,-0.9009374356553919,0.41703339807265194,1.570510529238523,0.08971077386527737,-0.08971077386527726,-1.5705105292385233,0.1643149287989677,-0.02524856882984446,-0.03639883876813354,-0.09166708,0.23678733,-0.0319188,[0.10005943 0.07682378 0.01009265],/home/rastic/adil_RL/isaac-sim-standalone@4.5.0-rc.36+release.19112.f59b3005.gl.linux-x86_64.release/SE952--Bittle-Quadruped/camera_images_rocky1/frame_0159.png
160,0.21646563313532696,0.5545638055591142,-0.5545638055591142,-0.21646563313532696,0.8684307454401456,0.08894180179484101,-0.08894180179484101,-0.8684307454401456,0.16264497490051172,-0.021331678196747122,-0.036394170338161176,-0.24005799,0.111130774,-0.015427606,[ 0.0653138   0.08646125 -0.00159377],/home/rastic/adil_RL/isaac-sim-standalone@4.5.0-rc.36+release.19112.f59b3005.gl.linux-x86_64.release/SE952--Bittle-Quadruped/camera_images_rocky1/frame_0160.png
161,0.5161239940719957,0.08209034489739864,-0.08209034489739864,-0.5161239940719957,1.1605675699851854,0.5378975611456394,-0.5378975611456394,-1.1605675699851854,0.15878440122838708,-0.0187113306894257,-0.036068042924403826,-0.40712246,0.047902588,0.032518595,[0.03471856 0.04428561 0.06579959],/home/rastic/adil_RL/isaac-sim-standalone@4.5.0-rc.36+release.19112.f59b3005.gl.linux-x86_64.release/SE952--Bittle-Quadruped/camera_images_rocky1/frame_0161.png
162,0.4765812351167571,-0.46988753507017056,0.46988753507017056,-0.4765812351167571,1.570515930789056,1.570517399817928,-1.5705173998179278,-1.5705159307890564,0.15355263100275995,-0.017933145234794667,-0.03565592554826297,-0.05207172,-0.07683821,-0.064235374,[0.04217898 0.01631657 0.00177267],/home/rastic/adil_RL/isaac-sim-standalone@4.5.0-rc.36+release.19112.f59b3005.gl.linux-x86_64.release/SE952--Bittle-Quadruped/camera_images_rocky1/frame_0162.png
163,0.9511369443836317,-0.42491461425675126,0.42491461425675126,-0.9511369443836317,0.4650254875606361,1.5705115256562145,-1.5705115256562145,-0.4650254875606361,0.15062669406956597,-0.018668786031552424,-0.03645254923231724,0.10318365,-0.04218574,0.005804353,[ 0.04229475  0.07460897 -0.11179936],/home/rastic/adil_RL/isaac-sim-standalone@4.5.0-rc.36+release.19112.f59b3005.gl.linux-x86_64.release/SE952--Bittle-Quadruped/camera_images_rocky1/frame_0163.png
164,0.8854453838128183,0.18344157722144483,-0.18344157722144483,-0.8854453838128183,0.07599769684124313,0.8871794030864351,-0.8871794030864351,-0.07599769684124313,0.15250781372427183,-0.019354046644694978,-0.03665982822085108,0.057137713,0.059164025,0.019986149,[ 0.01197683 -0.01907973 -0.02639583],/home/rastic/adil_RL/isaac-sim-standalone@4.5.0-rc.36+release.19112.f59b3005.gl.linux-x86_64.release/SE952--Bittle-Quadruped/camera_images_rocky1/frame_0164.png
165,0.4759576062196871,0.5245332341479068,-0.5245332341479065,-0.4759576062196871,0.13452821718813157,1.0971610308095303,-1.0971610308095305,-0.13452821718813157,0.15327989077071075,-0.019289333723592428,-0.03649107249567029,-0.22824866,-0.06742717,-0.08831498,[ 0.00637616 -0.06979574 -0.03599564],/home/rastic/adil_RL/isaac-sim-standalone@4.5.0-rc.36+release.19112.f59b3005.gl.linux-x86_64.release/SE952--Bittle-Quadruped/camera_images_rocky1/frame_0165.png
166,-0.01702096803141484,0.47301872286699265,-0.47301872286699265,0.017020968031415062,0.6855505723620943,1.570517781199595,-1.570517781199595,-0.6855505723620946,0.15137023856069975,-0.019578668328432358,-0.03733011074535126,0.27206445,0.062361315,-0.08258243,[ 0.03023642  0.13393801 -0.05948866],/home/rastic/adil_RL/isaac-sim-standalone@4.5.0-rc.36+release.19112.f59b3005.gl.linux-x86_64.release/SE952--Bittle-Quadruped/camera_images_rocky1/frame_0166.png
167,-0.47281274770591963,0.9637262672338469,-0.9637262672338467,0.47281274770591963,1.5705177920560818,0.3904670460862105,-0.39046704608621097,-1.5705177920560818,0.15593828392402917,-0.018439279821666016,-0.03839068384106925,0.09432028,-0.031805377,-0.05500021,[0.01207802 0.10112695 0.00191053],/home/rastic/adil_RL/isaac-sim-standalone@4.5.0-rc.36+release.19112.f59b3005.gl.linux-x86_64.release/SE952--Bittle-Quadruped/camera_images_rocky1/frame_0167.png
168,-0.169900008572472,0.7480329295260938,-0.7480329295260938,0.169900008572472,1.2354326536781202,0.0345781825240542,-0.0345781825240542,-1.2354326536781204,0.15921574538677016,-0.018288989308018384,-0.039348663801429234,0.081956774,0.14332858,0.045738235,[0.05152522 0.04306424 0.0688253 ],/home/rastic/adil_RL/isaac-sim-standalone@4.5.0-rc.36+release.19112.f59b3005.gl.linux-x86_64.release/SE952--Bittle-Quadruped/camera_images_rocky1/frame_0168.png
169,0.45930688894603167,0.33178126091521165,-0.33178126091521165,-0.45930688894603167,0.8537765047743504,0.24859116321057573,-0.24859116321057573,-0.8537765047743504,0.15948327692578496,-0.016499686837539065,-0.03848324109306021,-0.0765451,0.0737887,0.050818183,[0.02341538 0.07340296 0.03665924],/home/rastic/adil_RL/isaac-sim-standalone@4.5.0-rc.36+release.19112.f59b3005.gl.linux-x86_64.release/SE952--Bittle-Quadruped/camera_images_rocky1/frame_0169.png
170,0.4346182116188144,-0.43414533403821,0.43414533403821,-0.4346182116188144,1.5705127298126045,1.5705127058816315,-1.5705127058816315,-1.5705127298126045,0.1580499688052581,-0.014619530337384466,-0.0368972397850297,0.12656505,-0.03358654,-0.0026397817,[-0.02308511  0.1294032   0.03343648],/home/rastic/adil_RL/isaac-sim-standalone@4.5.0-rc.36+release.19112.f59b3005.gl.linux-x86_64.release/SE952--Bittle-Quadruped/camera_images_rocky1/frame_0170.png
171,0.8290548759969472,-0.4675227432005207,0.4675227432005207,-0.8290548759969472,0.8400578899587876,1.5705170835696203,-1.5705170835696203,-0.8400578899587876,0.1598875064727387,-0.014703589371682481,-0.03616231553790039,0.014153071,-0.124244764,-0.06007926,[-0.01927831  0.07099652 -0.02916373],/home/rastic/adil_RL/isaac-sim-standalone@4.5.0-rc.36+release.19112.f59b3005.gl.linux-x86_64.release/SE952--Bittle-Quadruped/camera_images_rocky1/frame_0171.png
172,0.9292917557786953,-0.062324789047646156,0.06232478904764749,-0.9292917557786953,0.12574900478338802,1.101951242852502,-1.1019512428525045,-0.12574900478338802,0.15979390231159937,-0.016310507903678113,-0.03729087137925022,-0.034246963,-0.17718081,-0.085106984,[-0.03940034  0.01112929 -0.05441061],/home/rastic/adil_RL/isaac-sim-standalone@4.5.0-rc.36+release.19112.f59b3005.gl.linux-x86_64.release/SE952--Bittle-Quadruped/camera_images_rocky1/frame_0172.png
173,0.6117587618862634,0.4916651411302382,-0.4916651411302382,-0.6117587618862634,0.0636278994500169,0.8903483182208951,-0.8903483182208951,-0.0636278994500169,0.1594014322563913,-0.019202427095217817,-0.03906366017094081,-0.13226278,-0.099176854,-0.038640868,[-0.00953086 -0.01515986 -0.08074883],/home/rastic/adil_RL/isaac-sim-standalone@4.5.0-rc.36+release.19112.f59b3005.gl.linux-x86_64.release/SE952--Bittle-Quadruped/camera_images_rocky1/frame_0173.png
174,0.11952750289681213,0.4490567053391379,-0.4490567053391379,-0.11952750289681213,0.4870000741335172,1.5705146035491326,-1.5705146035491326,-0.4870000741335171,0.15720974135122717,-0.02073747096918536,-0.040312475706270126,0.1577219,-0.0054650865,0.008940744,[-0.01709295  0.25835192  0.06323756],/home/rastic/adil_RL/isaac-sim-standalone@4.5.0-rc.36+release.19112.f59b3005.gl.linux-x86_64.release/SE952--Bittle-Quadruped/camera_images_rocky1/frame_0174.png
175,-0.46866319844482773,0.8713697725769307,-0.8713697725769307,0.46866319844482773,1.5705172359901054,0.7321895757136683,-0.7321895757136683,-1.5705172359901052,0.16030903820185785,-0.02128589329794893,-0.04050885670299942,0.023455843,0.057510857,0.009539085,[-0.01353016  0.20033617  0.09051973],/home/rastic/adil_RL/isaac-sim-standalone@4.5.0-rc.36+release.19112.f59b3005.gl.linux-x86_64.release/SE952--Bittle-Quadruped/camera_images_rocky1/frame_0175.png
176,-0.42524518892733165,0.907809819626538,-0.9078098196265377,0.42524518892733165,1.570511567680205,0.0969215300176397,-0.0969215300176397,-1.570511567680205,0.15970435047114243,-0.020571792459406074,-0.0401981824622775,-0.101411596,0.15432404,0.080061115,[0.00799905 0.1387533  0.08935238],/home/rastic/adil_RL/isaac-sim-standalone@4.5.0-rc.36+release.19112.f59b3005.gl.linux-x86_64.release/SE952--Bittle-Quadruped/camera_images_rocky1/frame_0176.png
177,0.1902247000640953,0.5687110508003748,-0.5687110508003748,-0.1902247000640953,0.88310931296482,0.08204247259053676,-0.08204247259053676,-0.88310931296482,0.1578189633088794,-0.018029325426899136,-0.03840531126637668,-0.27593866,0.013555266,0.10615558,[-0.01692108  0.15765269  0.07285106],/home/rastic/adil_RL/isaac-sim-standalone@4.5.0-rc.36+release.19112.f59b3005.gl.linux-x86_64.release/SE952--Bittle-Quadruped/camera_images_rocky1/frame_0177.png
178,0.5221798616180173,0.09704794384653437,-0.09704794384653437,-0.5221798616180173,1.1194355707980126,0.5172405673987335,-0.5172405673987335,-1.1194355707980126,0.1541860394766426,-0.01666751934229458,-0.036330053371002265,-0.37093398,0.002902464,0.09374302,[-0.03820253  0.12199301  0.12247604],/home/rastic/adil_RL/isaac-sim-standalone@4.5.0-rc.36+release.19112.f59b3005.gl.linux-x86_64.release/SE952--Bittle-Quadruped/camera_images_rocky1/frame_0178.png
179,0.47334149993602015,-0.4688167933400613,0.4688167933400613,-0.47334149993602015,1.5705177987175611,1.570517256531408,-1.570517256531408,-1.5705177987175611,0.1485887589003659,-0.016746048245041667,-0.034892143302856275,-0.12238292,-0.0888734,0.008444356,[-0.03370449  0.08783326  0.05403816],/home/rastic/adil_RL/isaac-sim-standalone@4.5.0-rc.36+release.19112.f59b3005.gl.linux-x86_64.release/SE952--Bittle-Quadruped/camera_images_rocky1/frame_0179.png
180,0.9586695991945771,-0.4289071835255984,0.4289071835255984,-0.9586695991945771,0.4246071414770687,1.5705120344234746,-1.5705120344234746,-0.4246071414770689,0.14579265150258736,-0.018361830963893492,-0.03492710847477066,0.020464286,-0.11899598,-0.07704056,[-0.03232194  0.10936482 -0.04898939],/home/rastic/adil_RL/isaac-sim-standalone@4.5.0-rc.36+release.19112.f59b3005.gl.linux-x86_64.release/SE952--Bittle-Quadruped/camera_images_rocky1/frame_0180.png
181,0.8357412531332786,0.16967807250973133,-0.16967807250973133,-0.8357412531332786,0.04828779705381692,0.8957747693669886,-0.8957747693669884,-0.04828779705381692,0.14683288343646247,-0.020939351028447833,-0.03519886306874067,0.0006103758,-0.33580154,-0.19368169,[-0.0483659   0.02597888 -0.05314076],/home/rastic/adil_RL/isaac-sim-standalone@4.5.0-rc.36+release.19112.f59b3005.gl.linux-x86_64.release/SE952--Bittle-Quadruped/camera_images_rocky1/frame_0181.png
182,0.4074461672309643,0.5255506087011821,-0.525550608701183,-0.4074461672309643,0.1839039423791834,1.084483643258322,-1.0844836432583203,-0.1839039423791834,0.1466528471705904,-0.025604014950012622,-0.03925023446506309,-0.28765026,-0.20208248,-0.11258116,[-0.03121577 -0.06079152 -0.02948604],/home/rastic/adil_RL/isaac-sim-standalone@4.5.0-rc.36+release.19112.f59b3005.gl.linux-x86_64.release/SE952--Bittle-Quadruped/camera_images_rocky1/frame_0182.png
183,-0.41967276559409394,0.47284325086092815,-0.47284325086092815,0.41967276559409417,1.570510861752627,1.5705177576404057,-1.5705177576404061,-1.5705108617526273,0.14339496308305447,-0.028769428959075218,-0.041632586765563875,0.18108481,-0.0022568144,-0.013280429,[-0.01805776  0.08302683 -0.05076711],/home/rastic/adil_RL/isaac-sim-standalone@4.5.0-rc.36+release.19112.f59b3005.gl.linux-x86_64.release/SE952--Bittle-Quadruped/camera_images_rocky1/frame_0183.png
184,-0.4706110667973338,0.9628967414004841,-0.9628967414004841,0.4706110667973338,1.5705174967285462,0.3967234702993707,-0.3967234702993707,-1.5705174967285462,0.14526673822971567,-0.029435120343057935,-0.04246667643448499,0.1089517,0.008462837,-0.064433575,[-0.02644027  0.01352964 -0.07866376],/home/rastic/adil_RL/isaac-sim-standalone@4.5.0-rc.36+release.19112.f59b3005.gl.linux-x86_64.release/SE952--Bittle-Quadruped/camera_images_rocky1/frame_0184.png
185,-0.09921679723912913,0.7501973730715917,-0.7501973730715917,0.09921679723912913,1.1449275969503525,0.03454342638402019,-0.03454342638402019,-1.1449275969503525,0.14650977997070722,-0.029261985560988076,-0.0436231385964303,0.004357543,0.1849701,-0.07064112,[ 0.00999211 -0.09030368 -0.00544345],/home/rastic/adil_RL/isaac-sim-standalone@4.5.0-rc.36+release.19112.f59b3005.gl.linux-x86_64.release/SE952--Bittle-Quadruped/camera_images_rocky1/frame_0185.png
186,0.4830562154596658,0.3329657252620717,-0.33296572526207147,-0.4830562154596658,0.8779780447331611,0.24749687928961228,-0.2474968792896125,-0.8779780447331611,0.14567081819258282,-0.026046141997228926,-0.044232824895876814,-0.20869267,0.001568161,-0.0035409778,[-0.01232584 -0.04163245 -0.02481519],/home/rastic/adil_RL/isaac-sim-standalone@4.5.0-rc.36+release.19112.f59b3005.gl.linux-x86_64.release/SE952--Bittle-Quadruped/camera_images_rocky1/frame_0186.png
187,0.44615597838506194,-0.43455835305050616,0.43455835305050616,-0.44615597838506194,1.570514224529835,1.5705127590137695,-1.5705127590137695,-1.570514224529835,0.1438963876455466,-0.023780465651236652,-0.044500106812562376,0.12012865,-0.058926005,0.022295646,[-0.04641918 -0.02737902  0.01389928],/home/rastic/adil_RL/isaac-sim-standalone@4.5.0-rc.36+release.19112.f59b3005.gl.linux-x86_64.release/SE952--Bittle-Quadruped/camera_images_rocky1/frame_0187.png
188,0.8671782125136602,-0.46715154569821915,0.46715154569821915,-0.8671782125136598,0.7434059139060072,1.5705170339978172,-1.5705170339978172,-0.7434059139060079,0.14662859510910542,-0.024988927321276475,-0.044169337963406705,0.15261269,-0.11416308,0.2141979,[-0.03519244 -0.09144024 -0.08027051],/home/rastic/adil_RL/isaac-sim-standalone@4.5.0-rc.36+release.19112.f59b3005.gl.linux-x86_64.release/SE952--Bittle-Quadruped/camera_images_rocky1/frame_0188.png
189,0.9064783295749319,-0.05557939805553613,0.05557939805553613,-0.9064783295749319,0.09546218776626358,1.0943982034088846,-1.0943982034088846,-0.09546218776626358,0.1487941139530736,-0.027200599547474724,-0.041126606972559515,0.14815313,-0.117430285,0.018214904,[-0.05654288 -0.10973708 -0.08579824],/home/rastic/adil_RL/isaac-sim-standalone@4.5.0-rc.36+release.19112.f59b3005.gl.linux-x86_64.release/SE952--Bittle-Quadruped/camera_images_rocky1/frame_0189.png
190,0.5623554805964748,0.49436372198950806,-0.49436372198950784,-0.5623554805964748,0.08509124000141632,0.8947940392844094,-0.8947940392844096,-0.08509124000141632,0.15142636208525798,-0.0303621876350065,-0.03985080955705386,-0.056781337,-0.03682684,0.013491608,[-0.00939433 -0.10801642 -0.07434277],/home/rastic/adil_RL/isaac-sim-standalone@4.5.0-rc.36+release.19112.f59b3005.gl.linux-x86_64.release/SE952--Bittle-Quadruped/camera_images_rocky1/frame_0190.png
191,0.0713622940590255,0.45073466051082534,-0.45073466051082534,-0.0713622940590255,0.5529769281528226,1.5705148233744066,-1.5705148233744066,-0.5529769281528226,0.1503482504680859,-0.03133360018117265,-0.040223855611880986,0.20545922,0.12509528,-0.03555409,[0.08692817 0.17838994 0.01582471],/home/rastic/adil_RL/isaac-sim-standalone@4.5.0-rc.36+release.19112.f59b3005.gl.linux-x86_64.release/SE952--Bittle-Quadruped/camera_images_rocky1/frame_0191.png
192,-0.4714383506426627,0.8782543278755168,-0.8782543278755166,0.4714383506426627,1.570517607622105,0.7134457534122625,-0.7134457534122629,-1.5705176076221048,0.15331599253958167,-0.0294150751919029,-0.040407040292944854,-0.030454539,0.24479288,-0.13181545,[0.07869234 0.0450436  0.02013384],/home/rastic/adil_RL/isaac-sim-standalone@4.5.0-rc.36+release.19112.f59b3005.gl.linux-x86_64.release/SE952--Bittle-Quadruped/camera_images_rocky1/frame_0192.png
193,-0.41339146587537745,0.9015245107338433,-0.9015245107338433,0.41339146587537745,1.5705100724013177,0.09029670161805736,-0.09029670161805736,-1.5705100724013177,0.15301033287156615,-0.02559879038093328,-0.04187742012422866,-0.075797796,0.25505558,-0.11115179,[ 0.08514119 -0.02133227  0.02145326],/home/rastic/adil_RL/isaac-sim-standalone@4.5.0-rc.36+release.19112.f59b3005.gl.linux-x86_64.release/SE952--Bittle-Quadruped/camera_images_rocky1/frame_0193.png
194,0.22713191219781992,0.5554313584423509,-0.5554313584423509,-0.22713191219781992,0.86296575306397,0.08850694704348439,-0.08850694704348439,-0.86296575306397,0.15177350721453173,-0.020711276553341307,-0.0429553909042339,-0.18143353,0.098144025,-0.07489472,[ 0.04646658 -0.00891767  0.021424  ],/home/rastic/adil_RL/isaac-sim-standalone@4.5.0-rc.36+release.19112.f59b3005.gl.linux-x86_64.release/SE952--Bittle-Quadruped/camera_images_rocky1/frame_0194.png
195,0.5128022834003554,0.08238701113249758,-0.08238701113249758,-0.5128022834003552,1.178776845059064,0.5374836943887841,-0.5374836943887841,-1.1787768450590643,0.14947725124325165,-0.017853795024599144,-0.04391367143730714,-0.34287113,0.097621776,0.0278413,[ 0.03418973 -0.03338939  0.09275321],/home/rastic/adil_RL/isaac-sim-standalone@4.5.0-rc.36+release.19112.f59b3005.gl.linux-x86_64.release/SE952--Bittle-Quadruped/camera_images_rocky1/frame_0195.png
196,0.4777260965312857,-0.4699072954789001,0.4699072954789001,-0.4777260965312857,1.5705151446670462,1.5705174024637205,-1.5705174024637205,-1.5705151446670462,0.14554734016581394,-0.015632737123347083,-0.04322166838319017,-0.10109435,0.067164786,-0.012483366,[ 0.03820279 -0.06420127  0.02918407],/home/rastic/adil_RL/isaac-sim-standalone@4.5.0-rc.36+release.19112.f59b3005.gl.linux-x86_64.release/SE952--Bittle-Quadruped/camera_images_rocky1/frame_0196.png
197,0.9541051818273665,-0.42469765956368066,0.42469765956368066,-0.9541051818273665,0.4500746043423989,1.5705114980859933,-1.5705114980859933,-0.4500746043423989,0.1441200013792686,-0.015033235770235194,-0.04354928558251704,0.12237134,-0.022495288,0.14627258,[ 0.04800802 -0.05784234 -0.06966652],/home/rastic/adil_RL/isaac-sim-standalone@4.5.0-rc.36+release.19112.f59b3005.gl.linux-x86_64.release/SE952--Bittle-Quadruped/camera_images_rocky1/frame_0197.png
198,0.8790221688851847,0.1844711958686096,-0.1844711958686096,-0.8790221688851847,0.0711749585967908,0.8865544739297495,-0.8865544739297495,-0.0711749585967908,0.14593711051247274,-0.015583978309995557,-0.0414849510346086,0.31682247,-0.12627903,0.1637579,[ 0.02956821 -0.1090802  -0.07239734],/home/rastic/adil_RL/isaac-sim-standalone@4.5.0-rc.36+release.19112.f59b3005.gl.linux-x86_64.release/SE952--Bittle-Quadruped/camera_images_rocky1/frame_0198.png
199,0.46490190776224016,0.5243620662155,-0.5243620662155,-0.46490190776224016,0.14189805718735338,1.0990390087585882,-1.0990390087585882,-0.14189805718735338,0.1492918816031257,-0.017738723074757153,-0.03898087371950915,-0.15415892,0.11450011,-0.018794049,[ 0.04102377 -0.13233912 -0.02204463],/home/rastic/adil_RL/isaac-sim-standalone@4.5.0-rc.36+release.19112.f59b3005.gl.linux-x86_64.release/SE952--Bittle-Quadruped/camera_images_rocky1/frame_0199.png
200,-0.02762102995029503,0.47305456592729245,-0.47305456592729245,0.02762102995029525,0.7024398078581227,1.5705177860124526,-1.5705177860124522,-0.7024398078581229,0.14793144947423148,-0.017326234650201874,-0.038604325639255296,0.14403725,0.024679922,-0.010495327,[0.02321055 0.15229529 0.0705734 ],/home/rastic/adil_RL/isaac-sim-standalone@4.5.0-rc.36+release.19112.f59b3005.gl.linux-x86_64.release/SE952--Bittle-Quadruped/camera_images_rocky1/frame_0200.png
201,-0.4726187159229551,0.9640696164863919,-0.9640696164863919,0.4726187159229551,1.5705177660031762,0.3877712658716036,-0.3877712658716038,-1.5705177660031762,0.15067176481978448,-0.016703385841933184,-0.03886283072703844,0.096397206,-0.033990927,-0.021863779,[-0.02190515  0.11628191  0.07226182],/home/rastic/adil_RL/isaac-sim-standalone@4.5.0-rc.36+release.19112.f59b3005.gl.linux-x86_64.release/SE952--Bittle-Quadruped/camera_images_rocky1/frame_0201.png
202,-0.15757631185392862,0.7458675306052399,-0.7458675306052399,0.15757631185392862,1.2188502135360164,0.03462871877417273,-0.03462871877417273,-1.2188502135360164,0.15188327227511547,-0.016955891975375007,-0.03932173108994565,0.08122338,0.09242115,-0.019806137,[0.00933115 0.05383665 0.11729262],/home/rastic/adil_RL/isaac-sim-standalone@4.5.0-rc.36+release.19112.f59b3005.gl.linux-x86_64.release/SE952--Bittle-Quadruped/camera_images_rocky1/frame_0202.png
203,0.4635689182151901,0.32898346581993854,-0.32898346581993854,-0.4635689182151901,0.8572990786456844,0.25118625937187233,-0.25118625937187233,-0.8572990786456844,0.1532618527733508,-0.0155450070531061,-0.03940107282372272,-0.12544778,0.0043694507,0.01234417,[-0.02613864  0.08326177  0.08863899],/home/rastic/adil_RL/isaac-sim-standalone@4.5.0-rc.36+release.19112.f59b3005.gl.linux-x86_64.release/SE952--Bittle-Quadruped/camera_images_rocky1/frame_0203.png
204,0.4366998128879054,-0.4348316590348711,0.4348316590348711,-0.4366998128879054,1.5705129979365462,1.5705127941878014,-1.5705127941878014,-1.5705129979365462,0.1521375809009641,-0.01462813108968517,-0.03899722107567843,0.1516194,-0.10630624,0.01609829,[-0.03891503  0.10354775  0.07385458],/home/rastic/adil_RL/isaac-sim-standalone@4.5.0-rc.36+release.19112.f59b3005.gl.linux-x86_64.release/SE952--Bittle-Quadruped/camera_images_rocky1/frame_0204.png
205,0.8360552037423918,-0.4672361819781745,0.4672361819781745,-0.8360552037423918,0.8229245587224634,1.5705170452989627,-1.5705170452989627,-0.8229245587224636,0.15351825952181603,-0.01563286752444121,-0.038187994209310676,0.0045912866,-0.054920554,-0.0033362946,[-0.03880508  0.05655894 -0.00427577],/home/rastic/adil_RL/isaac-sim-standalone@4.5.0-rc.36+release.19112.f59b3005.gl.linux-x86_64.release/SE952--Bittle-Quadruped/camera_images_rocky1/frame_0205.png
206,0.9257094764230298,-0.05847989036638035,0.05847989036638035,-0.9257094764230298,0.12011625960887407,1.097634534625973,-1.097634534625973,-0.12011625960887407,0.15336699227190254,-0.017875256121188475,-0.03852203455802953,0.010268068,-0.19795014,-0.0651566,[-0.06174207 -0.00261191 -0.03831815],/home/rastic/adil_RL/isaac-sim-standalone@4.5.0-rc.36+release.19112.f59b3005.gl.linux-x86_64.release/SE952--Bittle-Quadruped/camera_images_rocky1/frame_0206.png
207,0.6032582147652817,0.4929372256297806,-0.4929372256297806,-0.6032582147652817,0.06694916067571999,0.8924056211086113,-0.8924056211086113,-0.06694916067571999,0.15338796385120868,-0.021143020480291083,-0.040019962183748536,-0.16033843,-0.113940515,-0.022384742,[-0.03315362 -0.02462776 -0.06592819],/home/rastic/adil_RL/isaac-sim-standalone@4.5.0-rc.36+release.19112.f59b3005.gl.linux-x86_64.release/SE952--Bittle-Quadruped/camera_images_rocky1/frame_0207.png
208,0.1110153511591756,0.44975872410002227,-0.44975872410002227,-0.1110153511591756,0.49833737821071444,1.5705146954678701,-1.5705146954678701,-0.49833737821071444,0.1515055122183999,-0.023191385080331084,-0.04102970956297813,0.26666474,-0.022091415,-0.015338578,[-0.01293221  0.18789732 -0.0045197 ],/home/rastic/adil_RL/isaac-sim-standalone@4.5.0-rc.36+release.19112.f59b3005.gl.linux-x86_64.release/SE952--Bittle-Quadruped/camera_images_rocky1/frame_0208.png
209,-0.4692607408272518,0.8739676574289357,-0.8739676574289357,0.4692607408272518,1.570517315921562,0.725165252473386,-0.725165252473386,-1.5705173159215617,0.15704478456886323,-0.0232117921251006,-0.041669141238860986,-0.039821878,0.04195296,-0.033129938,[0.00773296 0.09563439 0.02224763],/home/rastic/adil_RL/isaac-sim-standalone@4.5.0-rc.36+release.19112.f59b3005.gl.linux-x86_64.release/SE952--Bittle-Quadruped/camera_images_rocky1/frame_0209.png
210,-0.4232008088388466,0.905689108755247,-0.905689108755247,0.4232008088388466,1.5705113080840787,0.09461181628514503,-0.09461181628514503,-1.570511308084079,0.15653856134271815,-0.021870575897613046,-0.04264385954287146,-0.06942475,0.14331722,-0.0060285213,[0.02674147 0.04184812 0.02964213],/home/rastic/adil_RL/isaac-sim-standalone@4.5.0-rc.36+release.19112.f59b3005.gl.linux-x86_64.release/SE952--Bittle-Quadruped/camera_images_rocky1/frame_0210.png
211,0.19704169191591636,0.5643144029730892,-0.5643144029730892,-0.19704169191591636,0.8791313952884545,0.0841426887580522,-0.0841426887580522,-0.8791313952884545,0.1548326900617213,-0.019638295611843767,-0.04226601423390622,-0.2121022,0.039891098,-0.0011426746,[-0.00514959  0.05544975  0.02478506],/home/rastic/adil_RL/isaac-sim-standalone@4.5.0-rc.36+release.19112.f59b3005.gl.linux-x86_64.release/SE952--Bittle-Quadruped/camera_images_rocky1/frame_0211.png
212,0.5208783630494638,0.09246023330858333,-0.09246023330858333,-0.5208783630494638,1.1296204513923636,0.5235308654401696,-0.5235308654401696,-1.1296204513923636,0.15161149886413516,-0.018042867197003414,-0.04172711376414957,-0.3024943,-0.0073224213,0.04235338,[-0.01828224  0.04660992  0.075408  ],/home/rastic/adil_RL/isaac-sim-standalone@4.5.0-rc.36+release.19112.f59b3005.gl.linux-x86_64.release/SE952--Bittle-Quadruped/camera_images_rocky1/frame_0212.png
213,0.4742319231665828,-0.4691569430981819,0.4691569430981819,-0.4742319231665828,1.5705173277536528,1.570517302033375,-1.570517302033375,-1.5705173277536528,0.1471187482071242,-0.01774403058605212,-0.040946323140312435,0.03044729,-0.09487247,-0.009530926,[-0.01066369 -0.01425604  0.0270072 ],/home/rastic/adil_RL/isaac-sim-standalone@4.5.0-rc.36+release.19112.f59b3005.gl.linux-x86_64.release/SE952--Bittle-Quadruped/camera_images_rocky1/frame_0213.png
214,0.9448735452728863,-0.42773406748179466,0.42773406748179466,-0.9448735452728863,0.493775882141839,1.5705118846609936,-1.5705118846609936,-0.493775882141839,0.1460434098582592,-0.018935357181547905,-0.04096999935950344,0.10311856,-0.08644758,0.059472516,[ 0.00373934 -0.00190871 -0.0816697 ],/home/rastic/adil_RL/isaac-sim-standalone@4.5.0-rc.36+release.19112.f59b3005.gl.linux-x86_64.release/SE952--Bittle-Quadruped/camera_images_rocky1/frame_0214.png
215,0.897019088289568,0.1733015868901735,-0.1733015868901735,-0.897019088289568,0.0859333262600196,0.8934685865659855,-0.8934685865659855,-0.0859333262600196,0.14787363751129945,-0.021096974936398994,-0.04048067338676983,0.104402274,-0.045294665,0.04583839,[-0.02013292 -0.04422703 -0.00923097],/home/rastic/adil_RL/isaac-sim-standalone@4.5.0-rc.36+release.19112.f59b3005.gl.linux-x86_64.release/SE952--Bittle-Quadruped/camera_images_rocky1/frame_0215.png
216,0.49731879374294796,0.5256551461968111,-0.5256551461968111,-0.49731879374294774,0.12094929295403145,1.082976740207031,-1.082976740207031,-0.12094929295403156,0.14965131968876666,-0.023067620184260784,-0.03967483158193611,-0.20276365,-0.122547634,-0.073679656,[-0.01052679 -0.0588705  -0.03747269],/home/rastic/adil_RL/isaac-sim-standalone@4.5.0-rc.36+release.19112.f59b3005.gl.linux-x86_64.release/SE952--Bittle-Quadruped/camera_images_rocky1/frame_0216.png
217,0.003849102730595355,0.47273038084795616,-0.47273038084795616,-0.003849102730595355,0.6529118011584842,1.5705177424884402,-1.5705177424884402,-0.6529118011584842,0.14754281097110652,-0.024027580738358797,-0.04058000763511485,0.25022888,0.0026163338,-0.02779478,[ 0.01727429  0.12519836 -0.06959796],/home/rastic/adil_RL/isaac-sim-standalone@4.5.0-rc.36+release.19112.f59b3005.gl.linux-x86_64.release/SE952--Bittle-Quadruped/camera_images_rocky1/frame_0217.png
218,-0.47300717343461085,0.9616045257448483,-0.9616045257448487,0.47300717343461085,1.5705178181669033,0.4058645269817177,-0.40586452698171716,-1.5705178181669033,0.15175298719131097,-0.02388982094470401,-0.04109488259640904,-0.014195189,0.0737448,-0.024759665,[ 0.03697805  0.0227935  -0.00761729],/home/rastic/adil_RL/isaac-sim-standalone@4.5.0-rc.36+release.19112.f59b3005.gl.linux-x86_64.release/SE952--Bittle-Quadruped/camera_images_rocky1/frame_0218.png
219,-0.19967638484232553,0.758951453075642,-0.758951453075642,0.19967638484232553,1.2769773128954836,0.034567072462295956,-0.034567072462295956,-1.2769773128954836,0.15205033870320833,-0.021663119353164756,-0.04191118985226248,0.037971027,0.17369264,-0.005879786,[ 0.06296851 -0.04527222  0.04808724],/home/rastic/adil_RL/isaac-sim-standalone@4.5.0-rc.36+release.19112.f59b3005.gl.linux-x86_64.release/SE952--Bittle-Quadruped/camera_images_rocky1/frame_0219.png
220,0.44702373143945584,0.3453142804661765,-0.3453142804661763,-0.44702373143945584,0.8451522630641195,0.23624316079201535,-0.23624316079201568,-0.8451522630641195,0.15106641029017814,-0.019262309172627817,-0.04146845476525485,-0.13516337,0.05168291,-0.009417487,[0.02582394 0.0011062  0.02571175],/home/rastic/adil_RL/isaac-sim-standalone@4.5.0-rc.36+release.19112.f59b3005.gl.linux-x86_64.release/SE952--Bittle-Quadruped/camera_images_rocky1/frame_0220.png
221,0.42873025033423673,-0.4309982831727075,0.4309982831727077,-0.42873025033423673,1.5705119751919472,1.5705123019381595,-1.57051230193816,-1.5705119751919472,0.14906178402113046,-0.017495589664109867,-0.040947583167226784,0.12829453,-0.030224364,0.01813417,[0.00910391 0.00637792 0.03197419],/home/rastic/adil_RL/isaac-sim-standalone@4.5.0-rc.36+release.19112.f59b3005.gl.linux-x86_64.release/SE952--Bittle-Quadruped/camera_images_rocky1/frame_0221.png
222,0.8087950203077992,-0.46865970506157995,0.46865970506157995,-0.8087950203077992,0.8884292667409446,1.5705172355229486,-1.5705172355229486,-0.8884292667409446,0.15054481704313202,-0.018169613035168515,-0.04066804567821912,0.07675921,0.071645156,0.090618245,[ 0.02848619 -0.02811125 -0.02016543],/home/rastic/adil_RL/isaac-sim-standalone@4.5.0-rc.36+release.19112.f59b3005.gl.linux-x86_64.release/SE952--Bittle-Quadruped/camera_images_rocky1/frame_0222.png
223,0.9383748378986352,-0.07824721294525316,0.07824721294525316,-0.9383748378986352,0.14210093308201777,1.1201520453867557,-1.1201520453867555,-0.14210093308201777,0.15181472636557072,-0.017958030455660766,-0.03991858276356531,0.04530058,-0.0023558643,-0.034046844,[ 0.00551142 -0.06034172 -0.04329   ],/home/rastic/adil_RL/isaac-sim-standalone@4.5.0-rc.36+release.19112.f59b3005.gl.linux-x86_64.release/SE952--Bittle-Quadruped/camera_images_rocky1/frame_0223.png
224,0.6350453258502322,0.486418469416787,-0.486418469416787,-0.6350453258502322,0.05535440920432644,0.8825130093385685,-0.8825130093385682,-0.05535440920432644,0.15285650573406395,-0.018451875308199257,-0.040346739321531634,-0.07415344,-0.0128244255,-0.021966003,[ 0.02384959 -0.06988217 -0.07522033],/home/rastic/adil_RL/isaac-sim-standalone@4.5.0-rc.36+release.19112.f59b3005.gl.linux-x86_64.release/SE952--Bittle-Quadruped/camera_images_rocky1/frame_0224.png
225,0.143354687782977,0.4462411524702481,-0.44624115247024765,-0.143354687782977,0.45600012734479967,1.5705142356408226,-1.5705142356408235,-0.45600012734479967,0.1516361245735546,-0.018604819139195563,-0.040998276086243596,0.26241475,0.020834781,0.010359453,[0.01406515 0.24385156 0.05679007],/home/rastic/adil_RL/isaac-sim-standalone@4.5.0-rc.36+release.19112.f59b3005.gl.linux-x86_64.release/SE952--Bittle-Quadruped/camera_images_rocky1/frame_0225.png
226,-0.46674122085121605,0.8611862944490554,-0.8611862944490554,0.46674122085121605,1.5705169792226896,0.7592050726681774,-0.7592050726681774,-1.5705169792226896,0.1539972553434822,-0.018735349983355874,-0.04119041314756914,0.04728452,0.064320125,-0.02242663,[0.01534256 0.14969264 0.06307311],/home/rastic/adil_RL/isaac-sim-standalone@4.5.0-rc.36+release.19112.f59b3005.gl.linux-x86_64.release/SE952--Bittle-Quadruped/camera_images_rocky1/frame_0226.png
227,-0.43081185431525104,0.915370288680856,-0.915370288680856,0.43081185431525104,1.5705122780592644,0.10584298819267335,-0.10584298819267335,-1.5705122780592644,0.1536484207554441,-0.017452216938255126,-0.04144311296485406,-0.06949821,0.1809338,0.05255927,[0.03692762 0.12144694 0.04880084],/home/rastic/adil_RL/isaac-sim-standalone@4.5.0-rc.36+release.19112.f59b3005.gl.linux-x86_64.release/SE952--Bittle-Quadruped/camera_images_rocky1/frame_0227.png
228,0.1705527444933561,0.5847916039137158,-0.5847916039137158,-0.1705527444933561,0.8952152755661822,0.07470294094888486,-0.07470294094888486,-0.8952152755661822,0.152255451079187,-0.014532725577434789,-0.039977625743274105,-0.20749813,-0.069338225,-0.027600922,[0.00950264 0.11431522 0.07647698],/home/rastic/adil_RL/isaac-sim-standalone@4.5.0-rc.36+release.19112.f59b3005.gl.linux-x86_64.release/SE952--Bittle-Quadruped/camera_images_rocky1/frame_0228.png
229,0.5249981858660717,0.11363822481284003,-0.11363822481284003,-0.5249981858660717,1.0917382548039383,0.4948292264413089,-0.4948292264413088,-1.0917382548039385,0.14894965071065253,-0.012915021279193499,-0.03881112844556626,-0.33685783,-0.13684395,-0.109976694,[-0.04264266 -0.03603157  0.15321913],/home/rastic/adil_RL/isaac-sim-standalone@4.5.0-rc.36+release.19112.f59b3005.gl.linux-x86_64.release/SE952--Bittle-Quadruped/camera_images_rocky1/frame_0229.png
230,0.4731435173967182,-0.46749078392671706,0.46749078392671706,-0.4731435173967182,1.5705177979572258,1.5705170793008576,-1.5705170793008576,-1.5705177979572258,0.14409014636676504,-0.014658959309502192,-0.040990796007634146,-0.07922281,-0.07042624,-0.08008197,[-0.04378809 -0.06649072  0.08589374],/home/rastic/adil_RL/isaac-sim-standalone@4.5.0-rc.36+release.19112.f59b3005.gl.linux-x86_64.release/SE952--Bittle-Quadruped/camera_images_rocky1/frame_0230.png
231,0.9662690523196444,-0.43289588365685083,0.43289588365685083,-0.9662690523196444,0.36848724636476615,1.5705125453152358,-1.5705125453152358,-0.3684872463647664,0.14183502271989473,-0.01626306376465039,-0.04314703317147719,0.10897753,-0.095937096,0.13533984,[-0.03317334 -0.04764968 -0.02559922],/home/rastic/adil_RL/isaac-sim-standalone@4.5.0-rc.36+release.19112.f59b3005.gl.linux-x86_64.release/SE952--Bittle-Quadruped/camera_images_rocky1/frame_0231.png
232,0.7223718024323039,0.15550344783807324,-0.15550344783807324,-0.7223718024323039,0.03614865910394416,0.9050883796318869,-0.9050883796318869,-0.03614865910394416,0.14334348835759542,-0.017099643827992443,-0.0423022770815382,0.14258799,-0.2014726,0.13731319,[-0.05494475 -0.10595691 -0.0336259 ],/home/rastic/adil_RL/isaac-sim-standalone@4.5.0-rc.36+release.19112.f59b3005.gl.linux-x86_64.release/SE952--Bittle-Quadruped/camera_images_rocky1/frame_0232.png
233,0.2946299451175737,0.5261152961135434,-0.5261152961135434,-0.2946299451175738,0.28423343880992213,1.0755930845929562,-1.0755930845929562,-0.284233438809922,0.1460438164625178,-0.02093370225036312,-0.04012977938043586,-0.16388218,-0.05162859,0.012209231,[-0.03427184 -0.11001568 -0.02175015],/home/rastic/adil_RL/isaac-sim-standalone@4.5.0-rc.36+release.19112.f59b3005.gl.linux-x86_64.release/SE952--Bittle-Quadruped/camera_images_rocky1/frame_0233.png
234,-0.4441869890939585,0.47272664639141526,-0.47272664639141526,0.4441869890939587,1.5705140053177828,1.570517741987146,-1.570517741987146,-1.570514005317783,0.14434088762488576,-0.02210660774501074,-0.04000022276502774,0.11173814,-0.044099115,0.04131281,[-0.04594096 -0.09018625 -0.04662327],/home/rastic/adil_RL/isaac-sim-standalone@4.5.0-rc.36+release.19112.f59b3005.gl.linux-x86_64.release/SE952--Bittle-Quadruped/camera_images_rocky1/frame_0234.png
235,-0.4616198201900652,0.9629145923882089,-0.9629145923882091,0.4616198201900652,1.570516297516118,0.3965923292599939,-0.39659232925999366,-1.570516297516118,0.14483584339588265,-0.023005164022317816,-0.03982365618844721,0.034680977,0.07367169,-0.01937947,[-0.0207988  -0.09017505 -0.05117221],/home/rastic/adil_RL/isaac-sim-standalone@4.5.0-rc.36+release.19112.f59b3005.gl.linux-x86_64.release/SE952--Bittle-Quadruped/camera_images_rocky1/frame_0235.png
236,0.004653597456921954,0.7464831918409253,-0.7464831918409253,-0.004653597456921954,1.03105952974778,0.03461275570861089,-0.03461275570861089,-1.03105952974778,0.14509313303520785,-0.02201981343382263,-0.04031527098554277,-0.0029983148,0.122480586,-0.05739496,[ 0.01030522 -0.17382221  0.00992957],/home/rastic/adil_RL/isaac-sim-standalone@4.5.0-rc.36+release.19112.f59b3005.gl.linux-x86_64.release/SE952--Bittle-Quadruped/camera_images_rocky1/frame_0236.png
237,0.5118203992582309,0.32592201018912625,-0.32592201018912603,-0.5118203992582309,0.9341456798631169,0.2540425217466268,-0.254042521746627,-0.9341456798631169,0.14398759092419755,-0.01912615453425999,-0.0401572922177959,-0.1701605,-0.09539595,-0.09218535,[-0.0152544  -0.13500917  0.01985139],/home/rastic/adil_RL/isaac-sim-standalone@4.5.0-rc.36+release.19112.f59b3005.gl.linux-x86_64.release/SE952--Bittle-Quadruped/camera_images_rocky1/frame_0237.png
238,0.4607579687594958,-0.4370812898818377,0.4370812898818377,-0.4607579687594958,1.5705161451204082,1.5705130841647197,-1.5705130841647197,-1.5705161451204082,0.14211168818704104,-0.018356840096438454,-0.041719144477092324,0.15513843,-0.08050157,-0.07900462,[-0.03983955 -0.13435298  0.02836482],/home/rastic/adil_RL/isaac-sim-standalone@4.5.0-rc.36+release.19112.f59b3005.gl.linux-x86_64.release/SE952--Bittle-Quadruped/camera_images_rocky1/frame_0238.png
239,0.9160600721131658,-0.4657575045768163,0.4657575045768163,-0.9160600721131658,0.6007466455829122,1.5705168479985359,-1.5705168479985359,-0.6007466455829122,0.14535211131523051,-0.01981423432468612,-0.04341666089533528,0.2608912,-0.027228689,0.14406995,[-0.03086553 -0.1717414  -0.06989077],/home/rastic/adil_RL/isaac-sim-standalone@4.5.0-rc.36+release.19112.f59b3005.gl.linux-x86_64.release/SE952--Bittle-Quadruped/camera_images_rocky1/frame_0239.png
240,0.8578797289803421,-0.03659045744773026,0.03659045744773026,-0.8578797289803421,0.05814878402437318,1.0736354166171989,-1.0736354166171989,-0.05814878402437318,0.1494104852666909,-0.020141229191342678,-0.04157883226100992,0.009194672,0.024483204,0.02272109,[-0.00850785 -0.16628611  0.04282876],/home/rastic/adil_RL/isaac-sim-standalone@4.5.0-rc.36+release.19112.f59b3005.gl.linux-x86_64.release/SE952--Bittle-Quadruped/camera_images_rocky1/frame_0240.png
241,0.47739587462226385,0.5007322455481471,-0.5007322455481471,-0.47739587462226385,0.13358653457686331,0.9066650084903867,-0.9066650084903867,-0.13358653457686331,0.15232388971469465,-0.022825405098224737,-0.03982413345588198,-0.011165092,0.05261195,0.07906117,[ 0.02084955 -0.13062286 -0.01002199],/home/rastic/adil_RL/isaac-sim-standalone@4.5.0-rc.36+release.19112.f59b3005.gl.linux-x86_64.release/SE952--Bittle-Quadruped/camera_images_rocky1/frame_0241.png
242,-0.010054071254803176,0.45446411026141176,-0.45446411026141176,0.01005407125480251,0.6745642100043425,1.5705153134578533,-1.5705153134578533,-0.6745642100043414,0.15126892403046346,-0.02284182673329116,-0.038706100954680515,0.2211093,-0.0018496155,0.0021229265,[-0.00167538  0.14886445  0.091622  ],/home/rastic/adil_RL/isaac-sim-standalone@4.5.0-rc.36+release.19112.f59b3005.gl.linux-x86_64.release/SE952--Bittle-Quadruped/camera_images_rocky1/frame_0242.png
243,-0.47299357019619626,0.8927345855926618,-0.8927345855926618,0.47299357019619626,1.570517816339864,0.6725111578773051,-0.6725111578773051,-1.570517816339864,0.15406603534930535,-0.022940438651178955,-0.03862311989694259,0.07140122,0.08112927,-0.0107287755,[-0.00609534  0.14028499  0.10921554],/home/rastic/adil_RL/isaac-sim-standalone@4.5.0-rc.36+release.19112.f59b3005.gl.linux-x86_64.release/SE952--Bittle-Quadruped/camera_images_rocky1/frame_0243.png
244,-0.20038678548425648,0.8869295014797286,-0.8869295014797286,0.20038678548425648,1.2779947560160316,0.07717818188886771,-0.07717818188886771,-1.2779947560160316,0.15540179152959058,-0.022918399628362923,-0.038795204046371164,-0.016724475,0.16432881,0.020140126,[0.01132088 0.0729356  0.09559762],/home/rastic/adil_RL/isaac-sim-standalone@4.5.0-rc.36+release.19112.f59b3005.gl.linux-x86_64.release/SE952--Bittle-Quadruped/camera_images_rocky1/frame_0244.png
245,0.446157277373852,0.5281870138680311,-0.5281870138680311,-0.446157277373852,0.8446205307079231,0.10288589810949245,-0.10288589810949245,-0.8446205307079231,0.15466012972386214,-0.020068316112815593,-0.0378695056247208,-0.21279725,0.003402494,0.04464785,[-0.0146351   0.08885854  0.07273608],/home/rastic/adil_RL/isaac-sim-standalone@4.5.0-rc.36+release.19112.f59b3005.gl.linux-x86_64.release/SE952--Bittle-Quadruped/camera_images_rocky1/frame_0245.png
246,0.4267758744958916,0.04272832401730153,-0.04272832401730131,-0.4267758744958916,1.5705117259681451,0.5943019158979123,-0.5943019158979125,-1.570511725968145,0.15186741119330846,-0.018722840127145406,-0.03666404053120095,0.18098375,-0.158411,-0.013828248,[-0.06918257  0.2775172   0.1012167 ],/home/rastic/adil_RL/isaac-sim-standalone@4.5.0-rc.36+release.19112.f59b3005.gl.linux-x86_64.release/SE952--Bittle-Quadruped/camera_images_rocky1/frame_0246.png
247,0.796285639126243,-0.4723415052916091,0.4723415052916091,-0.7962856391262427,0.9175214366710915,1.5705177287904306,-1.5705177287904306,-0.9175214366710924,0.1542969377042402,-0.020713506617920218,-0.03661820198331889,-0.008729664,-0.14606643,0.03800039,[-0.04914764  0.12499608  0.02152323],/home/rastic/adil_RL/isaac-sim-standalone@4.5.0-rc.36+release.19112.f59b3005.gl.linux-x86_64.release/SE952--Bittle-Quadruped/camera_images_rocky1/frame_0247.png
248,0.9453320769849215,-0.40748636996225995,0.40748636996225995,-0.9453320769849215,0.15728905300847262,1.5705093366462561,-1.5705093366462564,-0.15728905300847262,0.15360960829496667,-0.023165949416395947,-0.03668532301381326,-0.0174452,-0.27216578,-0.12351274,[-0.07277907  0.09555111 -0.01835806],/home/rastic/adil_RL/isaac-sim-standalone@4.5.0-rc.36+release.19112.f59b3005.gl.linux-x86_64.release/SE952--Bittle-Quadruped/camera_images_rocky1/frame_0248.png
249,0.6580653855440664,0.24237741476519425,-0.24237741476519425,-0.6580653855440664,0.04840860809086489,0.8556809901495659,-0.8556809901495659,-0.04840860809086489,0.1536579431294219,-0.028257911896403358,-0.03903175155402102,-0.20519465,-0.23013747,-0.08680997,[-0.05398635  0.05629968 -0.06827285],/home/rastic/adil_RL/isaac-sim-standalone@4.5.0-rc.36+release.19112.f59b3005.gl.linux-x86_64.release/SE952--Bittle-Quadruped/camera_images_rocky1/frame_0249.png
250,0.1853768833357743,0.5075201557179925,-0.5075201557179925,-0.1853768833357743,0.4039604750668463,1.2044066849610557,-1.2044066849610557,-0.4039604750668463,0.15126801559027833,-0.03209103825391981,-0.04125232011108082,-0.23001295,-0.2506313,-0.112052396,[-0.03821502  0.03720752 -0.03340725],/home/rastic/adil_RL/isaac-sim-standalone@4.5.0-rc.36+release.19112.f59b3005.gl.linux-x86_64.release/SE952--Bittle-Quadruped/camera_images_rocky1/frame_0250.png
251,-0.4604980248679522,0.47893839197702004,-0.47893839197702004,0.4604980248679522,1.5705161486846717,1.5705142077931105,-1.5705142077931105,-1.5705161486846717,0.14830140652038182,-0.035561344960639424,-0.04341723224143447,-0.07822293,-0.07979749,-0.026410075,[-0.06830966 -0.00633822 -0.01261407],/home/rastic/adil_RL/isaac-sim-standalone@4.5.0-rc.36+release.19112.f59b3005.gl.linux-x86_64.release/SE952--Bittle-Quadruped/camera_images_rocky1/frame_0251.png
252,-0.4457141997333447,0.9566809498369504,-0.9566809498369504,0.4457141997333447,1.5705142043189726,0.43614566664293797,-0.4361456666429382,-1.5705142043189726,0.1468953147741569,-0.03684878853735333,-0.04412243958699646,-0.072667114,0.05364511,-0.008174377,[-0.04277435  0.0037909  -0.04849647],/home/rastic/adil_RL/isaac-sim-standalone@4.5.0-rc.36+release.19112.f59b3005.gl.linux-x86_64.release/SE952--Bittle-Quadruped/camera_images_rocky1/frame_0252.png
253,0.10081995050559867,0.8735627884259805,-0.8735627884259805,-0.10081995050559867,0.9452198901333526,0.06741690468979045,-0.06741690468979045,-0.9452198901333526,0.1444147528520477,-0.035365599438627,-0.043884092326876505,-0.10341395,0.13389502,-0.019648734,[-0.01541468 -0.08680456  0.00235268],/home/rastic/adil_RL/isaac-sim-standalone@4.5.0-rc.36+release.19112.f59b3005.gl.linux-x86_64.release/SE952--Bittle-Quadruped/camera_images_rocky1/frame_0253.png
254,0.5252784755339808,0.45803788470398776,-0.45803788470398776,-0.5252784755339808,1.0028458332185766,0.14659023689572026,-0.14659023689572026,-1.0028458332185766,0.14262417186816756,-0.03252045301477758,-0.043708571112873094,-0.20646958,0.021662492,-0.009034917,[-0.03769671 -0.07618305  0.01043253],/home/rastic/adil_RL/isaac-sim-standalone@4.5.0-rc.36+release.19112.f59b3005.gl.linux-x86_64.release/SE952--Bittle-Quadruped/camera_images_rocky1/frame_0254.png
255,0.46884156551458434,-0.03202667230146705,0.03202667230146705,-0.46884156551458434,1.570517221487148,0.7095207396216633,-0.7095207396216633,-1.570517221487148,0.1406592751227218,-0.03135728230905681,-0.04367825683267847,0.2061671,-0.056048043,0.005815416,[-0.08257105  0.09001659  0.02581408],/home/rastic/adil_RL/isaac-sim-standalone@4.5.0-rc.36+release.19112.f59b3005.gl.linux-x86_64.release/SE952--Bittle-Quadruped/camera_images_rocky1/frame_0255.png
256,0.9435142172905144,-0.4725641684930493,0.4725641684930493,-0.9435142172905144,0.499626134537859,1.5705177586799224,-1.5705177586799224,-0.499626134537859,0.1458582929824558,-0.03287059764766864,-0.04421428923860714,0.21493056,-0.09186527,0.06203213,[-0.07072222 -0.04768406 -0.03197639],/home/rastic/adil_RL/isaac-sim-standalone@4.5.0-rc.36+release.19112.f59b3005.gl.linux-x86_64.release/SE952--Bittle-Quadruped/camera_images_rocky1/frame_0256.png
257,0.8143740953567798,-0.15630835635037088,0.1563083563503711,-0.8143740953567798,0.04166307059068719,1.2171638757795247,-1.217163875779525,-0.04166307059068719,0.14893632404750834,-0.034863198828776844,-0.04349273296968264,0.14212795,-0.14963295,0.072958425,[-0.0625449  -0.0993119   0.02264266],/home/rastic/adil_RL/isaac-sim-standalone@4.5.0-rc.36+release.19112.f59b3005.gl.linux-x86_64.release/SE952--Bittle-Quadruped/camera_images_rocky1/frame_0257.png
258,0.4170500991529321,0.4635930003042563,-0.4635930003042563,-0.41705009915293156,0.17645282055554612,0.857319849117971,-0.857319849117971,-0.17645282055554679,0.15127290183072709,-0.03799495017537061,-0.042398707307451815,0.020493284,-0.021853365,0.10317613,[-0.0182043  -0.06953152 -0.00230603],/home/rastic/adil_RL/isaac-sim-standalone@4.5.0-rc.36+release.19112.f59b3005.gl.linux-x86_64.release/SE952--Bittle-Quadruped/camera_images_rocky1/frame_0258.png
259,-0.06187481739806211,0.43645284872927137,-0.43645284872927137,0.06187481739806211,0.7584325029736922,1.570512966089789,-1.570512966089789,-0.7584325029736922,0.1513269195811246,-0.03971557484549589,-0.04047212508988235,0.06652452,0.11606175,0.08152237,[0.02728423 0.0587378  0.0347013 ],/home/rastic/adil_RL/isaac-sim-standalone@4.5.0-rc.36+release.19112.f59b3005.gl.linux-x86_64.release/SE952--Bittle-Quadruped/camera_images_rocky1/frame_0259.png
260,-0.47214723016534843,0.8341693570024531,-0.8341693570024531,0.47214723016534843,1.5705177027170476,0.8275636035058929,-0.8275636035058926,-1.5705177027170476,0.15277771423132605,-0.03813792608639788,-0.03909705653603062,-0.0505784,0.18537062,-0.029686853,[ 0.02671809 -0.02618817  0.01635661],/home/rastic/adil_RL/isaac-sim-standalone@4.5.0-rc.36+release.19112.f59b3005.gl.linux-x86_64.release/SE952--Bittle-Quadruped/camera_images_rocky1/frame_0260.png
261,-0.15003960548337036,0.9273360518464874,-0.9273360518464874,0.15003960548337036,1.2088803087641904,0.12262419698992033,-0.12262419698992033,-1.2088803087641904,0.1515735393655383,-0.03574400026099087,-0.039194853620138734,-0.07604055,0.23022172,-0.02337543,[ 0.05209056 -0.06931341 -0.00098155],/home/rastic/adil_RL/isaac-sim-standalone@4.5.0-rc.36+release.19112.f59b3005.gl.linux-x86_64.release/SE952--Bittle-Quadruped/camera_images_rocky1/frame_0261.png
262,0.4622138219258387,0.6080824020874783,-0.6080824020874783,-0.4622138219258387,0.8561463465808843,0.06504485996039477,-0.06504485996039477,-0.8561463465808843,0.1501654410030086,-0.031107206409154615,-0.03915278735475515,-0.15666497,0.038973484,-0.14737864,[ 0.01637709 -0.09714556  0.01950933],/home/rastic/adil_RL/isaac-sim-standalone@4.5.0-rc.36+release.19112.f59b3005.gl.linux-x86_64.release/SE952--Bittle-Quadruped/camera_images_rocky1/frame_0262.png
263,0.4340175123315513,0.11743455247185963,-0.11743455247185963,-0.4340175123315513,1.5705126525676065,0.48977483446504166,-0.48977483446504166,-1.570512652567606,0.14820465497343563,-0.029469165634800724,-0.041435563835028354,0.22781941,-0.082725205,-0.09028798,[-0.01735656  0.11885988  0.05093988],/home/rastic/adil_RL/isaac-sim-standalone@4.5.0-rc.36+release.19112.f59b3005.gl.linux-x86_64.release/SE952--Bittle-Quadruped/camera_images_rocky1/frame_0263.png
264,0.818805739398593,-0.4687261964129297,0.4687261964129297,-0.818805739398593,0.864738844177602,1.5705172444148696,-1.5705172444148698,-0.8647388441776023,0.15154548432216344,-0.029767438888694264,-0.04248836853781821,0.11932291,-0.06469331,-0.02216275,[ 0.00026992 -0.03510504  0.01023117],/home/rastic/adil_RL/isaac-sim-standalone@4.5.0-rc.36+release.19112.f59b3005.gl.linux-x86_64.release/SE952--Bittle-Quadruped/camera_images_rocky1/frame_0264.png
265,0.9380213167250891,-0.4252882998158427,0.4252882998158427,-0.9380213167250891,0.14139919954996782,1.570511573161982,-1.570511573161982,-0.14139919954996782,0.1523897696020976,-0.0312362703235034,-0.042983455350721296,0.065137245,-0.20779644,0.037415165,[ 0.0039189  -0.03554761  0.00429753],/home/rastic/adil_RL/isaac-sim-standalone@4.5.0-rc.36+release.19112.f59b3005.gl.linux-x86_64.release/SE952--Bittle-Quadruped/camera_images_rocky1/frame_0265.png
266,0.6388155949004075,0.18963007106207508,-0.18963007106207508,-0.6388155949004075,0.05413121627474571,0.8834616675639706,-0.8834616675639706,-0.05413121627474571,0.15389490428928182,-0.034899904090144936,-0.04276005559404403,-0.079575986,-0.04716378,0.07390974,[ 0.03332676 -0.01749378 -0.04539375],/home/rastic/adil_RL/isaac-sim-standalone@4.5.0-rc.36+release.19112.f59b3005.gl.linux-x86_64.release/SE952--Bittle-Quadruped/camera_images_rocky1/frame_0266.png
267,0.16843737658674396,0.52237325843511,-0.52237325843511,-0.16843737658674396,0.42453484798407615,1.1178234983082886,-1.1178234983082886,-0.42453484798407615,0.15286704928955444,-0.03575075480228187,-0.04195938567214096,-0.16232939,-0.11207743,0.04724732,[ 0.05628907 -0.03952978 -0.05175059],/home/rastic/adil_RL/isaac-sim-standalone@4.5.0-rc.36+release.19112.f59b3005.gl.linux-x86_64.release/SE952--Bittle-Quadruped/camera_images_rocky1/frame_0267.png
268,-0.4621029715550622,0.4733006328671987,-0.4733006328671987,0.4621029715550624,1.570516361671727,1.5705178190579145,-1.5705178190579145,-1.5705163616717273,0.14993663044965666,-0.037985902367375285,-0.041457799722152563,-0.13893831,0.019817434,0.00321209,[ 0.04537904 -0.03416159 -0.0195406 ],/home/rastic/adil_RL/isaac-sim-standalone@4.5.0-rc.36+release.19112.f59b3005.gl.linux-x86_64.release/SE952--Bittle-Quadruped/camera_images_rocky1/frame_0268.png
269,-0.44385210054381075,0.9661548076642901,-0.9661548076642901,0.44385210054381075,1.5705139617283044,0.3695992456448858,-0.369599245644886,-1.5705139617283044,0.1477211934057832,-0.037584364739822705,-0.04104656281898518,-0.07994965,0.18046656,0.008963723,[ 0.0638662  -0.00635696 -0.04835848],/home/rastic/adil_RL/isaac-sim-standalone@4.5.0-rc.36+release.19112.f59b3005.gl.linux-x86_64.release/SE952--Bittle-Quadruped/camera_images_rocky1/frame_0269.png
270,0.10941152741708016,0.7547496111469951,-0.7547496111469951,-0.10941152741707993,0.9384847461256034,0.034522489712972226,-0.034522489712972226,-0.9384847461256036,0.14616340463608793,-0.035063268608264475,-0.040449256968796754,-0.12520067,0.20756575,-0.010824319,[ 0.0870978  -0.10167085  0.01870887],/home/rastic/adil_RL/isaac-sim-standalone@4.5.0-rc.36+release.19112.f59b3005.gl.linux-x86_64.release/SE952--Bittle-Quadruped/camera_images_rocky1/frame_0270.png
271,0.5264719708602266,0.3214585189764765,-0.3214585189764765,-0.5264719708602263,1.0201090572767182,0.25823795211323763,-0.25823795211323763,-1.0201090572767184,0.14392428265661641,-0.03051019304880904,-0.03998319147978106,-0.18058299,0.11012862,-0.05194539,[ 0.05450945 -0.07588692  0.01927537],/home/rastic/adil_RL/isaac-sim-standalone@4.5.0-rc.36+release.19112.f59b3005.gl.linux-x86_64.release/SE952--Bittle-Quadruped/camera_images_rocky1/frame_0271.png
272,0.47034009651601405,-0.43895304397345125,0.4389530439734515,-0.47034009651601405,1.5705174220105516,1.5705133260451871,-1.5705133260451873,-1.5705174220105516,0.14128346151899968,-0.02760406957528375,-0.04020582534926009,0.20250481,0.066856876,-0.041134425,[ 0.03429057 -0.04091747  0.0207365 ],/home/rastic/adil_RL/isaac-sim-standalone@4.5.0-rc.36+release.19112.f59b3005.gl.linux-x86_64.release/SE952--Bittle-Quadruped/camera_images_rocky1/frame_0272.png
273,0.9511836880284408,-0.4644359003779708,0.4644359003779708,-0.9511836880284408,0.4647977473483653,1.5705166719116384,-1.5705166719116381,-0.4647977473483653,0.14344541076322365,-0.02680081026758148,-0.0406118460433106,0.25940424,0.08720294,0.02553003,[ 0.0367747  -0.06545034 -0.07783089],/home/rastic/adil_RL/isaac-sim-standalone@4.5.0-rc.36+release.19112.f59b3005.gl.linux-x86_64.release/SE952--Bittle-Quadruped/camera_images_rocky1/frame_0273.png
274,0.791359436835777,-0.019940178294369115,0.019940178294369115,-0.791359436835777,0.037134308164519014,1.0560331592223986,-1.0560331592223986,-0.037134308164519014,0.14806664236403258,-0.02555326920964306,-0.039996469368276846,0.060595274,0.07695578,0.0064773997,[ 0.06196851 -0.06856869  0.04102056],/home/rastic/adil_RL/isaac-sim-standalone@4.5.0-rc.36+release.19112.f59b3005.gl.linux-x86_64.release/SE952--Bittle-Quadruped/camera_images_rocky1/frame_0274.png
275,0.3832808563203465,0.505963427555016,-0.505963427555016,-0.38328085632034625,0.20341051925487108,0.9182731643959108,-0.9182731643959108,-0.2034105192548713,0.14959110223835595,-0.024882257725438787,-0.039465171179674234,-0.031614758,0.11538795,0.019347228,[ 0.04955957 -0.04836157 -0.01510073],/home/rastic/adil_RL/isaac-sim-standalone@4.5.0-rc.36+release.19112.f59b3005.gl.linux-x86_64.release/SE952--Bittle-Quadruped/camera_images_rocky1/frame_0275.png
276,-0.4238199090021628,0.45762537074630094,-0.45762537074630094,0.4238199090021628,1.570511386623546,1.5705157304700479,-1.5705157304700479,-1.570511386623546,0.14959356490294817,-0.023832826405066735,-0.03866824353934707,0.040313147,0.06595654,-0.004420312,[0.01616263 0.11695805 0.07106973],/home/rastic/adil_RL/isaac-sim-standalone@4.5.0-rc.36+release.19112.f59b3005.gl.linux-x86_64.release/SE952--Bittle-Quadruped/camera_images_rocky1/frame_0276.png
277,-0.4702367419537148,0.9052527053296635,-0.9052527053296635,0.4702367419537148,1.5705174465822656,0.6350747216945587,-0.6350747216945587,-1.5705174465822656,0.15006845991815335,-0.02309211862995958,-0.03818026434587746,0.11096239,0.043247875,0.0056329975,[-0.0061029   0.1559193   0.04936853],/home/rastic/adil_RL/isaac-sim-standalone@4.5.0-rc.36+release.19112.f59b3005.gl.linux-x86_64.release/SE952--Bittle-Quadruped/camera_images_rocky1/frame_0277.png
278,-0.09885905018156937,0.8715386769827208,-0.8715386769827208,0.09885905018156937,1.1444971663202725,0.06609779709051578,-0.06609779709051578,-1.1444971663202725,0.1512648867508794,-0.022782128324966757,-0.03810749779503789,0.056114163,0.0357806,0.028757738,[0.01133906 0.07864949 0.02962541],/home/rastic/adil_RL/isaac-sim-standalone@4.5.0-rc.36+release.19112.f59b3005.gl.linux-x86_64.release/SE952--Bittle-Quadruped/camera_images_rocky1/frame_0278.png
279,0.4812008264478136,0.49953735822002066,-0.49953735822002066,-0.4812008264478136,0.875619288764852,0.11958924089421907,-0.11958924089421907,-0.875619288764852,0.15119976320550174,-0.021813138710158567,-0.03709171357567683,-0.07473165,-0.07103766,-0.029538319,[-0.0304722   0.05952047  0.05426473],/home/rastic/adil_RL/isaac-sim-standalone@4.5.0-rc.36+release.19112.f59b3005.gl.linux-x86_64.release/SE952--Bittle-Quadruped/camera_images_rocky1/frame_0279.png
280,0.4442135994928105,0.011373158936073269,-0.011373158936073269,-0.4442135994928105,1.570513971446399,0.6413458545740615,-0.6413458545740615,-1.570513971446399,0.1491597722049551,-0.022003900726731376,-0.03758352472578036,0.23328981,-0.2131645,-0.07417933,[-0.07879777  0.22187239  0.10057105],/home/rastic/adil_RL/isaac-sim-standalone@4.5.0-rc.36+release.19112.f59b3005.gl.linux-x86_64.release/SE952--Bittle-Quadruped/camera_images_rocky1/frame_0280.png
281,0.8566234143810092,-0.4729641382386158,0.4729641382386158,-0.8566234143810092,0.7710641891640275,1.5705178123869663,-1.5705178123869663,-0.7710641891640275,0.1531535150109958,-0.0247028503510168,-0.03924748693794742,0.008738112,-0.14745891,0.030689392,[-0.06291318  0.04413029  0.0634002 ],/home/rastic/adil_RL/isaac-sim-standalone@4.5.0-rc.36+release.19112.f59b3005.gl.linux-x86_64.release/SE952--Bittle-Quadruped/camera_images_rocky1/frame_0281.png
282,0.9167761823436406,-0.39686452876170386,0.39686452876170386,-0.9167761823436406,0.10763164992876384,1.5705080291047078,-1.5705080291047078,-0.10763164992876362,0.15305628417468686,-0.027002456824520932,-0.039451690637555936,-0.0002215784,-0.1994918,-0.04686433,[-0.08456164  0.00953048  0.01106518],/home/rastic/adil_RL/isaac-sim-standalone@4.5.0-rc.36+release.19112.f59b3005.gl.linux-x86_64.release/SE952--Bittle-Quadruped/camera_images_rocky1/frame_0282.png
283,0.5862803989038899,0.2707355015827664,-0.2707355015827664,-0.5862803989038899,0.07405085592728722,0.8438704856603847,-0.8438704856603847,-0.07405085592728722,0.1535000418717853,-0.03127493909682505,-0.04127883055148115,-0.08142723,-0.18534513,-0.027638188,[-0.06171352 -0.00743745 -0.03916278],/home/rastic/adil_RL/isaac-sim-standalone@4.5.0-rc.36+release.19112.f59b3005.gl.linux-x86_64.release/SE952--Bittle-Quadruped/camera_images_rocky1/frame_0283.png
284,0.11198666603075846,0.49138075290342176,-0.49138075290342176,-0.11198666603075869,0.49703669027210884,1.2689337893711654,-1.2689337893711654,-0.4970366902721087,0.15181517702269917,-0.034371221632469445,-0.042508168532381235,-0.1060944,-0.20379835,-0.07046519,[-0.04793497  0.02282839 -0.02081412],/home/rastic/adil_RL/isaac-sim-standalone@4.5.0-rc.36+release.19112.f59b3005.gl.linux-x86_64.release/SE952--Bittle-Quadruped/camera_images_rocky1/frame_0284.png
285,-0.4679022519716203,0.48162363285140053,-0.48162363285140053,0.4679022519716203,1.5705171342708293,1.5705114929853723,-1.5705114929853723,-1.5705171342708295,0.15086565488288145,-0.03682848683237342,-0.04371464860134839,-0.041365117,-0.12457385,-0.016925838,[-0.06359994 -0.03251755  0.01126296],/home/rastic/adil_RL/isaac-sim-standalone@4.5.0-rc.36+release.19112.f59b3005.gl.linux-x86_64.release/SE952--Bittle-Quadruped/camera_images_rocky1/frame_0285.png
286,-0.4310483317858216,0.9641363535677172,-0.9641363535677172,0.4310483317858216,1.5705123083496424,0.3872393231853348,-0.38723932318533505,-1.5705123083496424,0.14965690887176053,-0.038642899914081034,-0.04456767980135476,-0.09030277,0.118288316,0.019741978,[-0.0427586  -0.04113703 -0.02734171],/home/rastic/adil_RL/isaac-sim-standalone@4.5.0-rc.36+release.19112.f59b3005.gl.linux-x86_64.release/SE952--Bittle-Quadruped/camera_images_rocky1/frame_0286.png
287,0.16255878172072014,0.8479150792492842,-0.8479150792492842,-0.16255878172072014,0.9003947780790245,0.05328893408993385,-0.05328893408993385,-0.9003947780790245,0.14752688151535437,-0.03651950465502718,-0.0438944069766484,-0.06560505,0.15912817,-0.01556616,[-0.02001154 -0.1339589   0.01026502],/home/rastic/adil_RL/isaac-sim-standalone@4.5.0-rc.36+release.19112.f59b3005.gl.linux-x86_64.release/SE952--Bittle-Quadruped/camera_images_rocky1/frame_0287.png
288,0.5263579865452779,0.4147896847901803,-0.4147896847901803,-0.5263579865452777,1.070978531445195,0.17819109135489597,-0.17819109135489575,-1.0709785314451952,0.14591812396698187,-0.03404196295052826,-0.04353560139418693,-0.16067833,0.08640628,-0.02095888,[-0.04180374 -0.13399073  0.02805409],/home/rastic/adil_RL/isaac-sim-standalone@4.5.0-rc.36+release.19112.f59b3005.gl.linux-x86_64.release/SE952--Bittle-Quadruped/camera_images_rocky1/frame_0288.png
289,0.47246415054598767,-0.07691544317404309,0.07691544317404309,-0.4724641505459872,1.5705177067557123,0.7836901986747898,-0.7836901986747898,-1.5705177067557128,0.1425130326629365,-0.03125734340150048,-0.043319818182172995,0.25035083,-0.099732704,-0.013263106,[-0.069266   -0.01673252  0.04370186],/home/rastic/adil_RL/isaac-sim-standalone@4.5.0-rc.36+release.19112.f59b3005.gl.linux-x86_64.release/SE952--Bittle-Quadruped/camera_images_rocky1/frame_0289.png
290,0.9602436902708591,-0.47086579528194195,0.47086579528194195,-0.9602436902708591,0.41485382772741874,1.5705175308639268,-1.5705175308639268,-0.41485382772741874,0.14719187918281457,-0.032937439459299285,-0.04407288296407894,0.17297715,-0.10876091,0.07720541,[-0.05900022 -0.09330144 -0.01132866],/home/rastic/adil_RL/isaac-sim-standalone@4.5.0-rc.36+release.19112.f59b3005.gl.linux-x86_64.release/SE952--Bittle-Quadruped/camera_images_rocky1/frame_0290.png
291,0.7638371386620928,-0.10331831681709525,0.10331831681709525,-0.7638371386620928,0.0346978814920178,1.1498818006133942,-1.1498818006133942,-0.0346978814920178,0.1497028788074168,-0.03435568917797133,-0.04373999279019284,0.047419302,-0.11625062,0.038953535,[-0.0426019  -0.08621635  0.08625337],/home/rastic/adil_RL/isaac-sim-standalone@4.5.0-rc.36+release.19112.f59b3005.gl.linux-x86_64.release/SE952--Bittle-Quadruped/camera_images_rocky1/frame_0291.png
292,0.3506991092185895,0.4820253429244823,-0.4820253429244823,-0.3506991092185895,0.23142411960930342,0.8766554729092493,-0.8766554729092493,-0.2314241196093033,0.1511494952047871,-0.036833124238488966,-0.04324004390999741,0.025501186,-0.013578134,0.11908967,[-0.00721855 -0.06005673  0.02475548],/home/rastic/adil_RL/isaac-sim-standalone@4.5.0-rc.36+release.19112.f59b3005.gl.linux-x86_64.release/SE952--Bittle-Quadruped/camera_images_rocky1/frame_0292.png
293,-0.4302103257577694,0.4458322159909933,-0.4458322159909933,0.4302103257577694,1.5705122010506467,1.570514182305001,-1.570514182305001,-1.5705122010506465,0.15124540574667833,-0.037862659378761605,-0.04170402454752539,0.016714446,0.13122024,0.104007326,[0.0418545  0.01587244 0.06035931],/home/rastic/adil_RL/isaac-sim-standalone@4.5.0-rc.36+release.19112.f59b3005.gl.linux-x86_64.release/SE952--Bittle-Quadruped/camera_images_rocky1/frame_0293.png
294,-0.4687861051230766,0.866842510279507,-0.866842510279507,0.4687861051230766,1.5705172524270055,0.744298211482332,-0.7442982114823322,-1.5705172524270055,0.15175406121089505,-0.036817295924737065,-0.04047440360202365,-0.023684833,0.1568695,0.012045667,[ 0.04692871 -0.03811152  0.01205098],/home/rastic/adil_RL/isaac-sim-standalone@4.5.0-rc.36+release.19112.f59b3005.gl.linux-x86_64.release/SE952--Bittle-Quadruped/camera_images_rocky1/frame_0294.png
295,-0.07867920606673162,0.9060983958284722,-0.9060983958284724,0.07867920606673162,1.1206531703812084,0.09505147401040415,-0.09505147401040392,-1.1206531703812082,0.15017993646412522,-0.0336968590247138,-0.039891224647077304,-0.09588489,0.19710653,-0.012571503,[ 0.07027756 -0.08476893  0.01473815],/home/rastic/adil_RL/isaac-sim-standalone@4.5.0-rc.36+release.19112.f59b3005.gl.linux-x86_64.release/SE952--Bittle-Quadruped/camera_images_rocky1/frame_0295.png
296,0.48672137611282773,0.5607647224836929,-0.5607647224836929,-0.48672137611282773,0.8829391066727967,0.08586730554438371,-0.08586730554438371,-0.8829391066727967,0.1486401288871442,-0.02991754737997019,-0.039336140770817984,-0.13760093,0.034710836,-0.1157649,[ 0.02998755 -0.09268501  0.01983603],/home/rastic/adil_RL/isaac-sim-standalone@4.5.0-rc.36+release.19112.f59b3005.gl.linux-x86_64.release/SE952--Bittle-Quadruped/camera_images_rocky1/frame_0296.png
297,0.4465779170711155,0.0684973753795568,-0.0684973753795568,-0.4465779170711155,1.5705142795826808,0.5570410990017579,-0.557041099001758,-1.5705142795826803,0.14708987428105172,-0.028676466973294356,-0.04082078823889344,0.21375246,-0.041296165,-0.09254813,[-0.01940747  0.12771745  0.04447219],/home/rastic/adil_RL/isaac-sim-standalone@4.5.0-rc.36+release.19112.f59b3005.gl.linux-x86_64.release/SE952--Bittle-Quadruped/camera_images_rocky1/frame_0297.png
298,0.8630479075042314,-0.4716035525177964,0.4716035525177964,-0.8630479075042314,0.7543248210678641,1.5705176297776413,-1.5705176297776415,-0.7543248210678641,0.15285098047735202,-0.029217663600545524,-0.04251658093836988,0.11377484,-0.03987489,-0.04000378,[-0.01260343  0.01917129  0.00386043],/home/rastic/adil_RL/isaac-sim-standalone@4.5.0-rc.36+release.19112.f59b3005.gl.linux-x86_64.release/SE952--Bittle-Quadruped/camera_images_rocky1/frame_0298.png
299,0.9136375287738638,-0.41212409069936995,0.4121240906993697,-0.9136375287738638,0.10369721543712518,1.5705099139690462,-1.570509913969046,-0.10369721543712518,0.15424508086406777,-0.029956276087508636,-0.0432930750714987,0.07450341,-0.10711436,0.022279484,[0.01006408 0.02067329 0.00824742],/home/rastic/adil_RL/isaac-sim-standalone@4.5.0-rc.36+release.19112.f59b3005.gl.linux-x86_64.release/SE952--Bittle-Quadruped/camera_images_rocky1/frame_0299.png
300,0.5806569246607893,0.23114526065101915,-0.23114526065101915,-0.5806569246607893,0.07653843534608962,0.8609871590243139,-0.8609871590243139,-0.07653843534608962,0.1554964152630733,-0.03121265723676035,-0.04345815608330771,0.0021535307,-0.05734872,0.06729545,[ 0.03659716  0.02116424 -0.04794196],/home/rastic/adil_RL/isaac-sim-standalone@4.5.0-rc.36+release.19112.f59b3005.gl.linux-x86_64.release/SE952--Bittle-Quadruped/camera_images_rocky1/frame_0300.png
301,0.1086005592699506,0.5112263686511618,-0.5112263686511618,-0.1086005592699506,0.5015788399512501,1.186783370472281,-1.186783370472281,-0.5015788399512501,0.15476604132087893,-0.03259943005097812,-0.042523648254755124,-0.1548437,-0.1354039,0.022285502,[ 0.05978496  0.00413025 -0.03966551],/home/rastic/adil_RL/isaac-sim-standalone@4.5.0-rc.36+release.19112.f59b3005.gl.linux-x86_64.release/SE952--Bittle-Quadruped/camera_images_rocky1/frame_0301.png
302,-0.467977043652269,0.4782541525836166,-0.4782541525836166,0.4679770436522688,1.5705171442650878,1.5705147516278797,-1.5705147516278797,-1.5705171442650876,0.15277819496807918,-0.034511297387453024,-0.042416534645820334,-0.09853949,0.038525574,-0.0013184864,[ 0.06416978  0.01286241 -0.0147901 ],/home/rastic/adil_RL/isaac-sim-standalone@4.5.0-rc.36+release.19112.f59b3005.gl.linux-x86_64.release/SE952--Bittle-Quadruped/camera_images_rocky1/frame_0302.png
303,-0.43134913518230467,0.9556942750713233,-0.9556942750713233,0.43134913518230467,1.5705123468926836,0.4416022828637143,-0.4416022828637143,-1.5705123468926836,0.15126009251089415,-0.03436983873301651,-0.04241680534618047,-0.05316279,0.12555052,0.0034765042,[ 0.078242    0.00894543 -0.04253115],/home/rastic/adil_RL/isaac-sim-standalone@4.5.0-rc.36+release.19112.f59b3005.gl.linux-x86_64.release/SE952--Bittle-Quadruped/camera_images_rocky1/frame_0303.png
304,0.1602630695235603,0.8748999629297621,-0.8748999629297621,-0.1602630695235603,0.9019095057460647,0.06830991946339371,-0.06830991946339371,-0.9019095057460647,0.14897724142502733,-0.03151667310400453,-0.04177073428602405,-0.12910159,0.21016346,-0.01719419,[ 0.09393785 -0.07965542  0.01108505],/home/rastic/adil_RL/isaac-sim-standalone@4.5.0-rc.36+release.19112.f59b3005.gl.linux-x86_64.release/SE952--Bittle-Quadruped/camera_images_rocky1/frame_0304.png
305,0.5265611070308065,0.4570775445498202,-0.4570775445498202,-0.5265611070308065,1.0664633303339104,0.1472538155871993,-0.1472538155871993,-1.0664633303339106,0.1468561885607873,-0.027646222417273,-0.0414456652122189,-0.2318284,0.12739073,-0.024037361,[ 0.07111794 -0.08210646  0.04116167],/home/rastic/adil_RL/isaac-sim-standalone@4.5.0-rc.36+release.19112.f59b3005.gl.linux-x86_64.release/SE952--Bittle-Quadruped/camera_images_rocky1/frame_0305.png
306,0.4722710901533973,-0.03600338992277474,0.03600338992277474,-0.4722710901533973,1.5705176808495702,0.7159430925346125,-0.7159430925346125,-1.5705176808495702,0.1444382682601868,-0.025211207178712555,-0.041411118443941033,0.20416048,0.06804817,-0.04157824,[0.02105224 0.08491399 0.05044211],/home/rastic/adil_RL/isaac-sim-standalone@4.5.0-rc.36+release.19112.f59b3005.gl.linux-x86_64.release/SE952--Bittle-Quadruped/camera_images_rocky1/frame_0306.png
307,0.9588789861068105,-0.4724004664072077,0.4724004664072079,-0.9588789861068105,0.42334446221054556,1.5705177367045116,-1.5705177367045118,-0.42334446221054556,0.1497138945206209,-0.023990222073708628,-0.04240191229310816,0.26491773,0.06461401,-0.0049479604,[ 0.00745687 -0.02311192 -0.01654653],/home/rastic/adil_RL/isaac-sim-standalone@4.5.0-rc.36+release.19112.f59b3005.gl.linux-x86_64.release/SE952--Bittle-Quadruped/camera_images_rocky1/frame_0307.png
308,0.7704353962877646,-0.14665420641262106,0.14665420641262106,-0.7704353962877646,0.03501315140602401,1.2044437268416228,-1.2044437268416228,-0.03501315140602401,0.1535534413547788,-0.023212442363424797,-0.04239141014539826,0.19581003,0.042456497,0.015832184,[0.05588416 0.03785824 0.08454604],/home/rastic/adil_RL/isaac-sim-standalone@4.5.0-rc.36+release.19112.f59b3005.gl.linux-x86_64.release/SE952--Bittle-Quadruped/camera_images_rocky1/frame_0308.png
309,0.35968816800806136,0.4674848167319281,-0.4674848167319281,-0.35968816800806136,0.2234990969457914,0.8608123919105435,-0.8608123919105435,-0.2234990969457915,0.1565058346682622,-0.022465960255668348,-0.041978180170815976,0.12289497,0.111089736,0.08924118,[0.08349486 0.01933424 0.03824253],/home/rastic/adil_RL/isaac-sim-standalone@4.5.0-rc.36+release.19112.f59b3005.gl.linux-x86_64.release/SE952--Bittle-Quadruped/camera_images_rocky1/frame_0309.png
310,-0.427788620288285,0.43871314896359603,-0.43871314896359603,0.427788620288285,1.5705118916202865,1.5705132579229995,-1.5705132579229995,-1.5705118916202865,0.157727715837648,-0.02135151988600134,-0.04024306399161198,0.054225065,0.136311,0.031925745,[0.07832906 0.19374451 0.06984585],/home/rastic/adil_RL/isaac-sim-standalone@4.5.0-rc.36+release.19112.f59b3005.gl.linux-x86_64.release/SE952--Bittle-Quadruped/camera_images_rocky1/frame_0310.png
311,-0.46957922184047174,0.8432031936975632,-0.8432031936975632,0.46957922184047174,1.5705173585435837,0.8051746212066444,-0.8051746212066444,-1.5705173585435837,0.15838573746700377,-0.019673644269290608,-0.039799788094067395,-0.043312736,0.18692201,0.035742197,[0.09956099 0.13504021 0.05038423],/home/rastic/adil_RL/isaac-sim-standalone@4.5.0-rc.36+release.19112.f59b3005.gl.linux-x86_64.release/SE952--Bittle-Quadruped/camera_images_rocky1/frame_0311.png
312,-0.09216536274960663,0.9214988432476631,-0.9214988432476631,0.09216536274960663,1.1364933499924479,0.11397620575963974,-0.11397620575963974,-1.1364933499924479,0.15721122665493595,-0.01693989886996456,-0.03909124636772406,-0.06611107,0.20132764,0.032110486,[0.127443   0.06504882 0.04413858],/home/rastic/adil_RL/isaac-sim-standalone@4.5.0-rc.36+release.19112.f59b3005.gl.linux-x86_64.release/SE952--Bittle-Quadruped/camera_images_rocky1/frame_0312.png
313,0.4819244501760451,0.5932245813687891,-0.5932245813687891,-0.48192445017604535,0.8765276589065041,0.07107149161712456,-0.07107149161712456,-0.8765276589065039,0.1556806949566853,-0.012289026865861457,-0.03776034638311999,-0.1155195,0.08166386,-0.10311794,[0.06977008 0.00061201 0.10302287],/home/rastic/adil_RL/isaac-sim-standalone@4.5.0-rc.36+release.19112.f59b3005.gl.linux-x86_64.release/SE952--Bittle-Quadruped/camera_images_rocky1/frame_0313.png
314,0.4439462676377879,0.10039010880352017,-0.10039010880352017,-0.4439462676377879,1.5705139366594745,0.5126834043098804,-0.5126834043098804,-1.5705139366594745,0.15374140636464706,-0.010830106514933885,-0.03945335833260367,0.2511964,-0.10095693,-0.17341842,[-0.01482394  0.17293258  0.08684008],/home/rastic/adil_RL/isaac-sim-standalone@4.5.0-rc.36+release.19112.f59b3005.gl.linux-x86_64.release/SE952--Bittle-Quadruped/camera_images_rocky1/frame_0314.png
315,0.8532521820524195,-0.46997452458842415,0.4699745245884239,-0.8532521820524195,0.7797369097635867,1.5705174114656648,-1.5705174114656644,-0.7797369097635867,0.1577828961692881,-0.011699380886137251,-0.0412703326792353,0.11625028,-0.05792342,-0.0954942,[-0.00741738  0.03562336  0.02177921],/home/rastic/adil_RL/isaac-sim-standalone@4.5.0-rc.36+release.19112.f59b3005.gl.linux-x86_64.release/SE952--Bittle-Quadruped/camera_images_rocky1/frame_0315.png
316,0.9204581865034734,-0.42036306219243924,0.42036306219243924,-0.9204581865034734,0.11253148239197885,1.5705109489151585,-1.5705109489151585,-0.11253148239197885,0.159725457404271,-0.012490262935352705,-0.04281745074008893,0.15694198,-0.20259674,0.0443225,[-0.04333058  0.00580034 -0.0300473 ],/home/rastic/adil_RL/isaac-sim-standalone@4.5.0-rc.36+release.19112.f59b3005.gl.linux-x86_64.release/SE952--Bittle-Quadruped/camera_images_rocky1/frame_0316.png
317,0.5959445503790327,0.20637196533172464,-0.20637196533172464,-0.5959445503790327,0.06993256243984636,0.8738727803155082,-0.8738727803155082,-0.06993256243984636,0.16275377326852206,-0.01584642575464528,-0.04251068460313044,-0.124721594,-0.13528542,-0.061802723,[-0.07147647 -0.00726982 -0.03839985],/home/rastic/adil_RL/isaac-sim-standalone@4.5.0-rc.36+release.19112.f59b3005.gl.linux-x86_64.release/SE952--Bittle-Quadruped/camera_images_rocky1/frame_0317.png
318,0.12480704810704424,0.5187453603351952,-0.5187453603351952,-0.12480704810704424,0.48003780162154774,1.1444522197627889,-1.1444522197627889,-0.48003780162154774,0.16170560622894864,-0.017757738088578744,-0.04363013199530019,-0.28843355,-0.21531,-0.13018514,[-0.10902809 -0.02533591  0.00131175],/home/rastic/adil_RL/isaac-sim-standalone@4.5.0-rc.36+release.19112.f59b3005.gl.linux-x86_64.release/SE952--Bittle-Quadruped/camera_images_rocky1/frame_0318.png
319,-0.46653707828407365,0.47545917382431213,-0.47545917382431213,0.46653707828407365,1.570516951979874,1.5705166292901214,-1.5705166292901214,-1.570516951979874,0.15666821643927503,-0.021591260324894973,-0.04693179051641866,-0.16264123,-0.18635711,-0.10413046,[-0.1417121  -0.03549432 -0.02840127],/home/rastic/adil_RL/isaac-sim-standalone@4.5.0-rc.36+release.19112.f59b3005.gl.linux-x86_64.release/SE952--Bittle-Quadruped/camera_images_rocky1/frame_0319.png
320,-0.43528244907252756,0.9482705443453634,-0.9482705443453634,0.43528244907252733,1.57051285222987,0.47858805454071285,-0.47858805454071285,-1.5705128522298697,0.1541013454130813,-0.026491279638116635,-0.04828642867753137,-0.03684014,0.06729048,-0.074561626,[-0.10797536 -0.00963446 -0.04838014],/home/rastic/adil_RL/isaac-sim-standalone@4.5.0-rc.36+release.19112.f59b3005.gl.linux-x86_64.release/SE952--Bittle-Quadruped/camera_images_rocky1/frame_0320.png
321,0.14465509631649232,0.8909255293200236,-0.8909255293200236,-0.14465509631649232,0.912525772931222,0.08048856974458418,-0.08048856974458418,-0.912525772931222,0.15350337316902352,-0.025885956395185778,-0.04928998214664111,-0.13299862,0.13270818,-0.049900606,[-0.05636906 -0.0913149  -0.00989162],/home/rastic/adil_RL/isaac-sim-standalone@4.5.0-rc.36+release.19112.f59b3005.gl.linux-x86_64.release/SE952--Bittle-Quadruped/camera_images_rocky1/frame_0321.png
322,0.5270270408167663,0.48548249508931873,-0.48548249508931873,-0.5270270408167663,1.0471534869124515,0.12836543809692214,-0.12836543809692214,-1.0471534869124515,0.15120033438374583,-0.023316543969071058,-0.049788991377017706,-0.24547072,0.010985032,0.07272008,[-0.05432121 -0.08234194  0.01138663],/home/rastic/adil_RL/isaac-sim-standalone@4.5.0-rc.36+release.19112.f59b3005.gl.linux-x86_64.release/SE952--Bittle-Quadruped/camera_images_rocky1/frame_0322.png
323,0.47148858657779513,-0.008092711628422622,0.008092711628422622,-0.47148858657779513,1.5705175758990002,0.6714876529726295,-0.6714876529726295,-1.5705175758990007,0.14739118962234035,-0.022397896979353186,-0.048190768290277776,0.39237827,-0.08576605,0.109743774,[-0.10967375  0.11993837  0.02557511],/home/rastic/adil_RL/isaac-sim-standalone@4.5.0-rc.36+release.19112.f59b3005.gl.linux-x86_64.release/SE952--Bittle-Quadruped/camera_images_rocky1/frame_0323.png
324,0.9546890810110207,-0.47292460148778104,0.47292460148778104,-0.9546890810110207,0.4470037864168326,1.5705178070771126,-1.5705178070771126,-0.4470037864168326,0.15186441998063474,-0.023619586650314665,-0.04667399425086024,0.27242142,-0.12407809,0.21060905,[-0.09186824 -0.04110907 -0.00381871],/home/rastic/adil_RL/isaac-sim-standalone@4.5.0-rc.36+release.19112.f59b3005.gl.linux-x86_64.release/SE952--Bittle-Quadruped/camera_images_rocky1/frame_0324.png
325,0.7856954460681814,-0.18025889890226598,0.1802588989022662,-0.7856954460681814,0.036384294078424806,1.2496449504743565,-1.2496449504743568,-0.036384294078424806,0.1556226880546442,-0.02743754564519144,-0.0429691455146506,0.11164093,-0.23423386,0.14183205,[-0.0800201  -0.07899866  0.03845258],/home/rastic/adil_RL/isaac-sim-standalone@4.5.0-rc.36+release.19112.f59b3005.gl.linux-x86_64.release/SE952--Bittle-Quadruped/camera_images_rocky1/frame_0325.png
326,0.37953417679787405,0.4557613531455047,-0.4557613531455047,-0.37953417679787405,0.20653187130874462,0.8510661490806195,-0.8510661490806195,-0.20653187130874462,0.15776316158177997,-0.03155851774622111,-0.040896552491763216,-0.052654337,-0.026941365,0.14350438,[-0.03617188 -0.05636093  0.0094952 ],/home/rastic/adil_RL/isaac-sim-standalone@4.5.0-rc.36+release.19112.f59b3005.gl.linux-x86_64.release/SE952--Bittle-Quadruped/camera_images_rocky1/frame_0326.png
327,-0.42290175779859385,0.4329112477700754,-0.4329112477700754,0.42290175779859385,1.5705112701693955,1.5705125104631406,-1.5705125104631406,-1.5705112701693953,0.15754394450443837,-0.032709116368085475,-0.039148687867714534,-0.03293213,0.07698223,0.12443118,[0.01029354 0.02076555 0.03346032],/home/rastic/adil_RL/isaac-sim-standalone@4.5.0-rc.36+release.19112.f59b3005.gl.linux-x86_64.release/SE952--Bittle-Quadruped/camera_images_rocky1/frame_0327.png
328,-0.47077826523907373,0.8233883554430534,-0.8233883554430534,0.47077826523907396,1.5705175191333114,0.8537598042894896,-0.8537598042894898,-1.5705175191333118,0.15788841094990436,-0.031500631492201205,-0.03692862641448766,-0.100794144,0.14692637,-0.037767462,[ 0.00867177 -0.05341998 -0.01150086],/home/rastic/adil_RL/isaac-sim-standalone@4.5.0-rc.36+release.19112.f59b3005.gl.linux-x86_64.release/SE952--Bittle-Quadruped/camera_images_rocky1/frame_0328.png
329,-0.11498668500171338,0.9319509458231933,-0.9319509458231933,0.11498668500171338,1.1641719764940917,0.13020423429503747,-0.13020423429503747,-1.1641719764940917,0.15529953742635377,-0.028875819009645982,-0.03718899036333504,-0.060630053,0.15695815,-0.09418763,[ 0.02331182 -0.10521521 -0.03644997],/home/rastic/adil_RL/isaac-sim-standalone@4.5.0-rc.36+release.19112.f59b3005.gl.linux-x86_64.release/SE952--Bittle-Quadruped/camera_images_rocky1/frame_0329.png
330,0.4739782988273027,0.6181862471713742,-0.6181862471713742,-0.4739782988273027,0.867293146032222,0.06122239165985144,-0.06122239165985144,-0.867293146032222,0.15421330876386963,-0.02621860731747453,-0.03784371596682498,-0.113903314,0.093785785,-0.106911846,[ 0.00174195 -0.11196676  0.01392461],/home/rastic/adil_RL/isaac-sim-standalone@4.5.0-rc.36+release.19112.f59b3005.gl.linux-x86_64.release/SE952--Bittle-Quadruped/camera_images_rocky1/frame_0330.png
331,0.4397865243584995,0.12585345448679663,-0.12585345448679663,-0.4397865243584995,1.5705133967916582,0.47866419705147323,-0.47866419705147323,-1.5705133967916582,0.1523632295958451,-0.023527825881233394,-0.039530633390969204,0.2580027,-0.14696036,-0.12085799,[-0.01723768  0.11679212  0.0871776 ],/home/rastic/adil_RL/isaac-sim-standalone@4.5.0-rc.36+release.19112.f59b3005.gl.linux-x86_64.release/SE952--Bittle-Quadruped/camera_images_rocky1/frame_0331.png
332,0.8383388022992941,-0.4681990042808395,0.4681990042808395,-0.8383388022992941,0.8172830425362794,1.57051717392972,-1.57051717392972,-0.8172830425362796,0.15701323388791213,-0.024468255665645353,-0.041399802541742234,0.023447715,-0.1750471,-0.007069623,[-0.00154104 -0.04486177  0.03425728],/home/rastic/adil_RL/isaac-sim-standalone@4.5.0-rc.36+release.19112.f59b3005.gl.linux-x86_64.release/SE952--Bittle-Quadruped/camera_images_rocky1/frame_0332.png
333,0.9291557464355601,-0.42668913272966646,0.42668913272966646,-0.9291557464355601,0.12552766794126213,1.5705117514539257,-1.570511751453926,-0.12552766794126213,0.15716667321864156,-0.026451326803568792,-0.04210574975621146,0.07855474,-0.27747327,-0.008348311,[-5.9405887e-05 -3.7885796e-02  2.4144340e-02],/home/rastic/adil_RL/isaac-sim-standalone@4.5.0-rc.36+release.19112.f59b3005.gl.linux-x86_64.release/SE952--Bittle-Quadruped/camera_images_rocky1/frame_0333.png
334,0.6164823348075226,0.18533083056498412,-0.18533083056498412,-0.6164823348075226,0.06185114160726757,0.8860346637394405,-0.8860346637394405,-0.06185114160726757,0.1583050045148111,-0.030765107635173265,-0.043019792478376,-0.029973835,-0.06940463,0.047193345,[ 0.02942271 -0.02320224 -0.03003335],/home/rastic/adil_RL/isaac-sim-standalone@4.5.0-rc.36+release.19112.f59b3005.gl.linux-x86_64.release/SE952--Bittle-Quadruped/camera_images_rocky1/frame_0334.png
335,0.1461723594522899,0.5229987264560878,-0.5229987264560878,-0.1461723594522899,0.45240580190764856,1.1123937081232853,-1.1123937081232853,-0.45240580190764856,0.15750546472073115,-0.032188024119251306,-0.0425986107200785,-0.18712951,-0.13913846,0.026334444,[ 0.05015167 -0.06099368 -0.04152932],/home/rastic/adil_RL/isaac-sim-standalone@4.5.0-rc.36+release.19112.f59b3005.gl.linux-x86_64.release/SE952--Bittle-Quadruped/camera_images_rocky1/frame_0335.png
336,-0.46443512957109,0.4732931696228717,-0.4732931696228717,0.46443512957109,1.5705166718090087,1.5705178180555222,-1.5705178180555222,-1.5705166718090084,0.15535851102923376,-0.03390011146014753,-0.04256461039260585,-0.12589598,-0.01979725,0.0029787328,[ 0.03682881 -0.04909365 -0.01139618],/home/rastic/adil_RL/isaac-sim-standalone@4.5.0-rc.36+release.19112.f59b3005.gl.linux-x86_64.release/SE952--Bittle-Quadruped/camera_images_rocky1/frame_0336.png
337,-0.4398971532568363,0.9678914134696996,-0.9678914134696996,0.4398971532568363,1.5705134482584544,0.3505049029309737,-0.3505049029309737,-1.5705134482584544,0.15310185392652548,-0.034081157112155654,-0.04247929112162483,-0.07170969,0.14335738,0.024053503,[ 0.0604297  -0.01723216 -0.03966973],/home/rastic/adil_RL/isaac-sim-standalone@4.5.0-rc.36+release.19112.f59b3005.gl.linux-x86_64.release/SE952--Bittle-Quadruped/camera_images_rocky1/frame_0337.png
338,0.12687145679753753,0.7107738215522355,-0.7107738215522355,-0.12687145679753753,0.9252854740542642,0.03752076449713737,-0.03752076449713737,-0.9252854740542642,0.15114193208478238,-0.03132790514265459,-0.041643318218481634,-0.044415496,0.21589285,-0.021042516,[ 0.08181587 -0.11653234  0.02669468],/home/rastic/adil_RL/isaac-sim-standalone@4.5.0-rc.36+release.19112.f59b3005.gl.linux-x86_64.release/SE952--Bittle-Quadruped/camera_images_rocky1/frame_0338.png
339,0.5270307841137436,0.2803589568519844,-0.2803589568519844,-0.5270307841137436,1.0410134661916493,0.2986057684989786,-0.2986057684989786,-1.0410134661916495,0.14964522516092169,-0.028416946921199625,-0.041295000885817675,-0.1393627,0.14289238,-0.03924705,[ 0.0556525  -0.09666309  0.02924791],/home/rastic/adil_RL/isaac-sim-standalone@4.5.0-rc.36+release.19112.f59b3005.gl.linux-x86_64.release/SE952--Bittle-Quadruped/camera_images_rocky1/frame_0339.png
340,0.4715132342317623,-0.44682563335491143,0.44682563335491143,-0.4715132342317623,1.570517579203531,1.5705143493663336,-1.5705143493663336,-1.5705175792035306,0.14635472220021656,-0.024759773430244495,-0.04096566545081131,-9.445846e-05,0.082750574,0.001608328,[ 0.05341826 -0.11981496  0.02450594],/home/rastic/adil_RL/isaac-sim-standalone@4.5.0-rc.36+release.19112.f59b3005.gl.linux-x86_64.release/SE952--Bittle-Quadruped/camera_images_rocky1/frame_0340.png
341,0.9566374854212296,-0.4598518390527624,0.4598518390527626,-0.9566374854212296,0.43638949436793206,1.5705160630344253,-1.5705160630344255,-0.4363894943679323,0.1474291122930795,-0.023976121520146974,-0.0410279558032018,0.27038124,0.10162771,0.074925944,[ 0.04855681 -0.10336274 -0.0756233 ],/home/rastic/adil_RL/isaac-sim-standalone@4.5.0-rc.36+release.19112.f59b3005.gl.linux-x86_64.release/SE952--Bittle-Quadruped/camera_images_rocky1/frame_0341.png
342,0.7732281503525533,0.018677381387414593,-0.018677381387414593,-0.7732281503525533,0.03519584755355476,1.0173663152527244,-1.0173663152527244,-0.03519584755355476,0.15080146691803148,-0.023090603895634724,-0.039703373748136074,0.100587174,0.10835165,0.014847573,[-0.00583226 -0.07411256  0.0584285 ],/home/rastic/adil_RL/isaac-sim-standalone@4.5.0-rc.36+release.19112.f59b3005.gl.linux-x86_64.release/SE952--Bittle-Quadruped/camera_images_rocky1/frame_0342.png
343,0.35925722751887523,0.5148809659538582,-0.5148809659538582,-0.35925722751887523,0.22387561449208904,0.9442070262414408,-0.9442070262414408,-0.22387561449208904,0.1533798714038218,-0.022916111699335103,-0.03997445215890132,-0.0015887823,-0.03201003,-0.033276334,[ 0.01777863 -0.07102197  0.01465696],/home/rastic/adil_RL/isaac-sim-standalone@4.5.0-rc.36+release.19112.f59b3005.gl.linux-x86_64.release/SE952--Bittle-Quadruped/camera_images_rocky1/frame_0343.png
344,-0.42972468466113933,0.46249575954499855,-0.46249575954499855,0.42972468466113933,1.5705121389212748,1.5705163757464282,-1.5705163757464282,-1.5705121389212748,0.1528969034613998,-0.02355730668495691,-0.041290043021713824,0.09440357,0.036900714,0.01229531,[0.01744613 0.08256963 0.07127015],/home/rastic/adil_RL/isaac-sim-standalone@4.5.0-rc.36+release.19112.f59b3005.gl.linux-x86_64.release/SE952--Bittle-Quadruped/camera_images_rocky1/frame_0344.png
345,-0.4685623240007071,0.9223156518832192,-0.9223156518832192,0.4685623240007071,1.5705172225012156,0.5797872184451651,-0.5797872184451651,-1.5705172225012156,0.15411958198325568,-0.023516784791708774,-0.041232092020489094,0.08077619,0.021714158,-0.005543649,[0.01094509 0.12442799 0.07339951],/home/rastic/adil_RL/isaac-sim-standalone@4.5.0-rc.36+release.19112.f59b3005.gl.linux-x86_64.release/SE952--Bittle-Quadruped/camera_images_rocky1/frame_0345.png
346,-0.07114188668504418,0.8486426535492095,-0.8486426535492095,0.07114188668504418,1.1119652303977405,0.05361933497140914,-0.05361933497140914,-1.1119652303977403,0.15504712035866686,-0.022955397767696787,-0.041445732817704396,-0.010033383,0.1777516,0.06481456,[0.03716914 0.05829689 0.08531708],/home/rastic/adil_RL/isaac-sim-standalone@4.5.0-rc.36+release.19112.f59b3005.gl.linux-x86_64.release/SE952--Bittle-Quadruped/camera_images_rocky1/frame_0346.png
347,0.4903890775245905,0.46279415039016436,-0.46279415039016436,-0.4903890775245905,0.8883496123049714,0.14332941981442882,-0.14332941981442882,-0.8883496123049714,0.1544433346745172,-0.020104071211068764,-0.03986754564759335,-0.18036528,-0.033069212,0.02151315,[-0.00905966  0.08604271  0.06910399],/home/rastic/adil_RL/isaac-sim-standalone@4.5.0-rc.36+release.19112.f59b3005.gl.linux-x86_64.release/SE952--Bittle-Quadruped/camera_images_rocky1/frame_0347.png
348,0.4490282892063191,-0.024651330071564947,0.024651330071564947,-0.4490282892063191,1.5705145998300263,0.6976870771514878,-0.6976870771514879,-1.5705145998300263,0.15220656601517074,-0.018789556910212783,-0.03834456058378457,0.21168648,-0.13837692,-0.040534053,[-0.07769027  0.24063025  0.09080699],/home/rastic/adil_RL/isaac-sim-standalone@4.5.0-rc.36+release.19112.f59b3005.gl.linux-x86_64.release/SE952--Bittle-Quadruped/camera_images_rocky1/frame_0348.png
349,0.8736921343208353,-0.4728524758719379,0.4728524758719381,-0.8736921343208353,0.7259129544177345,1.570517797391053,-1.5705177973910531,-0.7259129544177345,0.15719530884635954,-0.02093208884619114,-0.039461332998953075,0.11110098,-0.22126947,0.007285267,[-0.06566019  0.07500634  0.0509261 ],/home/rastic/adil_RL/isaac-sim-standalone@4.5.0-rc.36+release.19112.f59b3005.gl.linux-x86_64.release/SE952--Bittle-Quadruped/camera_images_rocky1/frame_0349.png
350,0.9041348690446819,-0.18078108395973702,0.18078108395973724,-0.9041348690446819,0.09296812543406363,1.2503680957892003,-1.2503680957892007,-0.09296812543406363,0.15828103600450164,-0.024108418735797544,-0.04042220861505439,0.07352999,-0.22550754,-0.04610209,[-0.09664207  0.02607179  0.01736639],/home/rastic/adil_RL/isaac-sim-standalone@4.5.0-rc.36+release.19112.f59b3005.gl.linux-x86_64.release/SE952--Bittle-Quadruped/camera_images_rocky1/frame_0350.png
351,0.5610071665393878,0.45325671943772305,-0.45325671943772305,-0.5610071665393878,0.08574869247732542,0.849263834734266,-0.849263834734266,-0.08574869247732542,0.1589870148216592,-0.027044979775388844,-0.04164262168542318,-0.0069221854,-0.16590002,0.014649797,[-0.0628804   0.01190249 -0.01779816],/home/rastic/adil_RL/isaac-sim-standalone@4.5.0-rc.36+release.19112.f59b3005.gl.linux-x86_64.release/SE952--Bittle-Quadruped/camera_images_rocky1/frame_0351.png
352,0.07562081654863007,0.4303612792260858,-0.4303612792260858,-0.07562081654863007,0.5469647957239147,1.5705121836642872,-1.5705121836642872,-0.5469647957239147,0.1576452981143212,-0.030065317868912173,-0.042530307237051486,0.340216,-0.049644552,-0.029448397,[-0.01182524  0.23166353 -0.01076764],/home/rastic/adil_RL/isaac-sim-standalone@4.5.0-rc.36+release.19112.f59b3005.gl.linux-x86_64.release/SE952--Bittle-Quadruped/camera_images_rocky1/frame_0352.png
353,-0.47103485179732996,0.8092331899018144,-0.8092331899018144,0.4710348517973302,1.5705175535234828,0.8874003146079463,-0.8874003146079463,-1.570517553523483,0.16297807283258356,-0.030533826121941134,-0.04339021029359464,-0.015519686,0.13889785,-0.084257044,[ 0.00873828  0.07941847 -0.00016761],/home/rastic/adil_RL/isaac-sim-standalone@4.5.0-rc.36+release.19112.f59b3005.gl.linux-x86_64.release/SE952--Bittle-Quadruped/camera_images_rocky1/frame_0353.png
354,-0.4166832493389585,0.9405380347386496,-0.9405380347386496,0.4166832493389585,1.57051048521621,0.14653043632931584,-0.14653043632931584,-1.5705104852162097,0.16225912148087246,-0.029509645475246166,-0.04414420121923138,-0.08081286,0.209296,-0.051333033,[ 0.04284105  0.0239923  -0.02259601],/home/rastic/adil_RL/isaac-sim-standalone@4.5.0-rc.36+release.19112.f59b3005.gl.linux-x86_64.release/SE952--Bittle-Quadruped/camera_images_rocky1/frame_0354.png
355,0.21571817144726202,0.6440013224304917,-0.6440013224304917,-0.21571817144726202,0.8688248136110699,0.05250298846038881,-0.05250298846038881,-0.8688248136110699,0.1605947761681419,-0.025236060908305095,-0.04427287333275968,-0.18233049,0.059741955,0.03773811,[0.04439644 0.02396577 0.01625836],/home/rastic/adil_RL/isaac-sim-standalone@4.5.0-rc.36+release.19112.f59b3005.gl.linux-x86_64.release/SE952--Bittle-Quadruped/camera_images_rocky1/frame_0355.png
356,0.516914295933985,0.17032398476245314,-0.17032398476245314,-0.516914295933985,1.155902899876777,0.42221649932026173,-0.42221649932026173,-1.1559028998767769,0.15814450346859144,-0.02318603226173316,-0.04350505956906072,-0.21503437,-0.015200321,-0.016044721,[0.00268634 0.00462338 0.08456141],/home/rastic/adil_RL/isaac-sim-standalone@4.5.0-rc.36+release.19112.f59b3005.gl.linux-x86_64.release/SE952--Bittle-Quadruped/camera_images_rocky1/frame_0356.png
357,0.47593255369067,-0.46231962999721743,0.46231962999721743,-0.47593255369067,1.5705163422993857,1.5705163904515376,-1.5705163904515376,-1.5705163422993857,0.1558814226060211,-0.02285147775382393,-0.04336664032747317,-0.07048537,-0.08956953,0.01585447,[ 0.02009798 -0.08623587  0.05154865],/home/rastic/adil_RL/isaac-sim-standalone@4.5.0-rc.36+release.19112.f59b3005.gl.linux-x86_64.release/SE952--Bittle-Quadruped/camera_images_rocky1/frame_0357.png
358,0.9483302705608843,-0.4428409316817088,0.4428409316817088,-0.9483302705608843,0.4783129894238112,1.5705138302180666,-1.5705138302180666,-0.47831298942381095,0.15487984837336216,-0.02461646813345107,-0.043925854250141526,0.120399214,-0.10413578,0.14736573,[ 0.01748191 -0.06223996 -0.04066942],/home/rastic/adil_RL/isaac-sim-standalone@4.5.0-rc.36+release.19112.f59b3005.gl.linux-x86_64.release/SE952--Bittle-Quadruped/camera_images_rocky1/frame_0358.png
359,0.8921080717128791,0.11449024800172847,-0.11449024800172847,-0.8921080717128791,0.08150655145583752,0.9345775573389714,-0.9345775573389714,-0.08150655145583752,0.15707829733784814,-0.027019127991800895,-0.04162432730135819,0.14159472,-0.024934258,0.01581603,[-0.01867983 -0.10099611 -0.00645596],/home/rastic/adil_RL/isaac-sim-standalone@4.5.0-rc.36+release.19112.f59b3005.gl.linux-x86_64.release/SE952--Bittle-Quadruped/camera_images_rocky1/frame_0359.png
360,0.49147583880716006,0.5262908365906116,-0.5262908365906116,-0.4914758388071603,0.12457660661243974,1.0166866425910996,-1.0166866425910996,-0.12457660661243952,0.15839870978091622,-0.027350434300968396,-0.041699013707265725,-0.027517796,0.0047062747,0.0064668264,[ 0.00383303 -0.10886484 -0.0251193 ],/home/rastic/adil_RL/isaac-sim-standalone@4.5.0-rc.36+release.19112.f59b3005.gl.linux-x86_64.release/SE952--Bittle-Quadruped/camera_images_rocky1/frame_0360.png
361,0.0013188820322180828,0.4698993344802922,-0.4698993344802922,-0.0013188820322178607,0.6568252380498328,1.5705173629991673,-1.5705173629991673,-0.6568252380498331,0.1569928085117043,-0.027748690438331242,-0.04235761105693636,0.27562672,0.040732395,-0.014528394,[ 0.03452294  0.07510576 -0.05500601],/home/rastic/adil_RL/isaac-sim-standalone@4.5.0-rc.36+release.19112.f59b3005.gl.linux-x86_64.release/SE952--Bittle-Quadruped/camera_images_rocky1/frame_0361.png
362,-0.47300761956393855,0.9480213411632761,-0.9480213411632761,0.47300761956393855,1.5705178182268233,0.4797325354256392,-0.4797325354256392,-1.5705178182268233,0.1617290719058257,-0.02707245453565639,-0.04250941265191529,0.0048293173,0.08599254,0.05794085,[0.06708358 0.01677604 0.02027963],/home/rastic/adil_RL/isaac-sim-standalone@4.5.0-rc.36+release.19112.f59b3005.gl.linux-x86_64.release/SE952--Bittle-Quadruped/camera_images_rocky1/frame_0362.png
363,-0.20273545102188195,0.8032803179750971,-0.8032803179750971,0.20273545102188195,1.2813674636590524,0.03917078475606939,-0.03917078475606939,-1.2813674636590524,0.16225075745504966,-0.025134644970322837,-0.0423669296933901,-0.06322477,0.1751189,0.05103808,[ 0.07750501 -0.05019788  0.05847713],/home/rastic/adil_RL/isaac-sim-standalone@4.5.0-rc.36+release.19112.f59b3005.gl.linux-x86_64.release/SE952--Bittle-Quadruped/camera_images_rocky1/frame_0363.png
364,0.4451095457133343,0.40165936950859804,-0.40165936950859804,-0.4451095457133343,0.843989929698824,0.18847640432976254,-0.18847640432976254,-0.843989929698824,0.16153741895840001,-0.021232168059767728,-0.041043999679292675,-0.1567933,0.086304694,0.023754457,[ 0.03513268 -0.01155932  0.03229924],/home/rastic/adil_RL/isaac-sim-standalone@4.5.0-rc.36+release.19112.f59b3005.gl.linux-x86_64.release/SE952--Bittle-Quadruped/camera_images_rocky1/frame_0364.png
365,0.42741105486794484,-0.07720686191478121,0.07720686191478077,-0.42741105486794484,1.5705118068975605,0.7841835574557814,-0.7841835574557806,-1.5705118068975605,0.1593430164146655,-0.01892242438206121,-0.03993370543707632,0.12823057,-0.055402618,-0.020596461,[-0.01097355  0.03907378  0.04211813],/home/rastic/adil_RL/isaac-sim-standalone@4.5.0-rc.36+release.19112.f59b3005.gl.linux-x86_64.release/SE952--Bittle-Quadruped/camera_images_rocky1/frame_0365.png
366,0.8025428102808221,-0.4716007311281192,0.4716007311281192,-0.8025428102808221,0.9030364174528647,1.570517629399229,-1.570517629399229,-0.9030364174528647,0.16072824210898054,-0.019382192766589233,-0.040103867407760015,0.08063771,-0.03387863,-0.0077697337,[-0.01375435 -0.03540311 -0.01090349],/home/rastic/adil_RL/isaac-sim-standalone@4.5.0-rc.36+release.19112.f59b3005.gl.linux-x86_64.release/SE952--Bittle-Quadruped/camera_images_rocky1/frame_0366.png
367,0.9415248753810201,-0.13303077925299256,0.13303077925299256,-0.9415248753810201,0.14863313816005075,1.1868487744312632,-1.1868487744312635,-0.14863313816005075,0.16164667965663346,-0.01984458464357375,-0.040368180414782295,0.10947065,-0.045700867,-0.008780652,[-0.0312611  -0.04930517 -0.01719554],/home/rastic/adil_RL/isaac-sim-standalone@4.5.0-rc.36+release.19112.f59b3005.gl.linux-x86_64.release/SE952--Bittle-Quadruped/camera_images_rocky1/frame_0367.png
368,0.6451126553441903,0.46822034515277666,-0.46822034515277666,-0.6451126553441903,0.0521622755950385,0.8615039151634272,-0.8615039151634272,-0.0521622755950385,0.16391062864886932,-0.020937722719656982,-0.04062181750856909,-0.0967663,-0.04378675,-0.0036613718,[-0.0088589  -0.06271482 -0.0491926 ],/home/rastic/adil_RL/isaac-sim-standalone@4.5.0-rc.36+release.19112.f59b3005.gl.linux-x86_64.release/SE952--Bittle-Quadruped/camera_images_rocky1/frame_0368.png
369,0.1559413739444897,0.43706481788741636,-0.43706481788741636,-0.15594137394448948,0.440061098988792,1.5705130450227736,-1.5705130450227736,-0.4400610989887922,0.1626024979667671,-0.021583316155015186,-0.04101621564735406,0.051424786,-0.017378656,0.013080505,[-0.01347135  0.24801877  0.06594624],/home/rastic/adil_RL/isaac-sim-standalone@4.5.0-rc.36+release.19112.f59b3005.gl.linux-x86_64.release/SE952--Bittle-Quadruped/camera_images_rocky1/frame_0369.png
370,-0.46543069276949334,0.8295768301766615,-0.8295768301766615,0.46543069276949334,1.5705168044325444,0.8387884651694542,-0.8387884651694542,-1.5705168044325442,0.16475838372602264,-0.022551134516543694,-0.04125524009794119,0.014584277,0.052049242,-0.0034506195,[-0.00455811  0.12915313  0.0646887 ],/home/rastic/adil_RL/isaac-sim-standalone@4.5.0-rc.36+release.19112.f59b3005.gl.linux-x86_64.release/SE952--Bittle-Quadruped/camera_images_rocky1/frame_0370.png
371,-0.43425551816320374,0.9331531991238997,-0.9331531991238997,0.43425551816320396,1.5705127200534053,0.13230241910219265,-0.13230241910219265,-1.5705127200534055,0.163864244439363,-0.021601740147705367,-0.04123545590412745,-0.05216433,0.21287447,0.042458586,[0.02887501 0.08588836 0.04686936],/home/rastic/adil_RL/isaac-sim-standalone@4.5.0-rc.36+release.19112.f59b3005.gl.linux-x86_64.release/SE952--Bittle-Quadruped/camera_images_rocky1/frame_0371.png
372,0.15691748539733053,0.62602495913615,-0.62602495913615,-0.15691748539733053,0.9041385684530283,0.05841376594898384,-0.05841376594898384,-0.9041385684530283,0.16286313285938264,-0.018854714465752476,-0.04014279200806841,-0.1646336,0.123948656,0.030317714,[0.00898263 0.06942838 0.06694402],/home/rastic/adil_RL/isaac-sim-standalone@4.5.0-rc.36+release.19112.f59b3005.gl.linux-x86_64.release/SE952--Bittle-Quadruped/camera_images_rocky1/frame_0372.png
373,0.5262505917781692,0.15511499696424913,-0.15511499696424913,-0.5262505917781692,1.0731034308847813,0.44109832919720193,-0.4410983291972018,-1.0731034308847813,0.1598238675165653,-0.016044412850638397,-0.038908723951208216,-0.22496869,-0.11380757,-0.1018063,[-0.04901009 -0.02747322  0.14005472],/home/rastic/adil_RL/isaac-sim-standalone@4.5.0-rc.36+release.19112.f59b3005.gl.linux-x86_64.release/SE952--Bittle-Quadruped/camera_images_rocky1/frame_0373.png
374,0.4728036461633085,-0.4635962084922758,0.4635962084922758,-0.4728036461633085,1.5705177523235747,1.5705165601593334,-1.5705165601593334,-1.5705177523235747,0.15615110408697805,-0.017075079403006378,-0.040368993987587,-0.047748968,-0.16026276,-0.14893097,[-0.03524203 -0.05718356  0.06635793],/home/rastic/adil_RL/isaac-sim-standalone@4.5.0-rc.36+release.19112.f59b3005.gl.linux-x86_64.release/SE952--Bittle-Quadruped/camera_images_rocky1/frame_0374.png
375,0.963821537585422,-0.4412893050368749,0.4412893050368749,-0.963821537585422,0.3897257349089367,1.570513628724327,-1.570513628724327,-0.3897257349089367,0.15488985708790529,-0.018725137171260408,-0.04269456149232097,0.05235953,-0.16788316,-0.024554402,[-0.02547161 -0.05960241 -0.03919322],/home/rastic/adil_RL/isaac-sim-standalone@4.5.0-rc.36+release.19112.f59b3005.gl.linux-x86_64.release/SE952--Bittle-Quadruped/camera_images_rocky1/frame_0375.png
376,0.7388377243336954,0.12140191586528903,-0.12140191586528903,-0.7388377243336954,0.03489953372908294,0.9293494051374598,-0.9293494051374598,-0.03489953372908294,0.15559578171194885,-0.022245688402761664,-0.04368021128060468,0.13317671,-0.2094459,0.102864474,[-0.04471508 -0.10476458 -0.05756079],/home/rastic/adil_RL/isaac-sim-standalone@4.5.0-rc.36+release.19112.f59b3005.gl.linux-x86_64.release/SE952--Bittle-Quadruped/camera_images_rocky1/frame_0376.png
377,0.3147358947221045,0.5269750673124689,-0.5269750673124689,-0.3147358947221045,0.26462650162929213,1.0357400068070926,-1.0357400068070926,-0.26462650162929224,0.15813045459885663,-0.026090754467696542,-0.04236586437697468,-0.16977745,-0.025489634,0.0051606037,[-0.03511911 -0.12581013 -0.03353395],/home/rastic/adil_RL/isaac-sim-standalone@4.5.0-rc.36+release.19112.f59b3005.gl.linux-x86_64.release/SE952--Bittle-Quadruped/camera_images_rocky1/frame_0377.png
378,-0.44007546536115627,0.47128705589294384,-0.47128705589294384,0.44007546536115627,1.570513471356317,1.5705175488826812,-1.5705175488826812,-1.5705134713563167,0.15678561452348852,-0.027085441933686692,-0.04197686038818971,-0.09639743,-0.04436158,0.0022535492,[-0.01339587 -0.05460476 -0.04959981],/home/rastic/adil_RL/isaac-sim-standalone@4.5.0-rc.36+release.19112.f59b3005.gl.linux-x86_64.release/SE952--Bittle-Quadruped/camera_images_rocky1/frame_0378.png
379,-0.46405379626644705,0.9557584752862704,-0.9557584752862704,0.46405379626644705,1.5705166210462758,0.441252071111337,-0.441252071111337,-1.5705166210462755,0.15677933685986528,-0.027366192587987954,-0.042080169966932895,-0.050785005,0.1590849,-0.058418438,[ 0.00645331 -0.08653603 -0.06385113],/home/rastic/adil_RL/isaac-sim-standalone@4.5.0-rc.36+release.19112.f59b3005.gl.linux-x86_64.release/SE952--Bittle-Quadruped/camera_images_rocky1/frame_0379.png
380,-0.017411223346523563,0.7757529862178717,-0.7757529862178717,0.017411223346523563,1.0534087439577562,0.03538681058810689,-0.03538681058810689,-1.0534087439577562,0.15494179651647966,-0.024420522299257653,-0.042562793928618545,-0.051899485,0.17574015,-0.07074009,[ 0.02618418 -0.17354119 -0.0137146 ],/home/rastic/adil_RL/isaac-sim-standalone@4.5.0-rc.36+release.19112.f59b3005.gl.linux-x86_64.release/SE952--Bittle-Quadruped/camera_images_rocky1/frame_0380.png
381,0.5063580026286232,0.3620602223753929,-0.3620602223753929,-0.5063580026286232,0.9192342013282702,0.221432758839042,-0.22143275883904212,-0.9192342013282702,0.1535500597130402,-0.02155715294287527,-0.042912206192613676,-0.12566008,0.07010119,-0.09318392,[-0.002231   -0.13388112 -0.02201847],/home/rastic/adil_RL/isaac-sim-standalone@4.5.0-rc.36+release.19112.f59b3005.gl.linux-x86_64.release/SE952--Bittle-Quadruped/camera_images_rocky1/frame_0381.png
382,0.45770286648445735,-0.4292522906444145,0.4292522906444145,-0.45770286648445735,1.5705157407109205,1.5705120785237134,-1.5705120785237134,-1.5705157407109205,0.15095189504270176,-0.01945117393134638,-0.043889873274461255,0.14079875,-0.036037244,-0.044197112,[-0.03405524 -0.10768665 -0.00104305],/home/rastic/adil_RL/isaac-sim-standalone@4.5.0-rc.36+release.19112.f59b3005.gl.linux-x86_64.release/SE952--Bittle-Quadruped/camera_images_rocky1/frame_0382.png
383,0.9049980389993266,-0.4686688485185573,0.4686688485185573,-0.9049980389993266,0.6358590228355998,1.5705172367456721,-1.5705172367456721,-0.6358590228355998,0.15370910877245775,-0.02049004795035672,-0.04497462491336845,0.1968595,-0.025263831,0.17796245,[-0.02364537 -0.14271262 -0.08767579],/home/rastic/adil_RL/isaac-sim-standalone@4.5.0-rc.36+release.19112.f59b3005.gl.linux-x86_64.release/SE952--Bittle-Quadruped/camera_images_rocky1/frame_0383.png
384,0.8724904516606171,-0.0722001690282108,0.0722001690282108,-0.8724904516606171,0.06671322129153956,1.1131779611083485,-1.1131779611083483,-0.06671322129153956,0.1560345393387171,-0.020460761029667873,-0.043165428807302536,-0.010984898,-0.034433134,0.10311933,[ 0.00558484 -0.1201183   0.03239128],/home/rastic/adil_RL/isaac-sim-standalone@4.5.0-rc.36+release.19112.f59b3005.gl.linux-x86_64.release/SE952--Bittle-Quadruped/camera_images_rocky1/frame_0384.png
385,0.5018167521299883,0.49018613493775987,-0.49018613493775987,-0.5018167521299883,0.1182018017058859,0.8880375248756351,-0.8880375248756351,-0.1182018017058859,0.15770831728963422,-0.022593663951562787,-0.041156420619620014,0.0011132564,0.04256636,0.112555094,[ 0.03838398 -0.09265143 -0.01274565],/home/rastic/adil_RL/isaac-sim-standalone@4.5.0-rc.36+release.19112.f59b3005.gl.linux-x86_64.release/SE952--Bittle-Quadruped/camera_images_rocky1/frame_0385.png
386,0.014739001235534843,0.4489832419567703,-0.4489832419567703,-0.014739001235533733,0.6362065243626385,1.570514593934485,-1.570514593934485,-0.6362065243626401,0.1570046510100488,-0.02253917515808413,-0.03947926231023616,0.26175696,0.014401381,-0.0006498657,[0.01484438 0.21531199 0.09428173],/home/rastic/adil_RL/isaac-sim-standalone@4.5.0-rc.36+release.19112.f59b3005.gl.linux-x86_64.release/SE952--Bittle-Quadruped/camera_images_rocky1/frame_0386.png
387,-0.4729251207650209,0.8737650436327298,-0.8737650436327298,0.47292512076502113,1.5705178071468509,0.7257151602239942,-0.7257151602239942,-1.570517807146851,0.1589584812933981,-0.02255811003416844,-0.03948774434618477,0.20905188,-0.0041662063,0.008422627,[0.01308423 0.17633238 0.08847923],/home/rastic/adil_RL/isaac-sim-standalone@4.5.0-rc.36+release.19112.f59b3005.gl.linux-x86_64.release/SE952--Bittle-Quadruped/camera_images_rocky1/frame_0387.png
388,-0.3983829792216682,0.9038919429111124,-0.9038919429111124,0.3983829792216682,1.5705082147473506,0.09271486058005651,-0.09271486058005651,-1.5705082147473506,0.16105793939079008,-0.0226571610125788,-0.03954678335543749,0.022903096,0.15317306,0.017620904,[0.03352741 0.12013753 0.08702913],/home/rastic/adil_RL/isaac-sim-standalone@4.5.0-rc.36+release.19112.f59b3005.gl.linux-x86_64.release/SE952--Bittle-Quadruped/camera_images_rocky1/frame_0388.png
389,0.2666859466192728,0.5589622834807868,-0.5589622834807868,-0.2666859466192728,0.8454124822620317,0.08675289606057413,-0.08675289606057413,-0.8454124822620317,0.1608535693970045,-0.02002229766985508,-0.03863838679853423,-0.19728744,0.053321786,0.061324596,[0.00935451 0.12778087 0.07837507],/home/rastic/adil_RL/isaac-sim-standalone@4.5.0-rc.36+release.19112.f59b3005.gl.linux-x86_64.release/SE952--Bittle-Quadruped/camera_images_rocky1/frame_0389.png
390,0.494309012063475,0.0836777756211804,-0.0836777756211804,-0.4943090120634752,1.2582738403696132,0.5356849620786255,-0.5356849620786255,-1.258273840369613,0.15876889467908692,-0.018496362865798338,-0.03749537288879455,-0.22086886,-0.0027032383,0.047511123,[-0.01321974  0.11757882  0.15767601],/home/rastic/adil_RL/isaac-sim-standalone@4.5.0-rc.36+release.19112.f59b3005.gl.linux-x86_64.release/SE952--Bittle-Quadruped/camera_images_rocky1/frame_0390.png
391,0.481256178771043,-0.46997357642634996,0.46997357642634996,-0.481256178771043,1.570511943476907,1.570517411338702,-1.5705174113387017,-1.570511943476907,0.15525285469952008,-0.018360808199304975,-0.03663978323787952,-0.11537409,-0.05283912,-0.02174235,[-0.00978576  0.08754195  0.07074921],/home/rastic/adil_RL/isaac-sim-standalone@4.5.0-rc.36+release.19112.f59b3005.gl.linux-x86_64.release/SE952--Bittle-Quadruped/camera_images_rocky1/frame_0391.png
392,0.9630893434096834,-0.4239031601345411,0.4239031601345411,-0.9630893434096834,0.3953007963522728,1.5705113971897604,-1.5705113971897606,-0.3953007963522728,0.1532342830326437,-0.019504466867455255,-0.03727414260501274,0.011121843,-0.1776497,-0.022725824,[ 0.00090049  0.07739568 -0.04483481],/home/rastic/adil_RL/isaac-sim-standalone@4.5.0-rc.36+release.19112.f59b3005.gl.linux-x86_64.release/SE952--Bittle-Quadruped/camera_images_rocky1/frame_0392.png
393,0.8525571527381427,0.18824407632920748,-0.18824407632920748,-0.8525571527381427,0.0554617145103935,0.8842862800336957,-0.8842862800336957,-0.0554617145103935,0.15332812657279693,-0.02151535853227485,-0.03830933089396635,0.022417584,-0.21293502,0.023633631,[-0.02806743  0.0169306  -0.00879852],/home/rastic/adil_RL/isaac-sim-standalone@4.5.0-rc.36+release.19112.f59b3005.gl.linux-x86_64.release/SE952--Bittle-Quadruped/camera_images_rocky1/frame_0393.png
394,0.4225875896285882,0.5236774979103636,-0.5236774979103636,-0.4225875896285882,0.17223469818864956,1.1060537062162847,-1.1060537062162847,-0.17223469818864956,0.15375008963255204,-0.025042938578026187,-0.03938121768119931,-0.12398858,-0.081215106,-0.0066228816,[-0.02769362 -0.04311175 -0.04442831],/home/rastic/adil_RL/isaac-sim-standalone@4.5.0-rc.36+release.19112.f59b3005.gl.linux-x86_64.release/SE952--Bittle-Quadruped/camera_images_rocky1/frame_0394.png
395,-0.06849022899738832,0.4731665450284295,-0.4731665450284295,0.06849022899738832,0.769491940659122,1.5705178010496432,-1.5705178010496432,-0.769491940659122,0.15111309007436363,-0.02636697171761841,-0.040177673752953565,0.1450741,0.0051044524,0.0049432795,[-0.01132376  0.10023537 -0.07366493],/home/rastic/adil_RL/isaac-sim-standalone@4.5.0-rc.36+release.19112.f59b3005.gl.linux-x86_64.release/SE952--Bittle-Quadruped/camera_images_rocky1/frame_0395.png
396,-0.47128625794638457,0.9652670676555559,-0.9652670676555559,0.47128625794638457,1.5705175872278967,0.37777369813306216,-0.37777369813306216,-1.5705175872278967,0.15293008238103564,-0.026566853255212214,-0.04020848052207173,0.14748895,0.009715615,-0.036650658,[-0.01366003  0.01358339 -0.07586639],/home/rastic/adil_RL/isaac-sim-standalone@4.5.0-rc.36+release.19112.f59b3005.gl.linux-x86_64.release/SE952--Bittle-Quadruped/camera_images_rocky1/frame_0396.png
397,-0.11319545046340007,0.7376636258590918,-0.7376636258590918,0.11319545046340118,1.1619593235759744,0.034960418298653484,-0.034960418298653484,-1.1619593235759766,0.15440672504878689,-0.025997283175178826,-0.04106088891098763,-0.044219628,0.16823082,-0.05976116,[ 0.02188988 -0.09863874  0.00775091],/home/rastic/adil_RL/isaac-sim-standalone@4.5.0-rc.36+release.19112.f59b3005.gl.linux-x86_64.release/SE952--Bittle-Quadruped/camera_images_rocky1/frame_0397.png
398,0.4786494770165042,0.31844306591120386,-0.31844306591120375,-0.4786494770165042,0.8725293374516723,0.26109319758881655,-0.26109319758881666,-0.8725293374516723,0.15338995895786048,-0.02276585203623908,-0.041463502994055296,-0.17924526,0.009460475,-0.04101939,[-0.00920733 -0.05448379 -0.00868471],/home/rastic/adil_RL/isaac-sim-standalone@4.5.0-rc.36+release.19112.f59b3005.gl.linux-x86_64.release/SE952--Bittle-Quadruped/camera_images_rocky1/frame_0398.png
399,0.4440878651408573,-0.43736926060775927,0.4373692606077595,-0.4440878651408573,1.5705139550836758,1.5705131213421748,-1.570513121342175,-1.5705139550836758,0.15185084551276853,-0.021349533853627995,-0.041818156641835934,-0.032490566,-0.0053725,0.012311086,[-0.02449865 -0.08691066  0.01426744],/home/rastic/adil_RL/isaac-sim-standalone@4.5.0-rc.36+release.19112.f59b3005.gl.linux-x86_64.release/SE952--Bittle-Quadruped/camera_images_rocky1/frame_0399.png
