time_step,joint_pos_0,joint_pos_1,joint_pos_2,joint_pos_3,joint_pos_4,joint_pos_5,joint_pos_6,joint_pos_7,imu_roll,imu_pitch,imu_yaw,imu_ang_vel_x,imu_ang_vel_y,imu_ang_vel_z,linear_velocity_x,linear_velocity_y,linear_velocity_z,camera_image_file
0,0.3860740341464104,-0.3856770694599079,0.3856770694599079,-0.3860740341464104,1.5705066880788163,1.5705066748643552,-1.5705066748643552,-1.5705066880788163,0.0,0.0,0.0,0.0,0.0,0.0,[-0.00500908 -0.00625733 -0.17713718],/home/rastic/adil_RL/isaac-sim-standalone@4.5.0-rc.36+release.19112.f59b3005.gl.linux-x86_64.release/SE952--Bittle-Quadruped/camera_images_plane1/frame_0000.png
1,0.8651284372519195,-0.21150400451147422,0.21150400451147422,-0.8651284372519195,0.5682378696904491,1.2940814033317491,-1.2940814033317491,-0.5682378696904491,0.0006183026364453727,-0.0005712924486655093,0.0016458117972798542,0.09602411,-0.017031632,0.043179113,[-0.00144356 -0.00657823 -0.46978337],/home/rastic/adil_RL/isaac-sim-standalone@4.5.0-rc.36+release.19112.f59b3005.gl.linux-x86_64.release/SE952--Bittle-Quadruped/camera_images_plane1/frame_0001.png
2,0.8987851334260415,0.20780661961547997,-0.20780661961547997,-0.8987851334260413,0.11246564715734753,0.8730835077605037,-0.8730835077605037,-0.11246564715734797,0.0038805587961539987,-0.0011111757443525265,0.0030552857827455177,0.10122517,-0.0139591945,0.040591568,[-0.00107696 -0.00313409 -0.8093423 ],/home/rastic/adil_RL/isaac-sim-standalone@4.5.0-rc.36+release.19112.f59b3005.gl.linux-x86_64.release/SE952--Bittle-Quadruped/camera_images_plane1/frame_0002.png
3,0.6237139830841572,0.5196992688074278,-0.5196992688074278,-0.6237139830841572,0.06410816369309247,0.9641401044584856,-0.9641401044584856,-0.06410816369309247,0.012504413681310689,-0.0014978521283612399,0.004323123643450449,0.50486904,-0.011711547,0.05344343,[-0.00225222  0.16280967 -1.1101273 ],/home/rastic/adil_RL/isaac-sim-standalone@4.5.0-rc.36+release.19112.f59b3005.gl.linux-x86_64.release/SE952--Bittle-Quadruped/camera_images_plane1/frame_0003.png
4,0.22227686069448294,0.384922732029078,-0.384922732029078,-0.22227686069448294,0.4204561149554583,1.5705065500636266,-1.5705065500636266,-0.4204561149554582,0.029090845087050066,-0.0018856331704475483,0.0060629136458298484,0.49396643,-0.0078081363,0.052897193,[-0.00231581  0.16498503 -1.4482381 ],/home/rastic/adil_RL/isaac-sim-standalone@4.5.0-rc.36+release.19112.f59b3005.gl.linux-x86_64.release/SE952--Bittle-Quadruped/camera_images_plane1/frame_0004.png
5,-0.3840383268028187,0.9226376767315371,-0.9226376767315371,0.3840383268028189,1.5705064785300118,0.3504958896812017,-0.3504958896812017,-1.5705064785300122,0.043583634655316186,-0.002276136176935676,0.007531563195084725,0.3655437,-0.012010388,0.037303515,[-0.00279465  0.09341093 -1.7545223 ],/home/rastic/adil_RL/isaac-sim-standalone@4.5.0-rc.36+release.19112.f59b3005.gl.linux-x86_64.release/SE952--Bittle-Quadruped/camera_images_plane1/frame_0005.png
6,-0.17207218447876627,0.7752788540020941,-0.7752788540020941,0.17207218447876627,1.238391965144214,0.035554094129804925,-0.035554094129804925,-1.238391965144214,0.05118607762075494,-0.0026975281189598227,0.008591667804646992,0.102578945,-0.011777905,0.037724376,[-1.6864765e-03 -5.5167370e-04 -2.0970366e+00],/home/rastic/adil_RL/isaac-sim-standalone@4.5.0-rc.36+release.19112.f59b3005.gl.linux-x86_64.release/SE952--Bittle-Quadruped/camera_images_plane1/frame_0006.png
7,0.25965599228954517,0.44867086733231665,-0.44867086733231665,-0.25965599228954517,0.8482059985195407,0.17468632656321637,-0.17468632656321637,-0.8482059985195407,0.05208462722894677,-0.0038959836426912605,0.00928692800599673,-0.5918333,0.1234065,-0.08174092,[ 0.06627671 -0.36317813 -1.8593934 ],/home/rastic/adil_RL/isaac-sim-standalone@4.5.0-rc.36+release.19112.f59b3005.gl.linux-x86_64.release/SE952--Bittle-Quadruped/camera_images_plane1/frame_0007.png
8,0.5267366746438358,-0.1939206061794434,0.1939206061794434,-0.5267366746438358,1.0263885298193884,1.2687797531140492,-1.268779753114049,-1.0263885298193884,0.04820311883462318,-0.0011043096808738303,0.007833870280680512,0.91762185,0.17126794,-0.012074942,[ 0.1184843  -0.53029704 -1.0993645 ],/home/rastic/adil_RL/isaac-sim-standalone@4.5.0-rc.36+release.19112.f59b3005.gl.linux-x86_64.release/SE952--Bittle-Quadruped/camera_images_plane1/frame_0008.png
9,0.5184289573241323,-0.384531566991678,0.384531566991678,-0.5184289573241341,1.3111280869299327,1.570506537568534,-1.570506537568534,-1.3111280869299289,0.060618470203656676,0.0032883206039021986,0.006537393154277247,-0.39275944,-0.071639076,-0.1328448,[ 0.02936488 -0.19978246 -0.21226364],/home/rastic/adil_RL/isaac-sim-standalone@4.5.0-rc.36+release.19112.f59b3005.gl.linux-x86_64.release/SE952--Bittle-Quadruped/camera_images_plane1/frame_0009.png
10,0.9237127887537419,0.001026103309355042,-0.001026103309355264,-0.9237127887537421,0.34341356114718435,1.034666213489872,-1.0346662134898719,-0.34341356114718435,0.04768835923595027,0.0016278296447597076,0.0024995590566015955,-0.3087575,-0.07341386,-0.138517,[ 0.01676412 -0.17287749 -0.18605955],/home/rastic/adil_RL/isaac-sim-standalone@4.5.0-rc.36+release.19112.f59b3005.gl.linux-x86_64.release/SE952--Bittle-Quadruped/camera_images_plane1/frame_0010.png
11,0.8424692879874953,0.44155861729784296,-0.44155861729784296,-0.8424692879874953,0.05602839917125635,0.8419505049095608,-0.8419505049095608,-0.05602839917125635,0.04016974826962489,3.9950315123573525e-05,-0.0020087316652848165,0.07293772,-0.008627508,-0.11479542,[-0.00210806 -0.14600813  0.07189067],/home/rastic/adil_RL/isaac-sim-standalone@4.5.0-rc.36+release.19112.f59b3005.gl.linux-x86_64.release/SE952--Bittle-Quadruped/camera_images_plane1/frame_0011.png
12,0.4892769816032073,0.48272846314945417,-0.48272846314945417,-0.4892769816032073,0.1427390944163619,1.298581490282957,-1.2985814902829573,-0.1427390944163619,0.04750654340405809,-0.00047058759364264276,-0.005063705926396138,0.5098731,-0.019476898,0.009259827,[-0.00755559  0.05854574  0.25620016],/home/rastic/adil_RL/isaac-sim-standalone@4.5.0-rc.36+release.19112.f59b3005.gl.linux-x86_64.release/SE952--Bittle-Quadruped/camera_images_plane1/frame_0012.png
13,-0.18793850019426794,0.8075453363666161,-0.8075453363666161,0.18793850019426794,1.2603457112361611,0.7170125511234069,-0.7170125511234069,-1.2603457112361611,0.06532869853245711,-0.0009427241398345806,-0.005026339202367651,0.70297724,-0.02771847,0.045143697,[-0.02030809  0.12027172  0.34268364],/home/rastic/adil_RL/isaac-sim-standalone@4.5.0-rc.36+release.19112.f59b3005.gl.linux-x86_64.release/SE952--Bittle-Quadruped/camera_images_plane1/frame_0013.png
14,-0.38287596205103513,0.9115942680532771,-0.9115942680532771,0.38287596205103513,1.5705063395903236,0.13889200978760607,-0.13889200978760607,-1.5705063395903238,0.08300965379787273,-0.001074230737835865,-0.0038614428565656445,0.42173108,0.09072292,0.036458425,[ 0.02652607 -0.03892135  0.24646068],/home/rastic/adil_RL/isaac-sim-standalone@4.5.0-rc.36+release.19112.f59b3005.gl.linux-x86_64.release/SE952--Bittle-Quadruped/camera_images_plane1/frame_0014.png
15,0.043743423374031476,0.6920734288679108,-0.6920734288679108,-0.043743423374031476,0.9938833912897986,0.041820285792585565,-0.041820285792585565,-0.9938833912897986,0.09571919462232333,0.0027003011420252796,-0.0015786211088089526,0.17957301,0.059187848,0.13162304,[0.025855   0.00474318 0.09953881],/home/rastic/adil_RL/isaac-sim-standalone@4.5.0-rc.36+release.19112.f59b3005.gl.linux-x86_64.release/SE952--Bittle-Quadruped/camera_images_plane1/frame_0015.png
16,0.4689260445438128,0.32306551747123835,-0.32306551747123835,-0.4689260445438128,0.8621771929969222,0.2967581244266143,-0.2967581244266142,-0.8621771929969222,0.10036205543649869,0.004224056832201175,0.00425212969093777,-0.048306905,0.05529828,0.22913,[ 0.02345253  0.0666448  -0.0527262 ],/home/rastic/adil_RL/isaac-sim-standalone@4.5.0-rc.36+release.19112.f59b3005.gl.linux-x86_64.release/SE952--Bittle-Quadruped/camera_images_plane1/frame_0016.png
17,0.44050718496447083,-0.3215579935685484,0.3215579935685484,-0.44050718496447083,1.4192035560089606,1.4721707357834695,-1.4721707357834695,-1.4192035560089606,0.10160342671448963,0.005299916156823851,0.01276949530590678,0.3614894,0.068123646,0.20493801,[0.01490354 0.24588133 0.20777088],/home/rastic/adil_RL/isaac-sim-standalone@4.5.0-rc.36+release.19112.f59b3005.gl.linux-x86_64.release/SE952--Bittle-Quadruped/camera_images_plane1/frame_0017.png
18,0.8685683036893845,-0.3230760267733255,0.3230760267733255,-0.8685683036893845,0.5582643961663558,1.4749047001593378,-1.4749047001593378,-0.5582643961663558,0.11058382191165435,0.005527352653769042,0.0171124669135827,0.13443309,-0.055047378,0.011654586,[0.00294783 0.17960389 0.0773985 ],/home/rastic/adil_RL/isaac-sim-standalone@4.5.0-rc.36+release.19112.f59b3005.gl.linux-x86_64.release/SE952--Bittle-Quadruped/camera_images_plane1/frame_0018.png
19,0.8646824284433883,0.1259340737470631,-0.1259340737470631,-0.8646824284433883,0.07149627495273558,0.9259773366215267,-0.9259773366215267,-0.07149627495273558,0.11598627665567207,0.002479340161616184,0.01710415809135369,0.22228144,-0.0148151945,-0.026520343,[-0.00307917  0.15714699  0.11378871],/home/rastic/adil_RL/isaac-sim-standalone@4.5.0-rc.36+release.19112.f59b3005.gl.linux-x86_64.release/SE952--Bittle-Quadruped/camera_images_plane1/frame_0019.png
20,0.5782032783419242,0.5004971775928873,-0.5004971775928873,-0.5782032783419242,0.08588401540138857,0.9061871704684703,-0.9061871704684703,-0.08588401540138857,0.12228956646351465,0.0027650178252268155,0.01678801851882598,0.11516714,-0.01345167,-0.018228624,[-0.0024938   0.23448093  0.03467969],/home/rastic/adil_RL/isaac-sim-standalone@4.5.0-rc.36+release.19112.f59b3005.gl.linux-x86_64.release/SE952--Bittle-Quadruped/camera_images_plane1/frame_0020.png
21,0.18028122623798626,0.37803941221394055,-0.37803941221394055,-0.18028122623798604,0.47893239657680486,1.570505730387638,-1.5705057303876382,-0.478932396576805,0.12624629839569784,0.0021927704911767314,0.015430094915718694,0.1694813,0.06637262,0.0032048253,[0.0327844  0.25933203 0.11712071],/home/rastic/adil_RL/isaac-sim-standalone@4.5.0-rc.36+release.19112.f59b3005.gl.linux-x86_64.release/SE952--Bittle-Quadruped/camera_images_plane1/frame_0021.png
22,-0.38545948808632136,0.8998949002276031,-0.8998949002276031,0.38545948808632136,1.5705066487660135,0.45604906919897137,-0.45604906919897137,-1.5705066487660135,0.1312550543311749,0.003156383873457473,0.014592900099839656,0.13282084,0.053508207,-0.017415918,[0.02002642 0.21947883 0.03848572],/home/rastic/adil_RL/isaac-sim-standalone@4.5.0-rc.36+release.19112.f59b3005.gl.linux-x86_64.release/SE952--Bittle-Quadruped/camera_images_plane1/frame_0022.png
23,-0.14338618005531067,0.8299304728503915,-0.8299304728503915,0.14338618005531067,1.2001853528085336,0.04967362463260305,-0.04967362463260305,-1.2001853528085336,0.13414882784191365,0.004064537134578846,0.014503453474859221,0.18645717,0.043536004,0.00096184417,[0.02978249 0.13238156 0.12423178],/home/rastic/adil_RL/isaac-sim-standalone@4.5.0-rc.36+release.19112.f59b3005.gl.linux-x86_64.release/SE952--Bittle-Quadruped/camera_images_plane1/frame_0023.png
24,0.28271051011761617,0.5246974049506158,-0.5246974049506158,-0.28271051011761617,0.83960623956518,0.11790324234704597,-0.11790324234704597,-0.83960623956518,0.13912540226128578,0.0053928518364970285,0.014969063883198236,-0.0313686,0.02174518,0.0721373,[ 0.01804113  0.1946475  -0.0408996 ],/home/rastic/adil_RL/isaac-sim-standalone@4.5.0-rc.36+release.19112.f59b3005.gl.linux-x86_64.release/SE952--Bittle-Quadruped/camera_images_plane1/frame_0024.png
25,0.5269834074120738,0.14649380576740523,-0.14649380576740523,-0.5269834074120738,1.0513405421264468,0.5289803624679992,-0.5289803624679992,-1.051340542126447,0.1402041041356798,0.006413531685800787,0.01710213795073233,0.2556762,0.017753264,-0.06905054,[0.01084115 0.37953398 0.10119735],/home/rastic/adil_RL/isaac-sim-standalone@4.5.0-rc.36+release.19112.f59b3005.gl.linux-x86_64.release/SE952--Bittle-Quadruped/camera_images_plane1/frame_0025.png
26,0.5720016719349563,-0.38573152584503556,0.38573152584503556,-0.5720016719349563,1.20637803922943,1.5705066813977147,-1.5705066813977147,-1.20637803922943,0.14445716025448913,0.006994601562792151,0.01642970291745967,0.120076366,-0.12032554,-0.012622815,[-0.03008995  0.2189691   0.06981587],/home/rastic/adil_RL/isaac-sim-standalone@4.5.0-rc.36+release.19112.f59b3005.gl.linux-x86_64.release/SE952--Bittle-Quadruped/camera_images_plane1/frame_0026.png
27,0.9269524820062603,-0.1422259030402131,0.1422259030402131,-0.9269524820062603,0.3184935632507676,1.1986792047683634,-1.1986792047683634,-0.3184935632507676,0.14778586885005182,0.0041840366161863965,0.014839642005796076,0.03861654,-0.05754981,-0.06993159,[-0.03035359  0.28096604  0.01928027],/home/rastic/adil_RL/isaac-sim-standalone@4.5.0-rc.36+release.19112.f59b3005.gl.linux-x86_64.release/SE952--Bittle-Quadruped/camera_images_plane1/frame_0027.png
28,0.8315234011598518,0.2773604777284695,-0.2773604777284695,-0.8315234011598518,0.05040128853600434,0.8414560198705185,-0.8414560198705185,-0.05040128853600434,0.14905364875522106,0.002812145724712036,0.012336301937900189,0.11151905,-0.007937737,-0.029167041,[-0.01159198  0.2113766   0.04887422],/home/rastic/adil_RL/isaac-sim-standalone@4.5.0-rc.36+release.19112.f59b3005.gl.linux-x86_64.release/SE952--Bittle-Quadruped/camera_images_plane1/frame_0028.png
29,0.4855255791293085,0.5269891013788541,-0.5269891013788541,-0.4855255791293085,0.14553572590934183,1.036682250113054,-1.0366822501130537,-0.14553572590934183,0.15445296644233242,0.0019603232835694756,0.011868819306319897,0.32847703,-0.013875741,0.052744046,[-0.01543213  0.3713267   0.15647759],/home/rastic/adil_RL/isaac-sim-standalone@4.5.0-rc.36+release.19112.f59b3005.gl.linux-x86_64.release/SE952--Bittle-Quadruped/camera_images_plane1/frame_0029.png
30,0.09015902129993969,0.5125485721642971,-0.5125485721642971,-0.09015902129993969,0.6183792474206413,1.322649208277381,-1.322649208277381,-0.6183792474206413,0.16529570228237495,0.0014487206182719975,0.012447660021386418,0.34569117,0.11788674,0.02229998,[0.06669491 0.3416     0.22239523],/home/rastic/adil_RL/isaac-sim-standalone@4.5.0-rc.36+release.19112.f59b3005.gl.linux-x86_64.release/SE952--Bittle-Quadruped/camera_images_plane1/frame_0030.png
31,-0.3838193854819607,0.920032542571606,-0.920032542571606,0.3838193854819607,1.5705064523391372,0.36616641955182216,-0.36616641955182216,-1.5705064523391372,0.17416669930539405,0.00401070485397907,0.013146656707626114,0.27463776,0.07139509,0.015206747,[0.06826738 0.22686353 0.08173473],/home/rastic/adil_RL/isaac-sim-standalone@4.5.0-rc.36+release.19112.f59b3005.gl.linux-x86_64.release/SE952--Bittle-Quadruped/camera_images_plane1/frame_0031.png
32,0.027428994398335238,0.8589842941205049,-0.8589842941205049,-0.02742899439833546,1.0090226061920184,0.066925618640851,-0.066925618640851,-1.009022606192018,0.1814640033340515,0.004785453539154538,0.01330310372978253,0.1264382,0.049710218,-0.013674357,[0.02676517 0.196383   0.06637986],/home/rastic/adil_RL/isaac-sim-standalone@4.5.0-rc.36+release.19112.f59b3005.gl.linux-x86_64.release/SE952--Bittle-Quadruped/camera_images_plane1/frame_0032.png
33,0.4591061811103023,0.5420112700821526,-0.5420112700821526,-0.4591061811103023,0.8536179030373434,0.1068077739847535,-0.1068077739847535,-0.8536179030373434,0.18364610046911553,0.006091409780450291,0.013484351688305774,-0.10918543,0.005623258,0.042276222,[-0.00520087  0.23759203 -0.08591125],/home/rastic/adil_RL/isaac-sim-standalone@4.5.0-rc.36+release.19112.f59b3005.gl.linux-x86_64.release/SE952--Bittle-Quadruped/camera_images_plane1/frame_0033.png
34,0.4595390667561223,0.15441767301423437,-0.1544176730142346,-0.4595390667561223,1.3685537512603025,0.5170023155633389,-0.5170023155633385,-1.3685537512603025,0.18213275818465982,0.0072385919047399504,0.01643114169847552,0.046523906,0.006325811,0.035609644,[-0.01835361  0.36663464  0.02501478],/home/rastic/adil_RL/isaac-sim-standalone@4.5.0-rc.36+release.19112.f59b3005.gl.linux-x86_64.release/SE952--Bittle-Quadruped/camera_images_plane1/frame_0034.png
35,0.8475181441317179,-0.38577668256587305,0.38577668256587305,-0.8475181441317179,0.6168914624664201,1.5705066868157949,-1.5705066868157949,-0.6168914624664201,0.18113307048216382,0.0075778457080899735,0.01768118911175146,-0.08699415,-0.1440433,-0.0070248535,[-0.05291687  0.23445337 -0.03515321],/home/rastic/adil_RL/isaac-sim-standalone@4.5.0-rc.36+release.19112.f59b3005.gl.linux-x86_64.release/SE952--Bittle-Quadruped/camera_images_plane1/frame_0035.png
36,0.8865101979970441,-0.12583144128214085,0.12583144128214085,-0.8865101979970441,0.09428836551088016,1.1777160864170169,-1.1777160864170169,-0.09428836551088016,0.17915771144084464,0.004667091828102446,0.01688656507234329,0.12710199,-0.05461428,-0.024951082,[-0.03983327  0.21324024  0.07164454],/home/rastic/adil_RL/isaac-sim-standalone@4.5.0-rc.36+release.19112.f59b3005.gl.linux-x86_64.release/SE952--Bittle-Quadruped/camera_images_plane1/frame_0036.png
37,0.6252086684927448,0.29660275939312974,-0.29660275939312974,-0.6252086684927448,0.0634824349375328,0.8352350324716786,-0.8352350324716786,-0.0634824349375328,0.1806490778287512,0.0034774360482902828,0.016291550887016674,-0.12670662,0.033014886,0.0020895547,[ 0.00495955  0.21972735 -0.04944047],/home/rastic/adil_RL/isaac-sim-standalone@4.5.0-rc.36+release.19112.f59b3005.gl.linux-x86_64.release/SE952--Bittle-Quadruped/camera_images_plane1/frame_0037.png
38,0.24340523383074264,0.5265493866148734,-0.5265493866148736,-0.24340523383074264,0.3925901745749507,1.066746383980839,-1.066746383980839,-0.3925901745749508,0.17987264055756208,0.0025271036551669773,0.015914708284055896,0.15331881,0.0060268613,0.088209875,[-0.01256985  0.32371345  0.07582775],/home/rastic/adil_RL/isaac-sim-standalone@4.5.0-rc.36+release.19112.f59b3005.gl.linux-x86_64.release/SE952--Bittle-Quadruped/camera_images_plane1/frame_0038.png
39,-0.3810761405043679,0.5965916535269948,-0.5965916535269948,0.3810761405043679,1.5705061249824999,1.158233341832097,-1.158233341832097,-1.5705061249824999,0.18460665619167982,0.002435850991336155,0.01655980144308045,0.19068973,0.044106334,0.026265996,[0.00679852 0.2448622  0.09890892],/home/rastic/adil_RL/isaac-sim-standalone@4.5.0-rc.36+release.19112.f59b3005.gl.linux-x86_64.release/SE952--Bittle-Quadruped/camera_images_plane1/frame_0039.png
40,-0.2227668831121148,0.9282388621020852,-0.9282388621020852,0.2227668831121148,1.310699993582885,0.30596484276675007,-0.3059648427667503,-1.310699993582885,0.18943120920239612,0.004263870299490197,0.0180773116664723,0.14284262,0.07041398,0.07175277,[0.01658779 0.24977112 0.07486612],/home/rastic/adil_RL/isaac-sim-standalone@4.5.0-rc.36+release.19112.f59b3005.gl.linux-x86_64.release/SE952--Bittle-Quadruped/camera_images_plane1/frame_0040.png
41,0.20853603826378486,0.8256278360720564,-0.8256278360720564,-0.20853603826378486,0.8726842108289232,0.047815413461338,-0.047815413461338,-0.8726842108289232,0.19253987536299125,0.005714058305460196,0.020564029586902795,0.030401807,0.022196408,0.03867124,[ 0.00755502  0.21757625 -0.00920666],/home/rastic/adil_RL/isaac-sim-standalone@4.5.0-rc.36+release.19112.f59b3005.gl.linux-x86_64.release/SE952--Bittle-Quadruped/camera_images_plane1/frame_0041.png
42,0.5203347358608774,0.47916562797067097,-0.47916562797067097,-0.5203347358608774,0.9673340239357746,0.15034924896435842,-0.15034924896435853,-0.9673340239357746,0.19233042313426368,0.006770340294184374,0.02168240368884108,-0.10559213,0.033050552,0.047186546,[ 0.00797201  0.30611315 -0.07648915],/home/rastic/adil_RL/isaac-sim-standalone@4.5.0-rc.36+release.19112.f59b3005.gl.linux-x86_64.release/SE952--Bittle-Quadruped/camera_images_plane1/frame_0042.png
43,0.38526717278032696,0.08652129380516294,-0.08652129380516316,-0.38526717278032696,1.5705065913270253,0.6244060624151554,-0.6244060624151551,-1.570506591327025,0.19140871156295214,0.008322062104056394,0.024693333100320434,0.2509952,0.024946166,0.051175456,[0.00508471 0.39788467 0.11631351],/home/rastic/adil_RL/isaac-sim-standalone@4.5.0-rc.36+release.19112.f59b3005.gl.linux-x86_64.release/SE952--Bittle-Quadruped/camera_images_plane1/frame_0043.png
44,0.9247664586999337,-0.38372448529262604,0.38372448529262604,-0.9247664586999337,0.3360033480780046,1.570506440989632,-1.570506440989632,-0.3360033480780046,0.19555589367416062,0.008777962103261797,0.025048289833977645,-0.020543128,-0.14595981,-0.08717981,[-0.03892687  0.282793   -0.0107526 ],/home/rastic/adil_RL/isaac-sim-standalone@4.5.0-rc.36+release.19112.f59b3005.gl.linux-x86_64.release/SE952--Bittle-Quadruped/camera_images_plane1/frame_0044.png
45,0.7633260772621495,0.03000779145951049,-0.03000779145951049,-0.7633260772621495,0.03471848913610176,1.0065936053197613,-1.0065936053197613,-0.03471848913610176,0.1933297347669873,0.005439058686738035,0.02239081863391104,-0.09094532,-0.052319743,-0.025386143,[-0.04806362  0.24628296 -0.02886432],/home/rastic/adil_RL/isaac-sim-standalone@4.5.0-rc.36+release.19112.f59b3005.gl.linux-x86_64.release/SE952--Bittle-Quadruped/camera_images_plane1/frame_0045.png
46,0.43387407224592245,0.4645148192549793,-0.4645148192549793,-0.43387407224592245,0.18724194485271295,0.8581225072658485,-0.8581225072658485,-0.18724194485271295,0.18880326470269887,0.0030756645898644733,0.020559189377160968,-0.24160828,-0.042330954,-0.070276536,[-0.0308265   0.2541353  -0.12261041],/home/rastic/adil_RL/isaac-sim-standalone@4.5.0-rc.36+release.19112.f59b3005.gl.linux-x86_64.release/SE952--Bittle-Quadruped/camera_images_plane1/frame_0046.png
47,-0.21582320095788754,0.4503824049507916,-0.4503824049507916,0.21582320095788754,1.3004157561589396,1.3935241089874724,-1.3935241089874724,-1.3004157561589393,0.18529182135542716,0.00040629646927366696,0.01695099577685912,0.20511836,-0.094910756,-0.09050321,[-0.03565938  0.44108805  0.07358424],/home/rastic/adil_RL/isaac-sim-standalone@4.5.0-rc.36+release.19112.f59b3005.gl.linux-x86_64.release/SE952--Bittle-Quadruped/camera_images_plane1/frame_0047.png
48,-0.3822570134560208,0.8597529505517183,-0.8597529505517181,0.3822570134560208,1.570506265715305,0.5834885383835031,-0.5834885383835036,-1.570506265715305,0.18873246993428974,-5.271227567103786e-05,0.01571433847647974,-0.042703297,0.18996555,0.050478745,[ 0.02411034  0.32938778 -0.03275763],/home/rastic/adil_RL/isaac-sim-standalone@4.5.0-rc.36+release.19112.f59b3005.gl.linux-x86_64.release/SE952--Bittle-Quadruped/camera_images_plane1/frame_0048.png
49,0.04144291055623084,0.8742243568132795,-0.8742243568132795,-0.04144291055623084,0.9959854079528949,0.08029943586808719,-0.08029943586808719,-0.9959854079528949,0.18732027896248715,0.004713400489841696,0.017399305604914372,0.08182606,0.087474644,-0.0035225693,[0.05670328 0.28912315 0.0580212 ],/home/rastic/adil_RL/isaac-sim-standalone@4.5.0-rc.36+release.19112.f59b3005.gl.linux-x86_64.release/SE952--Bittle-Quadruped/camera_images_plane1/frame_0049.png
50,0.46699449859887143,0.5977700036354778,-0.5977700036354778,-0.46699449859887143,0.8603571108858441,0.07588585930547709,-0.07588585930547709,-0.8603571108858441,0.18745566289765367,0.007167083102484389,0.01735545145974985,-0.12202183,-0.011834972,-0.058293976,[-0.00496534  0.27036563 -0.06222878],/home/rastic/adil_RL/isaac-sim-standalone@4.5.0-rc.36+release.19112.f59b3005.gl.linux-x86_64.release/SE952--Bittle-Quadruped/camera_images_plane1/frame_0050.png
51,0.45095034091912334,0.2019128872123519,-0.2019128872123519,-0.45095034091912334,1.3920098395292797,0.44829677907991616,-0.44829677907991616,-1.39200983952928,0.1868132736379526,0.008673678875823107,0.01681379760170956,0.2560366,-0.008498779,-0.016659621,[-0.01068443  0.41684604  0.08781732],/home/rastic/adil_RL/isaac-sim-standalone@4.5.0-rc.36+release.19112.f59b3005.gl.linux-x86_64.release/SE952--Bittle-Quadruped/camera_images_plane1/frame_0051.png
52,0.8548632282194828,-0.38468067647775017,0.38468067647775017,-0.8548632282194828,0.5970408614621938,1.5705065554256652,-1.5705065554256652,-0.597040861462194,0.19106900224685458,0.00912996585745177,0.01602106246049712,-0.021783309,-0.16873442,-0.089343965,[-0.05345997  0.26880413 -0.00745926],/home/rastic/adil_RL/isaac-sim-standalone@4.5.0-rc.36+release.19112.f59b3005.gl.linux-x86_64.release/SE952--Bittle-Quadruped/camera_images_plane1/frame_0052.png
53,0.8820791089986842,-0.1648986812509754,0.1648986812509754,-0.8820791089986842,0.08884236090868858,1.2286607404801448,-1.2286607404801446,-0.08884236090868858,0.1912296531332529,0.004055675992907148,0.012618453223640299,0.11571247,-0.10086605,-0.019490475,[-0.05895084  0.21544926  0.09044999],/home/rastic/adil_RL/isaac-sim-standalone@4.5.0-rc.36+release.19112.f59b3005.gl.linux-x86_64.release/SE952--Bittle-Quadruped/camera_images_plane1/frame_0053.png
54,0.6168320180376117,0.2638554017857473,-0.2638554017857473,-0.6168320180376117,0.06706433517692933,0.8465196102094339,-0.8465196102094339,-0.06706433517692933,0.1935997666497641,0.0016299754148183323,0.012354517431898573,-0.1683696,0.09884826,0.064479485,[ 0.02312396  0.22305742 -0.0134387 ],/home/rastic/adil_RL/isaac-sim-standalone@4.5.0-rc.36+release.19112.f59b3005.gl.linux-x86_64.release/SE952--Bittle-Quadruped/camera_images_plane1/frame_0054.png
55,0.23698635284422342,0.5268123431098486,-0.5268123431098486,-0.23698635284422342,0.40094646055659167,1.0286905214665742,-1.0286905214665742,-0.4009464605565918,0.19081923219595368,0.002775620042100504,0.01458904428326375,-0.07203483,0.1284274,0.06727041,[0.06406792 0.2679332  0.02204816],/home/rastic/adil_RL/isaac-sim-standalone@4.5.0-rc.36+release.19112.f59b3005.gl.linux-x86_64.release/SE952--Bittle-Quadruped/camera_images_plane1/frame_0055.png
56,-0.38143475554836215,0.514164758555063,-0.514164758555063,0.38143475554836215,1.570506167691802,1.3194818095057392,-1.3194818095057392,-1.5705061676918022,0.18926979798591348,0.005374287980262391,0.015231121791604579,0.14086264,-0.00989121,-0.025595522,[ 0.04817624  0.23459369 -0.01172027],/home/rastic/adil_RL/isaac-sim-standalone@4.5.0-rc.36+release.19112.f59b3005.gl.linux-x86_64.release/SE952--Bittle-Quadruped/camera_images_plane1/frame_0056.png
57,-0.22094769512508416,0.9223948076546286,-0.9223948076546286,0.22094769512508416,1.307993479277406,0.35203900959888224,-0.352039009598882,-1.307993479277406,0.19350195775902318,0.004435162164878909,0.01532696298361003,0.016860262,0.14339717,0.106041364,[ 0.06527454  0.27915135 -0.00438878],/home/rastic/adil_RL/isaac-sim-standalone@4.5.0-rc.36+release.19112.f59b3005.gl.linux-x86_64.release/SE952--Bittle-Quadruped/camera_images_plane1/frame_0057.png
58,0.20913007335087985,0.8492852903501829,-0.8492852903501829,-0.20913007335087985,0.8723600193418204,0.06014072294156292,-0.06014072294156292,-0.8723600193418204,0.19355141755945848,0.007333831944999962,0.01869643422228879,0.073905535,0.056375563,0.010872861,[0.02762893 0.20662102 0.03224374],/home/rastic/adil_RL/isaac-sim-standalone@4.5.0-rc.36+release.19112.f59b3005.gl.linux-x86_64.release/SE952--Bittle-Quadruped/camera_images_plane1/frame_0058.png
59,0.5202438256009603,0.5157545647329814,-0.5157545647329814,-0.5202438256009603,0.966866119593971,0.12390439288013222,-0.12390439288013222,-0.966866119593971,0.19483713393564348,0.00878405132501114,0.01866063829821991,-0.016085614,0.0011039646,-0.04935599,[ 0.00701678  0.23287578 -0.02957419],/home/rastic/adil_RL/isaac-sim-standalone@4.5.0-rc.36+release.19112.f59b3005.gl.linux-x86_64.release/SE952--Bittle-Quadruped/camera_images_plane1/frame_0059.png
60,0.3851895390810489,0.12028497172789021,-0.12028497172789043,-0.3851895390810489,1.5705065820246082,0.5696488039921613,-0.5696488039921611,-1.5705065820246082,0.1966614628392269,0.010219718341800061,0.019309836574441228,0.36298734,0.049446568,-0.015368133,[0.00980121 0.38529176 0.14160994],/home/rastic/adil_RL/isaac-sim-standalone@4.5.0-rc.36+release.19112.f59b3005.gl.linux-x86_64.release/SE952--Bittle-Quadruped/camera_images_plane1/frame_0060.png
61,0.9242125552511417,-0.38520896170085717,0.38520896170085694,-0.9242125552511417,0.3399635381584397,1.570506618727502,-1.5705066187275016,-0.3399635381584397,0.20256857846924042,0.010813190843862302,0.017964270961826147,-0.013424339,-0.16747993,-0.1664278,[-0.03989306  0.25497624  0.02020847],/home/rastic/adil_RL/isaac-sim-standalone@4.5.0-rc.36+release.19112.f59b3005.gl.linux-x86_64.release/SE952--Bittle-Quadruped/camera_images_plane1/frame_0061.png
62,0.7668838539994393,0.002297243769127766,-0.002297243769127766,-0.7668838539994393,0.03489677137537339,1.0333993399269163,-1.0333993399269166,-0.03489677137537339,0.2006398405750075,0.007689680784466098,0.012991232586746015,-0.110480465,-0.06662178,-0.086201765,[-0.03970751  0.2323862  -0.01936911],/home/rastic/adil_RL/isaac-sim-standalone@4.5.0-rc.36+release.19112.f59b3005.gl.linux-x86_64.release/SE952--Bittle-Quadruped/camera_images_plane1/frame_0062.png
63,0.43907220807983094,0.4507660975698282,-0.4507660975698282,-0.43907220807983094,0.1827756644679911,0.8475589037918185,-0.8475589037918185,-0.1827756644679911,0.19577399428735737,0.005332225590463598,0.009156107090901297,-0.28489056,-0.06378694,-0.13526952,[-0.02585512  0.25758612 -0.13079213],/home/rastic/adil_RL/isaac-sim-standalone@4.5.0-rc.36+release.19112.f59b3005.gl.linux-x86_64.release/SE952--Bittle-Quadruped/camera_images_plane1/frame_0063.png
64,-0.2100623742283223,0.46742308410872324,-0.46742308410872324,0.2100623742283223,1.291977772069695,1.3459916642298633,-1.345991664229863,-1.2919777720696952,0.190900390374042,0.0024922082853862555,0.0037144588375804606,0.16959527,-0.07987086,-0.03854789,[-0.03019613  0.4273261   0.02299502],/home/rastic/adil_RL/isaac-sim-standalone@4.5.0-rc.36+release.19112.f59b3005.gl.linux-x86_64.release/SE952--Bittle-Quadruped/camera_images_plane1/frame_0064.png
65,-0.38281286891651445,0.8420649978311718,-0.8420649978311716,0.38281286891651445,1.5705063320563253,0.6312781483057299,-0.6312781483057301,-1.5705063320563255,0.19408969327478648,0.0007694451664791238,0.003294223867854864,-0.05257068,0.18971024,0.06252908,[ 0.03959678  0.33782876 -0.05635684],/home/rastic/adil_RL/isaac-sim-standalone@4.5.0-rc.36+release.19112.f59b3005.gl.linux-x86_64.release/SE952--Bittle-Quadruped/camera_images_plane1/frame_0065.png
66,0.03419389547475893,0.8876331387918472,-0.8876331387918472,-0.03419389547475893,1.002679389051313,0.09575048521383733,-0.09575048521383733,-1.002679389051313,0.19132738640221064,0.00551421894267054,0.005920865851645745,0.045855988,0.10208245,0.003125511,[0.0659029  0.30358967 0.02932968],/home/rastic/adil_RL/isaac-sim-standalone@4.5.0-rc.36+release.19112.f59b3005.gl.linux-x86_64.release/SE952--Bittle-Quadruped/camera_images_plane1/frame_0066.png
67,0.46314782863603376,0.6249893123195476,-0.6249893123195476,-0.46314782863603376,0.8569375124860656,0.06357389863669982,-0.06357389863669982,-0.8569375124860656,0.18998849393798461,0.008272292375166324,0.006017712016763072,-0.17767355,-0.06257461,-0.078858815,[-0.01965735  0.27072468 -0.07092243],/home/rastic/adil_RL/isaac-sim-standalone@4.5.0-rc.36+release.19112.f59b3005.gl.linux-x86_64.release/SE952--Bittle-Quadruped/camera_images_plane1/frame_0067.png
68,0.4568684285338722,0.22865683656133928,-0.22865683656133928,-0.45686842853387244,1.3759638408124084,0.4119324447196874,-0.4119324447196875,-1.375963840812408,0.18813112416872946,0.00893218958046687,0.005063620978728925,0.21510926,-0.022168413,-0.013240529,[-0.02714025  0.4284546   0.0839969 ],/home/rastic/adil_RL/isaac-sim-standalone@4.5.0-rc.36+release.19112.f59b3005.gl.linux-x86_64.release/SE952--Bittle-Quadruped/camera_images_plane1/frame_0068.png
69,0.8485645438379672,-0.38325990637163443,0.38325990637163443,-0.8485645438379672,0.6140979879289288,1.5705063854543886,-1.5705063854543886,-0.6140979879289288,0.1925134754319364,0.009005873198316743,0.004150934557461985,-0.013157843,-0.21580094,-0.09024143,[-0.06881101  0.2753529  -0.00684268],/home/rastic/adil_RL/isaac-sim-standalone@4.5.0-rc.36+release.19112.f59b3005.gl.linux-x86_64.release/SE952--Bittle-Quadruped/camera_images_plane1/frame_0069.png
70,0.8871730822628286,-0.18744998807784663,0.18744998807784663,-0.8871730822628286,0.09514723919478907,1.2596608000520388,-1.2596608000520388,-0.09514723919478907,0.1934216883029949,0.0040841863413507516,0.0010158457186136268,0.11053358,-0.10433903,-0.018252559,[-0.07064344  0.22839579  0.08520624],/home/rastic/adil_RL/isaac-sim-standalone@4.5.0-rc.36+release.19112.f59b3005.gl.linux-x86_64.release/SE952--Bittle-Quadruped/camera_images_plane1/frame_0070.png
71,0.627982954001921,0.24449669489270587,-0.24449669489270587,-0.627982954001921,0.062336574011756296,0.8547186985798809,-0.8547186985798809,-0.062336574011756296,0.19495152378344707,0.001441158969564236,0.0006639019517690851,-0.12823233,0.05075675,0.050776973,[ 0.01194809  0.23562072 -0.00308263],/home/rastic/adil_RL/isaac-sim-standalone@4.5.0-rc.36+release.19112.f59b3005.gl.linux-x86_64.release/SE952--Bittle-Quadruped/camera_images_plane1/frame_0071.png
72,0.24904995514939998,0.5256994861247519,-0.5256994861247519,-0.24904995514939998,0.38532047985286944,1.00787212338504,-1.00787212338504,-0.38532047985286944,0.19158966851210443,0.002465984256574797,0.002682452520085924,-0.14444837,0.14570197,0.06908469,[ 0.07330763  0.25755012 -0.00391057],/home/rastic/adil_RL/isaac-sim-standalone@4.5.0-rc.36+release.19112.f59b3005.gl.linux-x86_64.release/SE952--Bittle-Quadruped/camera_images_plane1/frame_0072.png
73,-0.3802806654944353,0.40643856727666416,-0.40643856727666416,0.3802806654944355,1.5705060303368583,1.5332009009960221,-1.5332009009960221,-1.5705060303368585,0.18851026291495232,0.005082526705813115,0.003758538399643524,0.18573643,-0.07180809,-0.00053415075,[0.01422096 0.2598701  0.02063912],/home/rastic/adil_RL/isaac-sim-standalone@4.5.0-rc.36+release.19112.f59b3005.gl.linux-x86_64.release/SE952--Bittle-Quadruped/camera_images_plane1/frame_0073.png
74,-0.23304289912993026,0.9171061872326429,-0.9171061872326431,0.23304289912993026,1.3261524325836667,0.3819701190231939,-0.38197011902319367,-1.3261524325836667,0.19260247986647136,0.0042371201451967344,0.005320541779967807,-0.042783633,0.17112863,0.138064,[ 0.07272924  0.23627286 -0.05169344],/home/rastic/adil_RL/isaac-sim-standalone@4.5.0-rc.36+release.19112.f59b3005.gl.linux-x86_64.release/SE952--Bittle-Quadruped/camera_images_plane1/frame_0074.png
75,0.19823369276957226,0.8627065664768379,-0.8627065664768379,-0.19823369276957226,0.8784475342523794,0.0698579812447434,-0.0698579812447434,-0.8784475342523796,0.19044227527032065,0.007807013721601736,0.009188647848434053,0.07419415,0.07716143,0.019820418,[0.03642854 0.21799463 0.03636559],/home/rastic/adil_RL/isaac-sim-standalone@4.5.0-rc.36+release.19112.f59b3005.gl.linux-x86_64.release/SE952--Bittle-Quadruped/camera_images_plane1/frame_0075.png
76,0.5181255692566937,0.5391927978788246,-0.5391927978788246,-0.5181255692566937,0.9569019756636046,0.10856667447305213,-0.10856667447305213,-0.9569019756636046,0.19131738742415588,0.00953633543086741,0.009465773521198434,-0.058638014,-0.061962653,-0.04867197,[-0.01538288  0.21601383 -0.03372302],/home/rastic/adil_RL/isaac-sim-standalone@4.5.0-rc.36+release.19112.f59b3005.gl.linux-x86_64.release/SE952--Bittle-Quadruped/camera_images_plane1/frame_0076.png
77,0.38455009232186055,0.14265841157990056,-0.14265841157990056,-0.38455009232186055,1.5705065054483294,0.5348310825154311,-0.5348310825154311,-1.5705065054483294,0.19258323469104394,0.01054897538972153,0.00934365409447809,0.28162587,0.00019010413,-0.015932566,[-0.00739873  0.3879754   0.1244073 ],/home/rastic/adil_RL/isaac-sim-standalone@4.5.0-rc.36+release.19112.f59b3005.gl.linux-x86_64.release/SE952--Bittle-Quadruped/camera_images_plane1/frame_0077.png
78,0.9214566083680137,-0.38569664931926084,0.38569664931926084,-0.9214566083680137,0.35782894973111967,1.5705066772133658,-1.5705066772133658,-0.35782894973111967,0.19817293918756917,0.01107312270629871,0.008104157373090462,-0.0538517,-0.1924811,-0.14645755,[-0.05021163  0.23224069  0.003946  ],/home/rastic/adil_RL/isaac-sim-standalone@4.5.0-rc.36+release.19112.f59b3005.gl.linux-x86_64.release/SE952--Bittle-Quadruped/camera_images_plane1/frame_0078.png
79,0.7785890782960371,-0.016919558011008418,0.016919558011008418,-0.7785890782960371,0.0359081007523413,1.0529000220823106,-1.0529000220823106,-0.0359081007523413,0.19615788363753203,0.006972317729835482,0.003655798179876577,-0.035554543,-0.13825057,-0.07408092,[-0.08465884  0.2147246  -0.01650812],/home/rastic/adil_RL/isaac-sim-standalone@4.5.0-rc.36+release.19112.f59b3005.gl.linux-x86_64.release/SE952--Bittle-Quadruped/camera_images_plane1/frame_0079.png
80,0.4545265125179695,0.44038244380253255,-0.44038244380253255,-0.4545265125179695,0.16985213760799078,0.8413072484087403,-0.8413072484087403,-0.16985213760799078,0.1929562922345576,0.0027712826233581007,4.0425317541029034e-05,-0.24734433,-0.07766211,-0.08030419,[-0.0389811   0.21295607 -0.1187349 ],/home/rastic/adil_RL/isaac-sim-standalone@4.5.0-rc.36+release.19112.f59b3005.gl.linux-x86_64.release/SE952--Bittle-Quadruped/camera_images_plane1/frame_0080.png
81,-0.19627622540397494,0.4775430980179465,-0.4775430980179465,0.19627622540397494,1.2721248463216417,1.3152648092193786,-1.3152648092193786,-1.2721248463216417,0.18923798406547046,-0.00026389616265788543,-0.003584207151101066,0.25839955,-0.030434852,-0.012438655,[-0.01823619  0.4328097   0.06630047],/home/rastic/adil_RL/isaac-sim-standalone@4.5.0-rc.36+release.19112.f59b3005.gl.linux-x86_64.release/SE952--Bittle-Quadruped/camera_images_plane1/frame_0081.png
82,-0.3838223689222804,0.8279185865628258,-0.8279185865628258,0.3838223689222804,1.5705064526959682,0.6674121560363595,-0.6674121560363595,-1.570506452695968,0.1929463716731785,-2.286594826927364e-05,-0.0036856017171592865,0.010711407,0.22437513,0.04392804,[ 0.04751126  0.32984638 -0.01832744],/home/rastic/adil_RL/isaac-sim-standalone@4.5.0-rc.36+release.19112.f59b3005.gl.linux-x86_64.release/SE952--Bittle-Quadruped/camera_images_plane1/frame_0082.png
83,0.02039804739744766,0.8964755303307752,-0.8964755303307752,-0.02039804739744766,1.0157136003686489,0.10863255833633256,-0.10863255833633256,-1.0157136003686489,0.192449021193505,0.006091155059000592,-0.0015229480040621233,0.057288386,0.106014006,-0.0046136756,[0.07732534 0.29370067 0.0462945 ],/home/rastic/adil_RL/isaac-sim-standalone@4.5.0-rc.36+release.19112.f59b3005.gl.linux-x86_64.release/SE952--Bittle-Quadruped/camera_images_plane1/frame_0083.png
84,0.4561421466842477,0.6452009877742964,-0.6452009877742964,-0.4561421466842477,0.8513481413137274,0.055684276433221824,-0.055684276433221824,-0.8513481413137274,0.1919945403298402,0.00921059663698677,-0.0013890275667156826,-0.18465917,-0.07205212,-0.08819833,[-0.0082259   0.26767048 -0.06853234],/home/rastic/adil_RL/isaac-sim-standalone@4.5.0-rc.36+release.19112.f59b3005.gl.linux-x86_64.release/SE952--Bittle-Quadruped/camera_images_plane1/frame_0084.png
85,0.46571294842580624,0.24943309525696356,-0.24943309525696356,-0.46571294842580624,1.35097849570871,0.38482971153898726,-0.38482971153898726,-1.3509784957087099,0.1904095419000066,0.010172233323450842,-0.002468847755300565,0.24807884,-0.026278967,-0.029650548,[-0.01805384  0.433953    0.08798291],/home/rastic/adil_RL/isaac-sim-standalone@4.5.0-rc.36+release.19112.f59b3005.gl.linux-x86_64.release/SE952--Bittle-Quadruped/camera_images_plane1/frame_0085.png
86,0.8382024642871551,-0.38173362800264177,0.38173362800264177,-0.8382024642871551,0.6413052485566717,1.5705062033056154,-1.5705062033056154,-0.6413052485566717,0.19531804014877527,0.010279927783708107,-0.0036282224038265507,0.017257659,-0.19064526,-0.07523597,[-0.06510952  0.27937153  0.0072875 ],/home/rastic/adil_RL/isaac-sim-standalone@4.5.0-rc.36+release.19112.f59b3005.gl.linux-x86_64.release/SE952--Bittle-Quadruped/camera_images_plane1/frame_0086.png
87,0.8942441034756305,-0.2056657787589875,0.2056657787589875,-0.8942441034756305,0.10512980585067466,1.2855947481366856,-1.2855947481366856,-0.10512980585067466,0.19645522323847958,0.0046195370534672,-0.007023717255603602,0.09770607,-0.116113484,-0.0067070406,[-0.07505942  0.239609    0.06750885],/home/rastic/adil_RL/isaac-sim-standalone@4.5.0-rc.36+release.19112.f59b3005.gl.linux-x86_64.release/SE952--Bittle-Quadruped/camera_images_plane1/frame_0087.png
88,0.6440604341640831,0.22859180972275306,-0.22859180972275306,-0.6440604341640831,0.05610011746545007,0.8622410486712668,-0.8622410486712668,-0.05610011746545007,0.19717359248604394,0.0014600757807726962,-0.007592607306616078,-0.17059267,0.048548225,0.05159925,[ 0.00909365  0.23455392 -0.01154255],/home/rastic/adil_RL/isaac-sim-standalone@4.5.0-rc.36+release.19112.f59b3005.gl.linux-x86_64.release/SE952--Bittle-Quadruped/camera_images_plane1/frame_0088.png
89,0.2659994834108329,0.5241107230792881,-0.5241107230792881,-0.2659994834108329,0.36393330928536516,0.9916712323264243,-0.9916712323264243,-0.36393330928536516,0.1926670693185887,0.002322707085401587,-0.005785205314180228,-0.1687925,0.12956786,0.07979808,[ 0.07618256  0.2414268  -0.01686337],/home/rastic/adil_RL/isaac-sim-standalone@4.5.0-rc.36+release.19112.f59b3005.gl.linux-x86_64.release/SE952--Bittle-Quadruped/camera_images_plane1/frame_0089.png
90,-0.3785120944272593,0.38606980851662875,-0.38606980851662875,0.3785120944272593,1.5705058203660498,1.5705066875717828,-1.5705066875717828,-1.57050582036605,0.18928708880581618,0.004571950158314271,-0.004852736283221882,0.24142078,-0.095794246,-0.019790044,[0.00796241 0.25254917 0.03001467],/home/rastic/adil_RL/isaac-sim-standalone@4.5.0-rc.36+release.19112.f59b3005.gl.linux-x86_64.release/SE952--Bittle-Quadruped/camera_images_plane1/frame_0090.png
91,-0.24911431753615787,0.9299022567987435,-0.9299022567987435,0.24911431753615787,1.3508941542995663,0.28368913016758845,-0.28368913016758823,-1.3508941542995663,0.1939114969531538,0.0042280848383057755,-0.003997560402977072,-0.06842247,0.15919268,0.11104899,[ 0.06487038  0.20763509 -0.04711531],/home/rastic/adil_RL/isaac-sim-standalone@4.5.0-rc.36+release.19112.f59b3005.gl.linux-x86_64.release/SE952--Bittle-Quadruped/camera_images_plane1/frame_0091.png
92,0.18534972643049885,0.7235410472184046,-0.7235410472184046,-0.18534972643049885,0.886023257575131,0.03636941732588572,-0.03636941732588572,-0.886023257575131,0.1903047337409231,0.007261076950903619,-0.0010159185097212357,-0.07653283,0.05776757,0.01766649,[ 0.03669508  0.20118526 -0.03145797],/home/rastic/adil_RL/isaac-sim-standalone@4.5.0-rc.36+release.19112.f59b3005.gl.linux-x86_64.release/SE952--Bittle-Quadruped/camera_images_plane1/frame_0092.png
93,0.5173063014142831,0.37855264930072663,-0.3785526493007263,-0.5173063014142831,0.9534484518892912,0.2384944407995675,-0.23849444079956783,-0.9534484518892912,0.18740196921822444,0.009216398091540802,0.0001226273877115364,-0.113104016,0.018016145,0.040493943,[ 0.01309386  0.21769    -0.0672321 ],/home/rastic/adil_RL/isaac-sim-standalone@4.5.0-rc.36+release.19112.f59b3005.gl.linux-x86_64.release/SE952--Bittle-Quadruped/camera_images_plane1/frame_0093.png
94,0.3845595372344861,-0.274894198799871,0.27489419879987076,-0.3845595372344859,1.570506506578809,1.3921273959878904,-1.39212739598789,-1.5705065065788093,0.18577823819528885,0.010441084109480145,0.0024542829837133516,0.12026289,0.0040068068,0.011576764,[0.00603969 0.27751973 0.04688608],/home/rastic/adil_RL/isaac-sim-standalone@4.5.0-rc.36+release.19112.f59b3005.gl.linux-x86_64.release/SE952--Bittle-Quadruped/camera_images_plane1/frame_0094.png
95,0.9227180053711993,-0.3748975433147128,0.3748975433147128,-0.9227180053711993,0.3499811878517497,1.5705053931961057,-1.5705053931961057,-0.3499811878517499,0.18697765290641943,0.008681128805575651,0.0007009864068920526,-0.05838969,-0.20953465,-0.152142,[-0.04811333  0.22514397 -0.05902148],/home/rastic/adil_RL/isaac-sim-standalone@4.5.0-rc.36+release.19112.f59b3005.gl.linux-x86_64.release/SE952--Bittle-Quadruped/camera_images_plane1/frame_0095.png
96,0.7691066400978508,0.10513085040430914,-0.10513085040430914,-0.7691066400978508,0.035038015117683674,0.9418208296883301,-0.9418208296883301,-0.035038015117683674,0.1834274072086642,0.004114007540727473,-0.004647745004698048,0.0013106856,-0.116294906,-0.08054052,[-0.06210391  0.19694345  0.00788817],/home/rastic/adil_RL/isaac-sim-standalone@4.5.0-rc.36+release.19112.f59b3005.gl.linux-x86_64.release/SE952--Bittle-Quadruped/camera_images_plane1/frame_0096.png
97,0.4388469070113461,0.49520160330700547,-0.49520160330700547,-0.4388469070113461,0.18296799974462863,0.8962391445919586,-0.8962391445919586,-0.18296799974462863,0.181038941918314,0.001119661844516155,-0.008006550594838346,-0.17991233,-0.015065932,-0.06677199,[-0.01064129  0.19216083 -0.05095425],/home/rastic/adil_RL/isaac-sim-standalone@4.5.0-rc.36+release.19112.f59b3005.gl.linux-x86_64.release/SE952--Bittle-Quadruped/camera_images_plane1/frame_0097.png
98,-0.21564591481568107,0.37646638286221146,-0.37646638286221146,0.2156459148156813,1.3001548138382326,1.5705055444023315,-1.5705055444023315,-1.300154813838233,0.18006270192110174,-0.0007232084802279988,-0.011824522341801353,0.28820533,-0.08902372,-0.08331656,[-0.026757    0.3775326   0.09455312],/home/rastic/adil_RL/isaac-sim-standalone@4.5.0-rc.36+release.19112.f59b3005.gl.linux-x86_64.release/SE952--Bittle-Quadruped/camera_images_plane1/frame_0098.png
99,-0.38197763156218656,0.897185431533214,-0.897185431533214,0.3819776315621868,1.5705062323943908,0.4660343747464717,-0.46603437474647147,-1.5705062323943912,0.18501514323706145,-0.0011231264830874827,-0.012672133504831646,-0.066261016,0.18225357,0.06628884,[ 0.0285357   0.24924043 -0.02384334],/home/rastic/adil_RL/isaac-sim-standalone@4.5.0-rc.36+release.19112.f59b3005.gl.linux-x86_64.release/SE952--Bittle-Quadruped/camera_images_plane1/frame_0099.png
100,0.04702577547268172,0.8309046372898199,-0.8309046372898199,-0.04702577547268194,0.9909029282842914,0.05011602327174014,-0.05011602327174014,-0.9909029282842909,0.18411697579027222,0.004483768839029756,-0.010629245667975051,0.10823353,0.092671946,-0.010172035,[0.07127567 0.22041954 0.08085142],/home/rastic/adil_RL/isaac-sim-standalone@4.5.0-rc.36+release.19112.f59b3005.gl.linux-x86_64.release/SE952--Bittle-Quadruped/camera_images_plane1/frame_0100.png
101,0.4706881612445628,0.524568095348057,-0.524568095348057,-0.4706881612445628,0.8639013545791427,0.11798871061544558,-0.11798871061544558,-0.8639013545791427,0.18541478062579633,0.007923035888543747,-0.01052188878930071,-0.099158034,0.03977427,-0.018339252,[ 0.03576142  0.24089758 -0.04974133],/home/rastic/adil_RL/isaac-sim-standalone@4.5.0-rc.36+release.19112.f59b3005.gl.linux-x86_64.release/SE952--Bittle-Quadruped/camera_images_plane1/frame_0101.png
102,0.44348185447400046,0.13303488075844694,-0.13303488075844694,-0.4434818544740007,1.4115923261044752,0.5496634083969942,-0.5496634083969942,-1.411592326104475,0.18604371497307737,0.010213889820931259,-0.009946626783708938,0.3266838,0.0074653253,-0.012593512,[0.01131562 0.41594705 0.10824439],/home/rastic/adil_RL/isaac-sim-standalone@4.5.0-rc.36+release.19112.f59b3005.gl.linux-x86_64.release/SE952--Bittle-Quadruped/camera_images_plane1/frame_0102.png
103,0.8626513382235681,-0.38567918278935553,0.38567918278935553,-0.8626513382235681,0.5753140462746882,1.5705066751178896,-1.5705066751178896,-0.5753140462746882,0.19132961913210417,0.010217490501887208,-0.01084374816562119,-0.027532283,-0.18825376,-0.10209992,[-0.04236746  0.27004316  0.00381234],/home/rastic/adil_RL/isaac-sim-standalone@4.5.0-rc.36+release.19112.f59b3005.gl.linux-x86_64.release/SE952--Bittle-Quadruped/camera_images_plane1/frame_0103.png
104,0.8743454322310135,-0.019985395597196476,0.019985395597196476,-0.8743454322310135,0.08042151193455438,1.056080201105095,-1.056080201105095,-0.08042151193455438,0.19150048353797525,0.004817953346382592,-0.014434246397264941,0.17375813,-0.2052133,-0.03023854,[-0.10580132  0.20501924  0.08029379],/home/rastic/adil_RL/isaac-sim-standalone@4.5.0-rc.36+release.19112.f59b3005.gl.linux-x86_64.release/SE952--Bittle-Quadruped/camera_images_plane1/frame_0104.png
105,0.6012785416639131,0.4366865694364175,-0.4366865694364175,-0.6012785416639131,0.07419323328908134,0.8393858910892571,-0.8393858910892571,-0.07419323328908134,0.19427385028210778,0.00011159188602928371,-0.015365820704949233,-0.16396189,0.028007608,0.05245463,[-0.01911292  0.2272177  -0.03325559],/home/rastic/adil_RL/isaac-sim-standalone@4.5.0-rc.36+release.19112.f59b3005.gl.linux-x86_64.release/SE952--Bittle-Quadruped/camera_images_plane1/frame_0105.png
106,0.21083198385927449,0.4825516498501605,-0.4825516498501603,-0.21083198385927449,0.4359839478226477,1.299162459391776,-1.2991624593917765,-0.4359839478226477,0.1939835236270806,-0.0013402846463616035,-0.015040782669391699,0.24532588,0.04480517,0.041589275,[0.02485172 0.41684967 0.12276481],/home/rastic/adil_RL/isaac-sim-standalone@4.5.0-rc.36+release.19112.f59b3005.gl.linux-x86_64.release/SE952--Bittle-Quadruped/camera_images_plane1/frame_0106.png
107,-0.38404470461940265,0.8159685133188535,-0.8159685133188535,0.38404470461940265,1.5705064792931007,0.696810540977735,-0.6968105409777348,-1.5705064792931007,0.19986700475875369,-0.0009291592459708855,-0.013774038331474713,0.06819121,0.2180605,0.04434291,[0.07772631 0.26223585 0.04616264],/home/rastic/adil_RL/isaac-sim-standalone@4.5.0-rc.36+release.19112.f59b3005.gl.linux-x86_64.release/SE952--Bittle-Quadruped/camera_images_plane1/frame_0107.png
108,-0.17938887424237038,0.9046999447210378,-0.9046999447210378,0.17938887424237038,1.24844154093654,0.12341484572816519,-0.12341484572816519,-1.24844154093654,0.2023692811796019,0.005106848510495572,-0.0115400502434298,0.14987028,0.10030381,-0.015758993,[0.07456366 0.2412994  0.08941212],/home/rastic/adil_RL/isaac-sim-standalone@4.5.0-rc.36+release.19112.f59b3005.gl.linux-x86_64.release/SE952--Bittle-Quadruped/camera_images_plane1/frame_0108.png
109,0.24990311888846262,0.6684462212112169,-0.6684462212112169,-0.24990311888846262,0.8523208001889875,0.048002963684016575,-0.048002963684016575,-0.8523208001889875,0.20472297281942098,0.008000328798753788,-0.011943308882468523,-0.12391834,-0.04958524,-0.07014407,[ 0.00854245  0.24505003 -0.04118288],/home/rastic/adil_RL/isaac-sim-standalone@4.5.0-rc.36+release.19112.f59b3005.gl.linux-x86_64.release/SE952--Bittle-Quadruped/camera_images_plane1/frame_0109.png
110,0.525978350542393,0.28814966319172564,-0.28814966319172564,-0.525978350542393,1.0116932769202416,0.3369781848771487,-0.3369781848771487,-1.0116932769202416,0.20129077154364017,0.008766090077639097,-0.013667366196660693,-0.09581183,-0.041391164,-0.04306787,[-0.01793502  0.26520032 -0.04413525],/home/rastic/adil_RL/isaac-sim-standalone@4.5.0-rc.36+release.19112.f59b3005.gl.linux-x86_64.release/SE952--Bittle-Quadruped/camera_images_plane1/frame_0110.png
111,0.4243101311556938,-0.3763833496487128,0.3763833496487128,-0.4243101311556938,1.4972759406058516,1.570505568469223,-1.570505568469223,-1.4972759406058516,0.19968676258065954,0.009052903180209545,-0.013639505202087553,0.08955018,-0.18917039,0.004478126,[-0.05446135  0.23177497  0.00882435],/home/rastic/adil_RL/isaac-sim-standalone@4.5.0-rc.36+release.19112.f59b3005.gl.linux-x86_64.release/SE952--Bittle-Quadruped/camera_images_plane1/frame_0111.png
112,0.916617708597626,-0.2629135853306168,0.2629135853306168,-0.916617708597626,0.3844665603122409,1.3727204563444932,-1.3727204563444932,-0.3844665603122409,0.20022586910240572,0.005562099436171774,-0.015237538325716862,-0.02759184,-0.20119078,-0.11246725,[-0.08484457  0.24592501 -0.05576529],/home/rastic/adil_RL/isaac-sim-standalone@4.5.0-rc.36+release.19112.f59b3005.gl.linux-x86_64.release/SE952--Bittle-Quadruped/camera_images_plane1/frame_0112.png
113,0.8648153291704678,0.17426125717424013,-0.17426125717424013,-0.8648153291704678,0.07160858776819068,0.8928629565054884,-0.8928629565054884,-0.07160858776819068,0.19816631805869084,0.0013689398384597636,-0.019132800968317376,0.029815523,-0.10155574,-0.04562316,[-0.04896579  0.22391027  0.03155597],/home/rastic/adil_RL/isaac-sim-standalone@4.5.0-rc.36+release.19112.f59b3005.gl.linux-x86_64.release/SE952--Bittle-Quadruped/camera_images_plane1/frame_0113.png
114,0.5461470783972601,0.5131832518589743,-0.5131832518589743,-0.5461470783972601,0.1042602755041746,0.9384394535515252,-0.9384394535515252,-0.1042602755041746,0.19764949691422654,-0.0005678513858171247,-0.020423857611957648,-0.15001668,0.09258135,0.04355486,[ 0.03467489  0.21712339 -0.01239134],/home/rastic/adil_RL/isaac-sim-standalone@4.5.0-rc.36+release.19112.f59b3005.gl.linux-x86_64.release/SE952--Bittle-Quadruped/camera_images_plane1/frame_0114.png
115,0.1521703334470934,0.3830316239288376,-0.3830316239288376,-0.1521703334470934,0.5203845001696027,1.5705063239288657,-1.5705063239288657,-0.5203845001696027,0.197257673848484,0.00019196933253298564,-0.020167496331638654,0.24427609,0.055876315,-0.016399309,[0.05998969 0.404059   0.14455174],/home/rastic/adil_RL/isaac-sim-standalone@4.5.0-rc.36+release.19112.f59b3005.gl.linux-x86_64.release/SE952--Bittle-Quadruped/camera_images_plane1/frame_0115.png
116,-0.3857840054779096,0.9162171210264451,-0.9162171210264451,0.3857840054779096,1.5705066876944642,0.386487765165036,-0.386487765165036,-1.570506687694464,0.20165465259374526,0.001291490053290213,-0.019442877453684917,0.08051775,0.03161791,0.06764382,[ 0.06100649  0.21279858 -0.04476903],/home/rastic/adil_RL/isaac-sim-standalone@4.5.0-rc.36+release.19112.f59b3005.gl.linux-x86_64.release/SE952--Bittle-Quadruped/camera_images_plane1/frame_0116.png
117,-0.03376776172675866,0.7943269872981682,-0.7943269872981682,0.03376776172675888,1.0706117424842336,0.038379353915700465,-0.038379353915700465,-1.070611742484234,0.20322238129482798,0.00361017596015151,-0.01794557439560304,-0.03109511,0.0992195,-0.021559726,[0.06243597 0.23216927 0.00901534],/home/rastic/adil_RL/isaac-sim-standalone@4.5.0-rc.36+release.19112.f59b3005.gl.linux-x86_64.release/SE952--Bittle-Quadruped/camera_images_plane1/frame_0117.png
118,0.4252816697832309,0.47464231238711363,-0.47464231238711363,-0.4252816697832309,0.8343394220321223,0.15382792279880764,-0.15382792279880764,-0.8343394220321223,0.20020944023289744,0.007041878989326981,-0.01717954193285015,-0.21154955,0.0761717,0.033699147,[ 0.05161357  0.26046258 -0.10910121],/home/rastic/adil_RL/isaac-sim-standalone@4.5.0-rc.36+release.19112.f59b3005.gl.linux-x86_64.release/SE952--Bittle-Quadruped/camera_images_plane1/frame_0118.png
119,0.4892259539717636,0.09214386807500907,-0.09214386807500907,-0.4892259539717636,1.2765589634418688,0.615103744425443,-0.615103744425443,-1.2765589634418686,0.1972841505621978,0.009249049790020726,-0.015142923997143301,0.27107435,0.022242157,-0.016479485,[0.01754085 0.44224834 0.09569132],/home/rastic/adil_RL/isaac-sim-standalone@4.5.0-rc.36+release.19112.f59b3005.gl.linux-x86_64.release/SE952--Bittle-Quadruped/camera_images_plane1/frame_0119.png
120,0.8058543308165202,-0.38467235718858994,0.38467235718858994,-0.8058543308165196,0.7210215825978741,1.5705065544292443,-1.5705065544292443,-0.7210215825978754,0.2027498180091146,0.008603932319623376,-0.01571761398504275,0.096981116,-0.25783077,-0.052252784,[-0.05814605  0.34384617  0.02345566],/home/rastic/adil_RL/isaac-sim-standalone@4.5.0-rc.36+release.19112.f59b3005.gl.linux-x86_64.release/SE952--Bittle-Quadruped/camera_images_plane1/frame_0120.png
121,0.9078432908079699,0.006687551053510266,-0.006687551053510488,-0.9078432908079699,0.13004076603173997,1.0290488764249006,-1.0290488764249004,-0.13004076603173997,0.2052276028047802,0.0020530480412985818,-0.018376002105847434,0.13154711,-0.123566166,-0.0059674014,[-0.08907025  0.3098439   0.06364296],/home/rastic/adil_RL/isaac-sim-standalone@4.5.0-rc.36+release.19112.f59b3005.gl.linux-x86_64.release/SE952--Bittle-Quadruped/camera_images_plane1/frame_0121.png
122,0.6756819727437825,0.44940342174654435,-0.44940342174654435,-0.6756819727437825,0.04593002528906209,0.8466615198029988,-0.8466615198029988,-0.04593002528906209,0.20662678786532918,-0.0009827423327144215,-0.01844929283802345,-0.167021,0.048567064,0.063722946,[ 0.00413325  0.31276157 -0.04396769],/home/rastic/adil_RL/isaac-sim-standalone@4.5.0-rc.36+release.19112.f59b3005.gl.linux-x86_64.release/SE952--Bittle-Quadruped/camera_images_plane1/frame_0122.png
123,0.2831703584817741,0.47259915443368583,-0.47259915443368583,-0.2831703584817741,0.3429398201134545,1.3305511724236838,-1.3305511724236838,-0.3429398201134545,0.20431102330836273,-0.001290181427567303,-0.01757410822715477,0.20925328,0.089064166,0.03387212,[0.05995245 0.484187   0.11763202],/home/rastic/adil_RL/isaac-sim-standalone@4.5.0-rc.36+release.19112.f59b3005.gl.linux-x86_64.release/SE952--Bittle-Quadruped/camera_images_plane1/frame_0123.png
124,-0.3783871799224361,0.8293495425452129,-0.8293495425452135,0.3783871799224361,1.5705058055595211,0.6638273723648529,-0.6638273723648518,-1.570505805559521,0.20847762298319597,0.00044730039408031816,-0.016524548878944466,0.25966007,0.102668345,-0.011202026,[ 0.07244693  0.3196668  -0.01343883],/home/rastic/adil_RL/isaac-sim-standalone@4.5.0-rc.36+release.19112.f59b3005.gl.linux-x86_64.release/SE952--Bittle-Quadruped/camera_images_plane1/frame_0124.png
125,-0.23756765606359997,0.8991917161178311,-0.8991917161178313,0.23756765606359997,1.3330463261098247,0.11316391188662878,-0.11316391188662855,-1.3330463261098247,0.21355422374515598,0.00309322988283964,-0.016308773337782034,0.16043569,0.12538362,0.00090978196,[0.09228858 0.30185398 0.11142905],/home/rastic/adil_RL/isaac-sim-standalone@4.5.0-rc.36+release.19112.f59b3005.gl.linux-x86_64.release/SE952--Bittle-Quadruped/camera_images_plane1/frame_0125.png
126,0.20039721994161908,0.6557399778507389,-0.6557399778507389,-0.20039721994161908,0.8772152697965674,0.052012221164667194,-0.052012221164667194,-0.8772152697965674,0.21629157767188603,0.006359437504844429,-0.016163472670126744,-0.07355619,-0.008484888,-0.07191725,[ 0.01821859  0.30219835 -0.0262038 ],/home/rastic/adil_RL/isaac-sim-standalone@4.5.0-rc.36+release.19112.f59b3005.gl.linux-x86_64.release/SE952--Bittle-Quadruped/camera_images_plane1/frame_0126.png
127,0.5198252783736201,0.2777527222897441,-0.2777527222897441,-0.5198252783736201,0.9647596187101997,0.3494906189645073,-0.34949061896450717,-0.9647596187101997,0.2119291179800421,0.007516360834628895,-0.01805229512265607,-0.20730808,-0.057303343,-0.057131097,[-0.0153609   0.3010026  -0.06643941],/home/rastic/adil_RL/isaac-sim-standalone@4.5.0-rc.36+release.19112.f59b3005.gl.linux-x86_64.release/SE952--Bittle-Quadruped/camera_images_plane1/frame_0127.png
128,0.3854154715115068,-0.37724001571368615,0.37724001571368593,-0.385415471511507,1.5705066091001345,1.5705056697294209,-1.5705056697294206,-1.5705066091001343,0.207343912288631,0.007473342768009618,-0.018873714858369358,0.03136134,-0.0018326174,-0.0027510677,[-0.01742927  0.34347323  0.00238864],/home/rastic/adil_RL/isaac-sim-standalone@4.5.0-rc.36+release.19112.f59b3005.gl.linux-x86_64.release/SE952--Bittle-Quadruped/camera_images_plane1/frame_0128.png
129,0.9265055231365373,-0.2590707775819534,0.2590707775819534,-0.9265055231365374,0.3223784424178344,1.36658668486377,-1.36658668486377,-0.3223784424178341,0.20686144835802772,0.005700575328954348,-0.020554680988775175,-0.09270689,-0.16129291,-0.10867928,[-0.05795805  0.27991483 -0.07476673],/home/rastic/adil_RL/isaac-sim-standalone@4.5.0-rc.36+release.19112.f59b3005.gl.linux-x86_64.release/SE952--Bittle-Quadruped/camera_images_plane1/frame_0129.png
130,0.7480515370836115,0.17727033052602392,-0.17727033052602326,-0.7480515370836115,0.03459107007797746,0.8909780393126199,-0.890978039312621,-0.03459107007797746,0.2018639984538222,0.0018962924092020455,-0.024639133677426678,-0.09951726,-0.08569184,-0.04846219,[-0.05069988  0.24093136 -0.04243299],/home/rastic/adil_RL/isaac-sim-standalone@4.5.0-rc.36+release.19112.f59b3005.gl.linux-x86_64.release/SE952--Bittle-Quadruped/camera_images_plane1/frame_0130.png
131,0.41042416386682,0.5157112296169322,-0.5157112296169322,-0.41042416386682,0.20813657212060532,0.947223502676426,-0.947223502676426,-0.20813657212060532,0.1978848743786417,-0.0004143950182337332,-0.026425738561580724,-0.15854712,0.006052098,0.008178264,[ 0.0231122   0.22262286 -0.05992455],/home/rastic/adil_RL/isaac-sim-standalone@4.5.0-rc.36+release.19112.f59b3005.gl.linux-x86_64.release/SE952--Bittle-Quadruped/camera_images_plane1/frame_0131.png
132,-0.24386232944943576,0.38409533442917154,-0.38409533442917154,0.24386232944943576,1.3427300900708514,1.5705064510382787,-1.5705064510382785,-1.3427300900708514,0.19539330515113887,-0.0010426304795160659,-0.027469966053784475,0.107158646,-0.007924474,-0.025764707,[0.00311326 0.32763    0.06408903],/home/rastic/adil_RL/isaac-sim-standalone@4.5.0-rc.36+release.19112.f59b3005.gl.linux-x86_64.release/SE952--Bittle-Quadruped/camera_images_plane1/frame_0132.png
133,-0.37886878950739167,0.9211348939974567,-0.921134893997457,0.37886878950739167,1.5705058626635742,0.3597568785345632,-0.35975687853456295,-1.5705058626635742,0.19785098826051697,-0.0006098898971433194,-0.025526076056867106,-0.09049361,0.21471463,0.16741453,[ 0.06089135  0.22207159 -0.05830817],/home/rastic/adil_RL/isaac-sim-standalone@4.5.0-rc.36+release.19112.f59b3005.gl.linux-x86_64.release/SE952--Bittle-Quadruped/camera_images_plane1/frame_0133.png
134,0.07690901448988274,0.7748680868428519,-0.7748680868428519,-0.07690901448988274,0.9647841277273004,0.035513980003938794,-0.035513980003938794,-0.9647841277273004,0.19366800300204057,0.004199221964166883,-0.020193046551173044,-0.08514555,0.0976021,0.049479265,[ 0.05485353  0.2089691  -0.01179348],/home/rastic/adil_RL/isaac-sim-standalone@4.5.0-rc.36+release.19112.f59b3005.gl.linux-x86_64.release/SE952--Bittle-Quadruped/camera_images_plane1/frame_0134.png
135,0.4842610459419314,0.4459965694205006,-0.4459965694205006,-0.48426104594193164,0.8795631840475504,0.17691951271162298,-0.17691951271162298,-0.8795631840475502,0.19029965624268175,0.006874512545551555,-0.017964140693735916,-0.1674768,0.06500967,0.06524237,[ 0.04203045  0.21182524 -0.07980896],/home/rastic/adil_RL/isaac-sim-standalone@4.5.0-rc.36+release.19112.f59b3005.gl.linux-x86_64.release/SE952--Bittle-Quadruped/camera_images_plane1/frame_0135.png
136,0.40780610679292906,-0.20993376502332506,0.20993376502332506,-0.40780610679292906,1.4971355409568647,1.2917903617190418,-1.2917903617190418,-1.4971355409568647,0.18816999182231955,0.009571640687001661,-0.013692312714261516,0.27239147,0.052546374,0.05093023,[0.02153286 0.39343    0.09040961],/home/rastic/adil_RL/isaac-sim-standalone@4.5.0-rc.36+release.19112.f59b3005.gl.linux-x86_64.release/SE952--Bittle-Quadruped/camera_images_plane1/frame_0136.png
137,0.8825501207035562,-0.3824323772437779,0.38243237724377765,-0.8825501207035562,0.515636755075481,1.5705062866382535,-1.5705062866382533,-0.5156367550754812,0.19243534994167968,0.009246072224433776,-0.013604651210184051,-0.0024744729,-0.18045573,-0.09091214,[-0.03623706  0.28687114 -0.0279096 ],/home/rastic/adil_RL/isaac-sim-standalone@4.5.0-rc.36+release.19112.f59b3005.gl.linux-x86_64.release/SE952--Bittle-Quadruped/camera_images_plane1/frame_0137.png
138,0.8523355626695784,0.04230505420701092,-0.04230505420701092,-0.8523355626695784,0.062149591096523404,0.9951963899577982,-0.995196389957798,-0.062149591096523404,0.19216571009271471,0.004082772116230252,-0.016861672332361403,0.08759055,-0.13688546,-0.012061787,[-0.07486387  0.23672734  0.07867502],/home/rastic/adil_RL/isaac-sim-standalone@4.5.0-rc.36+release.19112.f59b3005.gl.linux-x86_64.release/SE952--Bittle-Quadruped/camera_images_plane1/frame_0138.png
139,0.5599737900546979,0.4686213497628897,-0.4686213497628897,-0.5599737900546979,0.09603475250410509,0.8618853086902705,-0.8618853086902705,-0.09603475250410509,0.1936211809025698,0.0002466951289090971,-0.017375584076632287,-0.16442204,0.043864593,0.06965318,[ 0.00833266  0.2548682  -0.03266729],/home/rastic/adil_RL/isaac-sim-standalone@4.5.0-rc.36+release.19112.f59b3005.gl.linux-x86_64.release/SE952--Bittle-Quadruped/camera_images_plane1/frame_0139.png
140,0.1681036052649798,0.44677861051605783,-0.44677861051605783,-0.1681036052649798,0.4966615509918636,1.4030345462329712,-1.403034546232971,-0.4966615509918636,0.19305327758734975,-0.0001273206438583843,-0.016571222325597938,0.23502126,0.054779857,0.001939677,[0.05318046 0.42600116 0.13760176],/home/rastic/adil_RL/isaac-sim-standalone@4.5.0-rc.36+release.19112.f59b3005.gl.linux-x86_64.release/SE952--Bittle-Quadruped/camera_images_plane1/frame_0140.png
141,-0.38561983915355746,0.8601257063135552,-0.860125706313555,0.38561983915355746,1.5705066679988238,0.5824433533543161,-0.5824433533543165,-1.5705066679988238,0.19831325650580908,0.0008787742084313587,-0.016086438309163894,0.1775544,0.053482007,0.019415135,[0.0926173  0.26549396 0.02881996],/home/rastic/adil_RL/isaac-sim-standalone@4.5.0-rc.36+release.19112.f59b3005.gl.linux-x86_64.release/SE952--Bittle-Quadruped/camera_images_plane1/frame_0141.png
142,-0.13960857189405984,0.8764312060016416,-0.8764312060016416,0.13960857189405962,1.1952926740017813,0.08256939162206611,-0.08256939162206611,-1.1952926740017809,0.20221048265378644,0.005057907808435519,-0.014548623826300207,0.17707479,0.12758325,-0.001721831,[0.08105441 0.25328204 0.11045259],/home/rastic/adil_RL/isaac-sim-standalone@4.5.0-rc.36+release.19112.f59b3005.gl.linux-x86_64.release/SE952--Bittle-Quadruped/camera_images_plane1/frame_0142.png
143,0.28450424361029913,0.6041578238296198,-0.6041578238296198,-0.28450424361029913,0.8390064235170787,0.0728272462261198,-0.0728272462261198,-0.8390064235170787,0.20554090327693428,0.008170432045390717,-0.014646991383429975,-0.06083343,-0.01202577,-0.066926524,[ 0.00690418  0.25699568 -0.03163183],/home/rastic/adil_RL/isaac-sim-standalone@4.5.0-rc.36+release.19112.f59b3005.gl.linux-x86_64.release/SE952--Bittle-Quadruped/camera_images_plane1/frame_0143.png
144,0.5269789895202772,0.22182007543192306,-0.22182007543192306,-0.5269789895202772,1.051643108051662,0.4210700130522991,-0.4210700130522992,-1.051643108051662,0.20404409427807976,0.009331887988771667,-0.015617987971483595,-0.013000896,-0.019383844,-0.04098524,[-0.03051324  0.30262536  0.01528863],/home/rastic/adil_RL/isaac-sim-standalone@4.5.0-rc.36+release.19112.f59b3005.gl.linux-x86_64.release/SE952--Bittle-Quadruped/camera_images_plane1/frame_0144.png
145,0.5673672250471165,-0.382809321385986,0.382809321385986,-0.5673672250471165,1.2154389359154194,1.5705063316327355,-1.5705063316327357,-1.2154389359154194,0.20458193649200887,0.00886199301970414,-0.01586801560679458,0.04046403,-0.2296064,-0.013920374,[-0.08661435  0.23878205  0.01332592],/home/rastic/adil_RL/isaac-sim-standalone@4.5.0-rc.36+release.19112.f59b3005.gl.linux-x86_64.release/SE952--Bittle-Quadruped/camera_images_plane1/frame_0145.png
146,0.9261556861063559,-0.2032437021491218,0.2032437021491218,-0.9261556861063559,0.32529323924127584,1.2820991260536985,-1.2820991260536985,-0.32529323924127584,0.20601627792356444,0.003873160013813048,-0.018017774316034598,0.1506691,-0.20595595,-0.051122215,[-0.09208928  0.31864786  0.04132298],/home/rastic/adil_RL/isaac-sim-standalone@4.5.0-rc.36+release.19112.f59b3005.gl.linux-x86_64.release/SE952--Bittle-Quadruped/camera_images_plane1/frame_0146.png
147,0.836399315215054,0.2257510826394702,-0.2257510826394702,-0.836399315215054,0.052768599045367126,0.8636564113647207,-0.8636564113647207,-0.052768599045367126,0.20772251265865177,7.75372609503886e-06,-0.02013324055092988,-0.019922744,-0.08183,-0.012501363,[-0.04750727  0.2471191  -0.01402792],/home/rastic/adil_RL/isaac-sim-standalone@4.5.0-rc.36+release.19112.f59b3005.gl.linux-x86_64.release/SE952--Bittle-Quadruped/camera_images_plane1/frame_0147.png
148,0.4961628163016749,0.523042568998964,-0.523042568998964,-0.4961628163016749,0.13768825273596996,0.9835080683177717,-0.9835080683177717,-0.13768825273596996,0.2065138660326069,-0.0022464988556972145,-0.020086998876448787,-0.12491257,0.084908344,0.08793087,[ 0.03523817  0.24030504 -0.02193253],/home/rastic/adil_RL/isaac-sim-standalone@4.5.0-rc.36+release.19112.f59b3005.gl.linux-x86_64.release/SE952--Bittle-Quadruped/camera_images_plane1/frame_0148.png
149,0.1029562148666201,0.385869305748503,-0.385869305748503,-0.1029562148666201,0.5974209862189725,1.5705066635174791,-1.5705066635174791,-0.5974209862189727,0.2059036908186928,-0.0017927979642518605,-0.019195795900911854,0.25107977,0.030177673,-0.0072367103,[0.01910156 0.4068114  0.12880374],/home/rastic/adil_RL/isaac-sim-standalone@4.5.0-rc.36+release.19112.f59b3005.gl.linux-x86_64.release/SE952--Bittle-Quadruped/camera_images_plane1/frame_0149.png
150,-0.38459051888855234,0.9278036204083697,-0.9278036204083697,0.38459051888855234,1.570506544628003,0.31047463351368476,-0.31047463351368476,-1.570506544628003,0.21100734502898194,-0.001580796397225879,-0.017845767552836064,0.057678677,0.09935866,0.10722175,[ 0.06116572  0.26081493 -0.00331031],/home/rastic/adil_RL/isaac-sim-standalone@4.5.0-rc.36+release.19112.f59b3005.gl.linux-x86_64.release/SE952--Bittle-Quadruped/camera_images_plane1/frame_0150.png
151,0.01558627406811075,0.7455850385797976,-0.7455850385797976,-0.01558627406811075,1.020350397328676,0.03466326168574807,-0.03466326168574807,-1.020350397328676,0.20913764594405476,0.0014010358063025685,-0.01365768564768957,-0.20215076,0.10876186,0.07338924,[ 0.06166995  0.25963628 -0.07720539],/home/rastic/adil_RL/isaac-sim-standalone@4.5.0-rc.36+release.19112.f59b3005.gl.linux-x86_64.release/SE952--Bittle-Quadruped/camera_images_plane1/frame_0151.png
152,0.4573610016785181,0.4116227451046498,-0.4116227451046498,-0.4573610016785181,0.8522652858131459,0.2070389758739798,-0.2070389758739798,-0.8522652858131459,0.20128718370355214,0.005116277343419375,-0.00956110635315335,-0.30351138,0.101239376,0.10043736,[ 0.0676388   0.23827152 -0.13505249],/home/rastic/adil_RL/isaac-sim-standalone@4.5.0-rc.36+release.19112.f59b3005.gl.linux-x86_64.release/SE952--Bittle-Quadruped/camera_images_plane1/frame_0152.png
153,0.46017450958628525,-0.23565414878387747,0.23565414878387747,-0.46017450958628525,1.36677416731483,1.3301241321007071,-1.3301241321007071,-1.3667741673148297,0.19574956053192646,0.00812779561355072,-0.0057981531320829335,0.07809779,-0.0021255808,0.04481365,[ 0.01120098  0.36336517 -0.0013142 ],/home/rastic/adil_RL/isaac-sim-standalone@4.5.0-rc.36+release.19112.f59b3005.gl.linux-x86_64.release/SE952--Bittle-Quadruped/camera_images_plane1/frame_0153.png
154,0.850029458773828,-0.38038083161205694,0.3803808316120567,-0.850029458773828,0.6101685893694972,1.570506042247672,-1.5705060422476715,-0.6101685893694972,0.195403710710017,0.0061330914352216446,-0.006176235047523916,-0.10039872,-0.2296367,-0.08851023,[-0.05217313  0.28177372 -0.10032212],/home/rastic/adil_RL/isaac-sim-standalone@4.5.0-rc.36+release.19112.f59b3005.gl.linux-x86_64.release/SE952--Bittle-Quadruped/camera_images_plane1/frame_0154.png
155,0.8822707949375863,0.060160622530998076,-0.060160622530998076,-0.8822707949375863,0.08906785598845246,0.9791965285770088,-0.9791965285770086,-0.08906785598845246,0.19201198842291334,-0.00030049070935285395,-0.00969927735819337,0.0068259384,-0.1127048,-0.011415506,[-0.07036036  0.23512089  0.02645602],/home/rastic/adil_RL/isaac-sim-standalone@4.5.0-rc.36+release.19112.f59b3005.gl.linux-x86_64.release/SE952--Bittle-Quadruped/camera_images_plane1/frame_0155.png
156,0.6141172049712254,0.47560348868799407,-0.47560348868799407,-0.6141172049712254,0.0682641999093736,0.8690563929953075,-0.8690563929953075,-0.0682641999093736,0.19093466893771177,-0.002994814009239409,-0.010063283918910298,-0.16113001,0.03190784,0.061917674,[ 0.01726905  0.22558251 -0.02831354],/home/rastic/adil_RL/isaac-sim-standalone@4.5.0-rc.36+release.19112.f59b3005.gl.linux-x86_64.release/SE952--Bittle-Quadruped/camera_images_plane1/frame_0156.png
157,0.21849913769952645,0.43578697069460315,-0.43578697069460315,-0.21849913769952645,0.4255477993867407,1.4310782153889552,-1.4310782153889552,-0.4255477993867407,0.18974977254360118,-0.003185482495100968,-0.00930354259179187,0.25271693,0.06592128,0.0049749385,[0.05171675 0.41430843 0.13346678],/home/rastic/adil_RL/isaac-sim-standalone@4.5.0-rc.36+release.19112.f59b3005.gl.linux-x86_64.release/SE952--Bittle-Quadruped/camera_images_plane1/frame_0157.png
158,-0.3838410135802435,0.8670101227823059,-0.8670101227823059,0.3838410135802435,1.5705064549259795,0.5628040655336723,-0.5628040655336723,-1.5705064549259793,0.1951783563855689,-0.0020096699730699384,-0.008700662977588751,0.13066676,0.08740508,0.025302894,[0.08301356 0.2667463  0.01963887],/home/rastic/adil_RL/isaac-sim-standalone@4.5.0-rc.36+release.19112.f59b3005.gl.linux-x86_64.release/SE952--Bittle-Quadruped/camera_images_plane1/frame_0158.png
159,-0.17960119898338278,0.8714564069691532,-0.8714564069691532,0.17960119898338278,1.2487350605738399,0.07758336388354858,-0.07758336388354858,-1.2487350605738399,0.19802985796938685,0.0016803330267339037,-0.007431849114147303,0.10899757,0.12931824,0.013005781,[0.08774836 0.23570304 0.11088479],/home/rastic/adil_RL/isaac-sim-standalone@4.5.0-rc.36+release.19112.f59b3005.gl.linux-x86_64.release/SE952--Bittle-Quadruped/camera_images_plane1/frame_0159.png
160,0.25110774484948495,0.5955309996119703,-0.5955309996119703,-0.25110774484948495,0.8517977689568172,0.07698208626097036,-0.07698208626097036,-0.8517977689568172,0.200457805200502,0.006129919756573775,-0.006806284403769251,-0.120974936,0.018351996,-0.05754259,[ 0.02081794  0.2448221  -0.02659476],/home/rastic/adil_RL/isaac-sim-standalone@4.5.0-rc.36+release.19112.f59b3005.gl.linux-x86_64.release/SE952--Bittle-Quadruped/camera_images_plane1/frame_0160.png
161,0.5261693473646374,0.21531498301688878,-0.21531498301688878,-0.5261693473646374,1.0146332681683128,0.429865274828686,-0.429865274828686,-1.014633268168313,0.19704383775961112,0.0074430189929336225,-0.007861494795070752,-0.09670758,-0.023856504,-0.021748243,[-0.01660054  0.27360332 -0.02021443],/home/rastic/adil_RL/isaac-sim-standalone@4.5.0-rc.36+release.19112.f59b3005.gl.linux-x86_64.release/SE952--Bittle-Quadruped/camera_images_plane1/frame_0161.png
162,0.45981460452957945,-0.3830999898794778,0.3830999898794776,-0.45981460452957945,1.4265272624996148,1.5705063663480212,-1.5705063663480208,-1.4265272624996148,0.19585764066094316,0.00763562570094186,-0.0074711628089131855,0.003775861,-0.1887913,0.014717085,[-0.06750392  0.25059673  0.02233314],/home/rastic/adil_RL/isaac-sim-standalone@4.5.0-rc.36+release.19112.f59b3005.gl.linux-x86_64.release/SE952--Bittle-Quadruped/camera_images_plane1/frame_0162.png
163,0.9188335598259312,-0.20137205134711555,0.20137205134711555,-0.9188335598259312,0.372833235289842,1.2794079370551734,-1.2794079370551734,-0.372833235289842,0.19709281547751326,0.0021410191025084675,-0.008302416509256878,0.027128197,-0.22911127,-0.050417054,[-0.08852454  0.26966545 -0.05700869],/home/rastic/adil_RL/isaac-sim-standalone@4.5.0-rc.36+release.19112.f59b3005.gl.linux-x86_64.release/SE952--Bittle-Quadruped/camera_images_plane1/frame_0163.png
164,0.8589058704782265,0.22640562272763987,-0.22640562272763987,-0.8589058704782265,0.06686591821265675,0.8633283964765246,-0.8633283964765246,-0.06686591821265675,0.1965129307981371,-0.0024070613978442283,-0.01057377872216157,0.06506471,-0.09503744,-0.020810124,[-0.05552797  0.25050238  0.03020059],/home/rastic/adil_RL/isaac-sim-standalone@4.5.0-rc.36+release.19112.f59b3005.gl.linux-x86_64.release/SE952--Bittle-Quadruped/camera_images_plane1/frame_0164.png
165,0.5327111161515462,0.5229811696576521,-0.5229811696576521,-0.5327111161515462,0.11268158297216502,0.9830792625051819,-0.9830792625051821,-0.11268158297216502,0.19769385077859275,-0.0043501469604129255,-0.01043792772561415,-0.041623473,0.055263743,0.10492763,[ 0.03178779  0.2674051  -0.00210971],/home/rastic/adil_RL/isaac-sim-standalone@4.5.0-rc.36+release.19112.f59b3005.gl.linux-x86_64.release/SE952--Bittle-Quadruped/camera_images_plane1/frame_0165.png
166,0.13676249346170155,0.38583084367598786,-0.38583084367598786,-0.13676249346170155,0.5438924081694235,1.5705066589040875,-1.5705066589040875,-0.5438924081694235,0.1989047592918369,-0.003995918126972162,-0.00896977264482138,0.31489784,0.018261198,-0.016577777,[0.01235337 0.4415701  0.14347884],/home/rastic/adil_RL/isaac-sim-standalone@4.5.0-rc.36+release.19112.f59b3005.gl.linux-x86_64.release/SE952--Bittle-Quadruped/camera_images_plane1/frame_0166.png
167,-0.38561352210270483,0.9274199342825186,-0.9274199342825188,0.38561352210270483,1.5705066672410495,0.3142038002973836,-0.3142038002973834,-1.5705066672410495,0.2050119393663146,-0.0038884589649525823,-0.008187622471997795,0.103143655,0.04425545,0.07647679,[0.04886954 0.28706    0.00959091],/home/rastic/adil_RL/isaac-sim-standalone@4.5.0-rc.36+release.19112.f59b3005.gl.linux-x86_64.release/SE952--Bittle-Quadruped/camera_images_plane1/frame_0167.png
168,-0.012221740763338484,0.7492257321565844,-0.7492257321565844,0.012221740763338484,1.0480638828235154,0.03456550626533417,-0.03456550626533417,-1.0480638828235154,0.20447646131921982,-0.0018951790110634202,-0.005854539293851334,-0.17682917,0.10251732,0.050559934,[ 0.06600688  0.27671197 -0.04339436],/home/rastic/adil_RL/isaac-sim-standalone@4.5.0-rc.36+release.19112.f59b3005.gl.linux-x86_64.release/SE952--Bittle-Quadruped/camera_images_plane1/frame_0168.png
169,0.4429166735783565,0.41675581486010704,-0.41675581486010704,-0.4429166735783565,0.8427129681008647,0.2023744855536712,-0.2023744855536712,-0.8427129681008647,0.19716071807065888,0.0022655125529358793,-0.0025321728391396814,-0.31086263,0.11858497,0.08520663,[ 0.06180688  0.27277955 -0.13005336],/home/rastic/adil_RL/isaac-sim-standalone@4.5.0-rc.36+release.19112.f59b3005.gl.linux-x86_64.release/SE952--Bittle-Quadruped/camera_images_plane1/frame_0169.png
170,0.4753235769491422,-0.22981439989594454,0.22981439989594454,-0.47532357694914196,1.3221971110333104,1.321267312402507,-1.321267312402507,-1.3221971110333106,0.19183843542958717,0.006067233130974525,0.0011481385085276787,0.07524069,-0.016097048,-0.0003935462,[ 0.00465445  0.37290812 -0.03952925],/home/rastic/adil_RL/isaac-sim-standalone@4.5.0-rc.36+release.19112.f59b3005.gl.linux-x86_64.release/SE952--Bittle-Quadruped/camera_images_plane1/frame_0170.png
171,0.8311613725310714,-0.3810697458367498,0.3810697458367498,-0.8311613725310714,0.6592670672688552,1.5705061242211587,-1.5705061242211587,-0.6592670672688552,0.19160879649557674,0.004386045131526136,3.878017936972357e-05,-0.12049021,-0.23386854,-0.087621436,[-0.06341682  0.30035347 -0.13019481],/home/rastic/adil_RL/isaac-sim-standalone@4.5.0-rc.36+release.19112.f59b3005.gl.linux-x86_64.release/SE952--Bittle-Quadruped/camera_images_plane1/frame_0171.png
172,0.8946792603346391,0.05297786404990257,-0.05297786404990279,-0.8946792603346391,0.10579829234829419,0.9855543852504345,-0.9855543852504343,-0.10579829234829419,0.18686348793558286,-0.003492590854085095,-0.004270607052377679,-0.020745957,-0.1444645,-0.039612923,[-0.09690206  0.2580548  -0.00964224],/home/rastic/adil_RL/isaac-sim-standalone@4.5.0-rc.36+release.19112.f59b3005.gl.linux-x86_64.release/SE952--Bittle-Quadruped/camera_images_plane1/frame_0172.png
173,0.6410682360537285,0.47203959350062386,-0.47203959350062386,-0.6410682360537285,0.057207970800943975,0.8652666244954867,-0.8652666244954867,-0.057207970800943975,0.18411802299505403,-0.007554770599470273,-0.006033435163050084,-0.21665537,-0.029191487,0.011138593,[-0.02562025  0.2558437  -0.08404811],/home/rastic/adil_RL/isaac-sim-standalone@4.5.0-rc.36+release.19112.f59b3005.gl.linux-x86_64.release/SE952--Bittle-Quadruped/camera_images_plane1/frame_0173.png
174,0.24535831670191321,0.44309148090016803,-0.44309148090016803,-0.24535831670191321,0.39006651501006917,1.4125970215337107,-1.412597021533711,-0.39006651501006906,0.1813414098911159,-0.00911296944473158,-0.006445859850734094,0.18728253,-0.033620533,0.004563054,[-0.01532401  0.4662547   0.06844407],/home/rastic/adil_RL/isaac-sim-standalone@4.5.0-rc.36+release.19112.f59b3005.gl.linux-x86_64.release/SE952--Bittle-Quadruped/camera_images_plane1/frame_0174.png
175,-0.38204866706614293,0.861256700670558,-0.8612567006705583,0.38204866706614293,1.5705062408650807,0.5792611705818458,-0.5792611705818456,-1.5705062408650807,0.1858455455527155,-0.01068484065892941,-0.006053125201457484,-0.15547197,0.21970129,0.07370261,[ 0.03774546  0.30984086 -0.0014691 ],/home/rastic/adil_RL/isaac-sim-standalone@4.5.0-rc.36+release.19112.f59b3005.gl.linux-x86_64.release/SE952--Bittle-Quadruped/camera_images_plane1/frame_0175.png
176,-0.20232924842326705,0.8770499208996557,-0.8770499208996557,0.20232924842326705,1.28078317048758,0.0832232438459356,-0.0832232438459356,-1.2807831704875803,0.1820808782264472,-0.0044328715544893985,-0.00362284689135078,0.09597392,0.23214021,-0.023639886,[0.13115184 0.23995183 0.05099059],/home/rastic/adil_RL/isaac-sim-standalone@4.5.0-rc.36+release.19112.f59b3005.gl.linux-x86_64.release/SE952--Bittle-Quadruped/camera_images_plane1/frame_0176.png
177,0.2314588623528422,0.6068070721486856,-0.6068070721486856,-0.2314588623528422,0.8608343663352476,0.07158885441745588,-0.07158885441745588,-0.8608343663352476,0.18322302326709086,0.0019561220793803402,-0.0034133103942250833,-0.111755654,0.08263891,-0.064329006,[ 0.06829714  0.2226812  -0.02142833],/home/rastic/adil_RL/isaac-sim-standalone@4.5.0-rc.36+release.19112.f59b3005.gl.linux-x86_64.release/SE952--Bittle-Quadruped/camera_images_plane1/frame_0177.png
178,0.5244338936212953,0.22730190523295146,-0.22730190523295146,-0.5244338936212953,0.9944670243534846,0.41373472444042403,-0.4137347244404239,-0.9944670243534846,0.1783741055472885,0.00566994177175879,-0.004141801688656164,-0.1761824,-0.008092729,-0.009686184,[ 0.01312709  0.22105289 -0.02785953],/home/rastic/adil_RL/isaac-sim-standalone@4.5.0-rc.36+release.19112.f59b3005.gl.linux-x86_64.release/SE952--Bittle-Quadruped/camera_images_plane1/frame_0178.png
179,0.38610833360600916,-0.3821805343075291,0.3821805343075291,-0.38610833360600916,1.5705066631188918,1.5705062565923602,-1.5705062565923602,-1.5705066631188915,0.17589116719448783,0.006570429318449097,-0.0038213206475250696,0.05485082,-0.25044292,0.03128147,[-0.066379    0.19134349  0.01336205],/home/rastic/adil_RL/isaac-sim-standalone@4.5.0-rc.36+release.19112.f59b3005.gl.linux-x86_64.release/SE952--Bittle-Quadruped/camera_images_plane1/frame_0179.png
180,0.924053274499987,-0.2132119803418704,0.21321198034187017,-0.924053274499987,0.34107509047920015,1.2965805402042756,-1.2965805402042754,-0.34107509047920037,0.1761661440177023,0.0012821743751091784,-0.004287219034245115,-0.07369633,-0.14486028,-0.03544981,[-0.0710973   0.16121586 -0.06155453],/home/rastic/adil_RL/isaac-sim-standalone@4.5.0-rc.36+release.19112.f59b3005.gl.linux-x86_64.release/SE952--Bittle-Quadruped/camera_images_plane1/frame_0180.png
181,0.8190019466733026,0.2161855383676674,-0.2161855383676674,-0.8190019466733026,0.045244322973289286,0.8685782451127113,-0.8685782451127113,-0.045244322973289286,0.17338727352169,-0.003024680029665654,-0.006616919623520254,0.08146374,-0.09745839,-0.031024687,[-0.06080533  0.19397984  0.05743672],/home/rastic/adil_RL/isaac-sim-standalone@4.5.0-rc.36+release.19112.f59b3005.gl.linux-x86_64.release/SE952--Bittle-Quadruped/camera_images_plane1/frame_0181.png
182,0.47772037030085746,0.5219638238424609,-0.5219638238424609,-0.47772037030085746,0.15145574577172072,0.9764620062826437,-0.9764620062826437,-0.15145574577172083,0.1752081502521669,-0.005600374596161107,-0.00701919671157714,-0.045201533,0.04718164,0.08248669,[0.01739789 0.22507647 0.00452365],/home/rastic/adil_RL/isaac-sim-standalone@4.5.0-rc.36+release.19112.f59b3005.gl.linux-x86_64.release/SE952--Bittle-Quadruped/camera_images_plane1/frame_0182.png
183,-0.1866835521464547,0.3856800034349339,-0.3856800034349339,0.1866835521464545,1.2585873898736155,1.5705066408141262,-1.5705066408141262,-1.258587389873615,0.17618949204095535,-0.005672659414736061,-0.0061919283632854835,0.23230162,0.008271468,0.014275317,[-0.00205311  0.36211994  0.09998607],/home/rastic/adil_RL/isaac-sim-standalone@4.5.0-rc.36+release.19112.f59b3005.gl.linux-x86_64.release/SE952--Bittle-Quadruped/camera_images_plane1/frame_0183.png
184,-0.3837214733772698,0.9268807133342193,-0.9268807133342195,0.3837214733772698,1.5705064406294538,0.3191306367326531,-0.3191306367326531,-1.5705064406294538,0.18160600598041846,-0.005868415037934586,-0.004056886728758894,-0.08805314,0.20490697,0.13129607,[ 0.05110613  0.2367588  -0.02346717],/home/rastic/adil_RL/isaac-sim-standalone@4.5.0-rc.36+release.19112.f59b3005.gl.linux-x86_64.release/SE952--Bittle-Quadruped/camera_images_plane1/frame_0184.png
185,0.0294655473443608,0.7509433020600421,-0.7509433020600421,-0.0294655473443608,1.007103232026551,0.03453845010914958,-0.03453845010914958,-1.0071032320265512,0.17794966205372406,-0.0006268066182459121,0.0005160326915212527,-0.046943016,0.16997519,0.06832325,[ 0.10934842  0.20545128 -0.00171094],/home/rastic/adil_RL/isaac-sim-standalone@4.5.0-rc.36+release.19112.f59b3005.gl.linux-x86_64.release/SE952--Bittle-Quadruped/camera_images_plane1/frame_0185.png
186,0.46401194260568634,0.4177117168529717,-0.4177117168529719,-0.46401194260568634,0.8576827932021782,0.20151230886077942,-0.2015123088607792,-0.8576827932021782,0.17518282528132528,0.00437267540209869,0.003636887242746774,-0.19186987,0.13060273,0.07743247,[ 0.07754669  0.20640033 -0.0739686 ],/home/rastic/adil_RL/isaac-sim-standalone@4.5.0-rc.36+release.19112.f59b3005.gl.linux-x86_64.release/SE952--Bittle-Quadruped/camera_images_plane1/frame_0186.png
187,0.45155765848831875,-0.23118438383037088,0.23118438383037088,-0.45155765848831875,1.3903857695783841,1.3233368507212036,-1.3233368507212038,-1.3903857695783841,0.1726934171987029,0.008015666310692253,0.008011788492147839,0.22056364,-0.027236631,0.058028754,[-0.00309856  0.36682945  0.03168568],/home/rastic/adil_RL/isaac-sim-standalone@4.5.0-rc.36+release.19112.f59b3005.gl.linux-x86_64.release/SE952--Bittle-Quadruped/camera_images_plane1/frame_0187.png
188,0.8582425145163908,-0.3807512023232771,0.3807512023232771,-0.858242514516391,0.5877058073049366,1.570506086306085,-1.570506086306085,-0.5877058073049364,0.175174212859789,0.005145084926800071,0.008454531711887536,-0.04497954,-0.23207843,-0.03748597,[-0.05999635  0.25765857 -0.06219885],/home/rastic/adil_RL/isaac-sim-standalone@4.5.0-rc.36+release.19112.f59b3005.gl.linux-x86_64.release/SE952--Bittle-Quadruped/camera_images_plane1/frame_0188.png
189,0.8759647646959845,0.05737990797005721,-0.05737990797005876,-0.8759647646959845,0.08208158813976363,0.9816453417430866,-0.9816453417430837,-0.08208158813976363,0.17384563438942283,-0.0015263243218322615,0.006449444289008305,0.021799505,-0.16434543,-0.019048378,[-0.09180064  0.2222889   0.04135846],/home/rastic/adil_RL/isaac-sim-standalone@4.5.0-rc.36+release.19112.f59b3005.gl.linux-x86_64.release/SE952--Bittle-Quadruped/camera_images_plane1/frame_0189.png
190,0.6017424277597242,0.47461838606619877,-0.47461838606619877,-0.6017424277597242,0.0739717484198329,0.8679804291035482,-0.8679804291035482,-0.0739717484198329,0.1731748309084748,-0.006191688104597958,0.005639556023147118,-0.20822564,0.039388616,0.057751812,[-0.00711844  0.23024069 -0.03622748],/home/rastic/adil_RL/isaac-sim-standalone@4.5.0-rc.36+release.19112.f59b3005.gl.linux-x86_64.release/SE952--Bittle-Quadruped/camera_images_plane1/frame_0190.png
191,0.20673351755481395,0.4373748243618729,-0.4373748243618729,-0.20673351755481395,0.44161881722482843,1.427110557283055,-1.427110557283055,-0.44161881722482843,0.17195997468720464,-0.006844374238005362,0.0062401480248028655,0.2654207,-0.02209177,0.006378139,[-0.00433176  0.4512093   0.09971787],/home/rastic/adil_RL/isaac-sim-standalone@4.5.0-rc.36+release.19112.f59b3005.gl.linux-x86_64.release/SE952--Bittle-Quadruped/camera_images_plane1/frame_0191.png
192,-0.38443225410051407,0.8662192631324828,-0.8662192631324828,0.38443225410051407,1.5705065256773971,0.5650941836655747,-0.5650941836655747,-1.5705065256773971,0.17723662758654113,-0.0072969966858902205,0.0064307073308904625,0.025037616,0.10814809,0.014736188,[0.04330532 0.29627421 0.00824874],/home/rastic/adil_RL/isaac-sim-standalone@4.5.0-rc.36+release.19112.f59b3005.gl.linux-x86_64.release/SE952--Bittle-Quadruped/camera_images_plane1/frame_0192.png
193,-0.1701287450741713,0.8719335393151776,-0.8719335393151776,0.1701287450741713,1.2357437588708233,0.07804153730878738,-0.07804153730878738,-1.2357437588708233,0.17661847241520637,-0.001693348278231245,0.008258022826949991,0.08416357,0.18961275,-0.009749344,[0.11761811 0.2371441  0.07894041],/home/rastic/adil_RL/isaac-sim-standalone@4.5.0-rc.36+release.19112.f59b3005.gl.linux-x86_64.release/SE952--Bittle-Quadruped/camera_images_plane1/frame_0193.png
194,0.25913950281407994,0.5962227333374177,-0.5962227333374177,-0.25913950281407994,0.8484169951345635,0.07664207783827515,-0.07664207783827515,-0.8484169951345635,0.17769586540736418,0.004643954730645676,0.008567663603390247,-0.1317198,0.03297591,-0.056843653,[ 0.04752737  0.23750666 -0.01128356],/home/rastic/adil_RL/isaac-sim-standalone@4.5.0-rc.36+release.19112.f59b3005.gl.linux-x86_64.release/SE952--Bittle-Quadruped/camera_images_plane1/frame_0194.png
195,0.5266119890073504,0.21555248705423025,-0.21555248705423025,-0.5266119890073504,1.0231748190199452,0.4295424217454469,-0.4295424217454469,-1.0231748190199452,0.17427904620576637,0.0064738481819102585,0.007949543902982522,-0.09416497,-0.0119014885,-0.008453915,[-0.0091997   0.2586424   0.00247113],/home/rastic/adil_RL/isaac-sim-standalone@4.5.0-rc.36+release.19112.f59b3005.gl.linux-x86_64.release/SE952--Bittle-Quadruped/camera_images_plane1/frame_0195.png
196,0.4949548905475667,-0.3831169613115277,0.3831169613115277,-0.4949548905475667,1.3571808852096467,1.5705063683754796,-1.5705063683754794,-1.3571808852096467,0.17395256379193635,0.006745890655623613,0.00866287106980648,0.07020931,-0.27552792,0.032058123,[-0.0867708   0.20756479  0.02376388],/home/rastic/adil_RL/isaac-sim-standalone@4.5.0-rc.36+release.19112.f59b3005.gl.linux-x86_64.release/SE952--Bittle-Quadruped/camera_images_plane1/frame_0196.png
197,0.9209090609985914,-0.20074597743547473,0.20074597743547495,-0.9209090609985914,0.3610940539682218,1.2785096709361718,-1.2785096709361723,-0.3610940539682218,0.1759142873308277,-0.00011674326405370341,0.008051521579043142,0.051773407,-0.26013306,-0.031611677,[-0.10635822  0.26023868 -0.04697435],/home/rastic/adil_RL/isaac-sim-standalone@4.5.0-rc.36+release.19112.f59b3005.gl.linux-x86_64.release/SE952--Bittle-Quadruped/camera_images_plane1/frame_0197.png
198,0.8537219765638389,0.2271719672566117,-0.2271719672566117,-0.8537219765638389,0.06309936013657802,0.8629457938767595,-0.8629457938767595,-0.06309936013657802,0.17629710597988488,-0.005685216173827693,0.0059076285999627096,0.1315512,-0.118224226,-0.017004287,[-0.07839818  0.22991861  0.08300408],/home/rastic/adil_RL/isaac-sim-standalone@4.5.0-rc.36+release.19112.f59b3005.gl.linux-x86_64.release/SE952--Bittle-Quadruped/camera_images_plane1/frame_0198.png
199,0.5238521578530857,0.5231195778079061,-0.5231195778079059,-0.5238521578530859,0.11846261016265203,0.984051295106602,-0.9840512951066025,-0.1184626101626518,0.18033309113453,-0.009095297797846229,0.006208008643647664,-0.021763572,0.069081575,0.12181816,[0.00900721 0.26417652 0.01998138],/home/rastic/adil_RL/isaac-sim-standalone@4.5.0-rc.36+release.19112.f59b3005.gl.linux-x86_64.release/SE952--Bittle-Quadruped/camera_images_plane1/frame_0199.png
200,0.1284890395242977,0.3858616563490589,-0.3858616563490591,-0.1284890395242977,0.5567452832278103,1.5705066625999373,-1.570506662599937,-0.5567452832278103,0.18312875120623512,-0.009302659023714245,0.007794443862952811,0.27876005,0.014634384,0.034739222,[-0.0067816   0.39436522  0.11085019],/home/rastic/adil_RL/isaac-sim-standalone@4.5.0-rc.36+release.19112.f59b3005.gl.linux-x86_64.release/SE952--Bittle-Quadruped/camera_images_plane1/frame_0200.png
201,-0.38544672352032006,0.9276409965019143,-0.9276409965019141,0.38544672352032006,1.5705066472352245,0.3120806227238364,-0.31208062272383663,-1.5705066472352245,0.1882999473119369,-0.009418015828734142,0.009752399649028121,0.0016212538,0.1275992,0.10630427,[ 0.04847882  0.2513725  -0.00290763],/home/rastic/adil_RL/isaac-sim-standalone@4.5.0-rc.36+release.19112.f59b3005.gl.linux-x86_64.release/SE952--Bittle-Quadruped/camera_images_plane1/frame_0201.png
202,-0.005337435198310869,0.7475075049382938,-0.7475075049382938,0.005337435198310869,1.0410574635450998,0.03460484670711039,-0.03460484670711039,-1.0410574635451,0.1850109304114043,-0.00486245339158688,0.014486258748533801,-0.07940031,0.15856043,0.06637307,[ 0.09436972  0.23861125 -0.00315955],/home/rastic/adil_RL/isaac-sim-standalone@4.5.0-rc.36+release.19112.f59b3005.gl.linux-x86_64.release/SE952--Bittle-Quadruped/camera_images_plane1/frame_0202.png
203,0.4466184122544199,0.41449773571812853,-0.41449773571812853,-0.4466184122544199,0.8449023600308772,0.2044192223899658,-0.2044192223899658,-0.8449023600308772,0.1806718080025111,0.0002788230812914055,0.01800351126323539,-0.26326653,0.11422203,0.08128788,[ 0.065255    0.24519996 -0.08082427],/home/rastic/adil_RL/isaac-sim-standalone@4.5.0-rc.36+release.19112.f59b3005.gl.linux-x86_64.release/SE952--Bittle-Quadruped/camera_images_plane1/frame_0203.png
204,0.4718280176136047,-0.23209641032476291,0.23209641032476291,-0.4718280176136047,1.332886258259993,1.3247173759632271,-1.3247173759632271,-1.332886258259993,0.1773967415292302,0.0036879861510254307,0.021534193524162148,0.14066485,-0.015132479,0.05038011,[-0.00804888  0.34361774 -0.027876  ],/home/rastic/adil_RL/isaac-sim-standalone@4.5.0-rc.36+release.19112.f59b3005.gl.linux-x86_64.release/SE952--Bittle-Quadruped/camera_images_plane1/frame_0204.png
205,0.8360812595173595,-0.38082382968228057,0.38082382968228057,-0.8360812595173595,0.6467580598457052,1.5705060949488734,-1.5705060949488734,-0.6467580598457052,0.17764164930350768,0.0014697575878162776,0.021347647268533092,-0.106267504,-0.23023356,-0.047435112,[-0.07016908  0.24066162 -0.09412282],/home/rastic/adil_RL/isaac-sim-standalone@4.5.0-rc.36+release.19112.f59b3005.gl.linux-x86_64.release/SE952--Bittle-Quadruped/camera_images_plane1/frame_0205.png
206,0.8917205154597386,0.05548344106670999,-0.055483441066710215,-0.8917205154597386,0.10138391540162928,0.9833245484914463,-0.9833245484914461,-0.10138391540162928,0.17460364818523094,-0.006321414565133304,0.01846601718494854,-0.055361684,-0.17331186,-0.0482454,[-0.11071115  0.2266596  -0.01864615],/home/rastic/adil_RL/isaac-sim-standalone@4.5.0-rc.36+release.19112.f59b3005.gl.linux-x86_64.release/SE952--Bittle-Quadruped/camera_images_plane1/frame_0206.png
207,0.6343083185538043,0.4732509464583914,-0.4732509464583914,-0.6343083185538043,0.05980018006890575,0.866523248782769,-0.866523248782769,-0.05980018006890575,0.1723533175145659,-0.011266784690811741,0.0163053357301633,-0.18624745,-0.10506335,-0.011570401,[-0.04850587  0.22287475 -0.09331792],/home/rastic/adil_RL/isaac-sim-standalone@4.5.0-rc.36+release.19112.f59b3005.gl.linux-x86_64.release/SE952--Bittle-Quadruped/camera_images_plane1/frame_0207.png
208,0.2385157620630709,0.44078707558879815,-0.44078707558879815,-0.23851576206307046,0.39894677234419473,1.4184917282759273,-1.4184917282759273,-0.3989467723441953,0.17034060942009663,-0.015170093395795113,0.014875024300120006,0.30413014,-0.09146442,0.008583227,[-0.07027534  0.46587425  0.05834472],/home/rastic/adil_RL/isaac-sim-standalone@4.5.0-rc.36+release.19112.f59b3005.gl.linux-x86_64.release/SE952--Bittle-Quadruped/camera_images_plane1/frame_0208.png
209,-0.3825617174090772,0.8631276807417014,-0.8631276807417014,0.3825617174090772,1.570506302073955,0.5739599044248731,-0.5739599044248731,-1.570506302073955,0.17431070510258645,-0.016343050789071473,0.015336562515050502,-0.15053245,0.17633604,0.05253077,[-0.00856587  0.302877    0.03574004],/home/rastic/adil_RL/isaac-sim-standalone@4.5.0-rc.36+release.19112.f59b3005.gl.linux-x86_64.release/SE952--Bittle-Quadruped/camera_images_plane1/frame_0209.png
210,-0.19647116552944888,0.8753218930400077,-0.8753218930400077,0.19647116552944888,1.2724022809437245,0.08141638971242704,-0.08141638971242704,-1.2724022809437245,0.17076716649992998,-0.011486783839863164,0.01703835098097862,0.06580933,0.18064581,-0.03314873,[0.07771641 0.23728967 0.07544865],/home/rastic/adil_RL/isaac-sim-standalone@4.5.0-rc.36+release.19112.f59b3005.gl.linux-x86_64.release/SE952--Bittle-Quadruped/camera_images_plane1/frame_0210.png
211,0.23654811722145674,0.603303643141516,-0.603303643141516,-0.23654811722145674,0.8583918709225966,0.07323030988566337,-0.07323030988566337,-0.8583918709225966,0.17124161237536717,-0.00488708018137372,0.017327959880566162,-0.17524032,0.05392234,-0.026904514,[0.03019218 0.2365262  0.00608802],/home/rastic/adil_RL/isaac-sim-standalone@4.5.0-rc.36+release.19112.f59b3005.gl.linux-x86_64.release/SE952--Bittle-Quadruped/camera_images_plane1/frame_0211.png
212,0.52496975738122,0.22362278020691462,-0.22362278020691462,-0.52496975738122,0.9995679584224713,0.4186500844323421,-0.4186500844323421,-0.9995679584224713,0.165139201910905,-0.0024098122998773928,0.01838651827203507,-0.26488963,0.0076975897,0.07541751,[-0.00706408  0.25456128 -0.02081725],/home/rastic/adil_RL/isaac-sim-standalone@4.5.0-rc.36+release.19112.f59b3005.gl.linux-x86_64.release/SE952--Bittle-Quadruped/camera_images_plane1/frame_0212.png
213,0.38687397738897844,-0.38247258949424556,0.38247258949424556,-0.38687397738897844,1.5705060898284948,1.5705062914369048,-1.5705062914369048,-1.5705060898284948,0.16129844347180283,-0.0019220570295235457,0.020765063785033514,0.24500261,0.073006906,0.070678204,[ 0.01975454  0.2161724  -0.07134305],/home/rastic/adil_RL/isaac-sim-standalone@4.5.0-rc.36+release.19112.f59b3005.gl.linux-x86_64.release/SE952--Bittle-Quadruped/camera_images_plane1/frame_0213.png
214,0.9144025908759734,-0.20966753284129735,0.20966753284129735,-0.9144025908759734,0.3953748039033256,1.2914025394408137,-1.2914025394408137,-0.39537480390332536,0.16604044184603065,-0.0012697704288862951,0.022499018895301443,-0.15615276,-0.13505533,-0.060292356,[-0.03817758  0.17051193 -0.08107293],/home/rastic/adil_RL/isaac-sim-standalone@4.5.0-rc.36+release.19112.f59b3005.gl.linux-x86_64.release/SE952--Bittle-Quadruped/camera_images_plane1/frame_0214.png
215,0.8682749340525635,0.21887180258389005,-0.21887180258389005,-0.8682749340525635,0.0746300118157236,0.8671719922775825,-0.8671719922775825,-0.0746300118157236,0.16294378133110146,-0.0054512484829674045,0.02001500515587851,0.11936611,-0.11916791,-0.029334811,[-0.0805192   0.19355577  0.08316503],/home/rastic/adil_RL/isaac-sim-standalone@4.5.0-rc.36+release.19112.f59b3005.gl.linux-x86_64.release/SE952--Bittle-Quadruped/camera_images_plane1/frame_0215.png
216,0.549811284639503,0.5218329226681879,-0.5218329226681879,-0.549811284639503,0.10203666490072005,0.9756691159231896,-0.9756691159231896,-0.10203666490072005,0.1658933964517558,-0.008297378409643182,0.01981998593167534,-0.004926767,0.035243075,0.09401739,[0.00132215 0.22783476 0.0168727 ],/home/rastic/adil_RL/isaac-sim-standalone@4.5.0-rc.36+release.19112.f59b3005.gl.linux-x86_64.release/SE952--Bittle-Quadruped/camera_images_plane1/frame_0216.png
217,0.15313950219396122,0.385582982020527,-0.385582982020527,-0.15313950219396122,0.5189244722998665,1.5705066291809056,-1.5705066291809056,-0.5189244722998665,0.1695777559926473,-0.00919148974558692,0.02102773779301165,0.3703217,-0.025599007,0.0019784085,[-0.03129455  0.43526378  0.12253246],/home/rastic/adil_RL/isaac-sim-standalone@4.5.0-rc.36+release.19112.f59b3005.gl.linux-x86_64.release/SE952--Bittle-Quadruped/camera_images_plane1/frame_0217.png
218,-0.3857806698944164,0.9260286378558481,-0.9260286378558481,0.3857806698944164,1.570506687294229,0.3263272283184754,-0.3263272283184756,-1.570506687294229,0.17658257270922392,-0.010290619932404169,0.021749538895129265,-0.07187875,0.15777047,0.0718762,[0.02395382 0.26426584 0.01418186],/home/rastic/adil_RL/isaac-sim-standalone@4.5.0-rc.36+release.19112.f59b3005.gl.linux-x86_64.release/SE952--Bittle-Quadruped/camera_images_plane1/frame_0218.png
219,-0.028031656545959738,0.7578911771497285,-0.7578911771497285,0.028031656545959738,1.064517056920556,0.03455685755220128,-0.03455685755220128,-1.064517056920556,0.17377714221954524,-0.005862089386203146,0.02425251354613893,-0.004815083,0.17657155,0.03799922,[0.0980614  0.24976589 0.03581871],/home/rastic/adil_RL/isaac-sim-standalone@4.5.0-rc.36+release.19112.f59b3005.gl.linux-x86_64.release/SE952--Bittle-Quadruped/camera_images_plane1/frame_0219.png
220,0.4323986740606036,0.4276748148421651,-0.4276748148421651,-0.4323986740606036,0.8373381742817001,0.1926469035271342,-0.1926469035271342,-0.8373381742817001,0.17205833059801043,0.0004421463380273869,0.026842804567108965,-0.2155704,0.079248965,0.036432303,[ 0.05388301  0.24667871 -0.04392035],/home/rastic/adil_RL/isaac-sim-standalone@4.5.0-rc.36+release.19112.f59b3005.gl.linux-x86_64.release/SE952--Bittle-Quadruped/camera_images_plane1/frame_0220.png
221,0.4839569722323944,-0.2196790648614202,0.2196790648614202,-0.48395697223239265,1.2945196710447324,1.3061111758367479,-1.3061111758367479,-1.294519671044736,0.1706140448288624,0.0038617170005924,0.029425990878925154,0.2114018,0.05838154,0.01559547,[ 0.02697474  0.35060552 -0.0211086 ],/home/rastic/adil_RL/isaac-sim-standalone@4.5.0-rc.36+release.19112.f59b3005.gl.linux-x86_64.release/SE952--Bittle-Quadruped/camera_images_plane1/frame_0221.png
222,0.8170884777610032,-0.38204566793565586,0.38204566793565586,-0.8170884777610032,0.6940937372403275,1.5705062405074266,-1.5705062405074266,-0.6940937372403275,0.17267605697740582,0.0034774653851287634,0.028830783068011845,-0.083357066,-0.22410476,-0.06938889,[-0.04571199  0.26439875 -0.07924111],/home/rastic/adil_RL/isaac-sim-standalone@4.5.0-rc.36+release.19112.f59b3005.gl.linux-x86_64.release/SE952--Bittle-Quadruped/camera_images_plane1/frame_0222.png
223,0.9022280882836532,0.0427080619917477,-0.0427080619917477,-0.9022280882836532,0.11862178389779576,0.99482808389742,-0.99482808389742,-0.11862178389779576,0.16946478960937367,-0.004662747626685116,0.024933532692717433,-0.032041263,-0.26287642,-0.08300975,[-0.11640683  0.21934882 -0.0521829 ],/home/rastic/adil_RL/isaac-sim-standalone@4.5.0-rc.36+release.19112.f59b3005.gl.linux-x86_64.release/SE952--Bittle-Quadruped/camera_images_plane1/frame_0223.png
224,0.6595741532480206,0.467114951732424,-0.467114951732424,-0.6595741532480206,0.05075363522387999,0.8604685377019221,-0.8604685377019221,-0.05075363522387999,0.16698370785932573,-0.012539404293952557,0.021078270923365314,-0.17000106,-0.14097486,-0.06384522,[-0.06882833  0.20022856 -0.07726701],/home/rastic/adil_RL/isaac-sim-standalone@4.5.0-rc.36+release.19112.f59b3005.gl.linux-x86_64.release/SE952--Bittle-Quadruped/camera_images_plane1/frame_0224.png
225,0.26454076217893163,0.4513296139189702,-0.4513296139189702,-0.26454076217893163,0.3657479391736318,1.390996184178724,-1.390996184178724,-0.3657479391736318,0.1661503809961354,-0.01631552281167484,0.018955226536895593,0.29480422,-0.090856746,0.016290845,[-0.06328271  0.4504898   0.06986789],/home/rastic/adil_RL/isaac-sim-standalone@4.5.0-rc.36+release.19112.f59b3005.gl.linux-x86_64.release/SE952--Bittle-Quadruped/camera_images_plane1/frame_0225.png
226,-0.38039912592477076,0.8539442769374084,-0.8539442769374084,0.38039912592477076,1.5705060444232763,0.5995564013662569,-0.5995564013662569,-1.5705060444232763,0.17119858209334451,-0.017061889954134404,0.020027851158366815,-0.14644569,0.2283864,0.07469786,[0.00929461 0.29463807 0.03580172],/home/rastic/adil_RL/isaac-sim-standalone@4.5.0-rc.36+release.19112.f59b3005.gl.linux-x86_64.release/SE952--Bittle-Quadruped/camera_images_plane1/frame_0226.png
227,-0.21909434080815737,0.8832263358356887,-0.8832263358356887,0.21909434080815737,1.3052450138807787,0.09020509605256632,-0.09020509605256632,-1.3052450138807787,0.16774940891193485,-0.010246745806726373,0.022718981844938115,0.09492923,0.24301451,-0.010651175,[0.09638377 0.23168299 0.06889791],/home/rastic/adil_RL/isaac-sim-standalone@4.5.0-rc.36+release.19112.f59b3005.gl.linux-x86_64.release/SE952--Bittle-Quadruped/camera_images_plane1/frame_0227.png
228,0.21683368104201217,0.6196138591845991,-0.6196138591845991,-0.21683368104201217,0.8682372367524429,0.0658545758976462,-0.0658545758976462,-0.8682372367524429,0.16881026560730733,-0.0034828917689709456,0.023758370967559766,-0.14410044,0.11314008,-0.011841223,[0.0444964  0.22640997 0.00042505],/home/rastic/adil_RL/isaac-sim-standalone@4.5.0-rc.36+release.19112.f59b3005.gl.linux-x86_64.release/SE952--Bittle-Quadruped/camera_images_plane1/frame_0228.png
229,0.5225639909833317,0.24062353272862613,-0.24062353272862613,-0.5225639909833317,0.9802604660572551,0.39619976121528455,-0.39619976121528466,-0.9802604660572551,0.16261103949538547,0.0006134347443560697,0.025529782121054306,-0.29290888,0.0061204173,0.09582141,[ 0.01035145  0.23751198 -0.02707395],/home/rastic/adil_RL/isaac-sim-standalone@4.5.0-rc.36+release.19112.f59b3005.gl.linux-x86_64.release/SE952--Bittle-Quadruped/camera_images_plane1/frame_0229.png
230,0.3859381254933989,-0.38104231845544323,0.38104231845544323,-0.3859381254933989,1.570506671772891,1.5705061209557813,-1.5705061209557813,-1.570506671772891,0.15832521394401333,0.0015366400120121154,0.02859270509951544,0.2981603,-0.013384739,0.085547015,[0.0042283  0.24532118 0.02165526],/home/rastic/adil_RL/isaac-sim-standalone@4.5.0-rc.36+release.19112.f59b3005.gl.linux-x86_64.release/SE952--Bittle-Quadruped/camera_images_plane1/frame_0230.png
231,0.9290165978066988,-0.22572826779931088,0.2257282677993111,-0.9290165978066988,0.296888172504279,1.315124400780571,-1.3151244007805711,-0.2968881725042788,0.16210921510010962,7.461872890065603e-05,0.030022066444708704,-0.12383676,-0.13902298,0.0057844296,[-0.02926528  0.1571435  -0.07534299],/home/rastic/adil_RL/isaac-sim-standalone@4.5.0-rc.36+release.19112.f59b3005.gl.linux-x86_64.release/SE952--Bittle-Quadruped/camera_images_plane1/frame_0231.png
232,0.7288685074033159,0.20570789715947124,-0.20570789715947124,-0.7288685074033159,0.0357881423674119,0.8742398706082497,-0.8742398706082497,-0.0357881423674119,0.15811066882425193,-0.004892106123727938,0.028837285768421837,0.06606352,-0.13808371,-0.06741054,[-0.07318681  0.17915231  0.04390825],/home/rastic/adil_RL/isaac-sim-standalone@4.5.0-rc.36+release.19112.f59b3005.gl.linux-x86_64.release/SE952--Bittle-Quadruped/camera_images_plane1/frame_0232.png
233,0.386754434871296,0.5211593436545199,-0.5211593436545199,-0.386754434871296,0.23046620191348455,0.9717650223328793,-0.9717650223328795,-0.23046620191348455,0.15880422302530237,-0.008428760954530583,0.02695450788487084,-0.09464632,0.015330398,0.038170677,[ 0.00680389  0.21060717 -0.0140064 ],/home/rastic/adil_RL/isaac-sim-standalone@4.5.0-rc.36+release.19112.f59b3005.gl.linux-x86_64.release/SE952--Bittle-Quadruped/camera_images_plane1/frame_0233.png
234,-0.266669733103581,0.3855797719970526,-0.3855797719970524,0.266669733103581,1.378758221822601,1.5705066287960434,-1.5705066287960436,-1.3787582218226009,0.15778620858376438,-0.008482181664417048,0.02688979157575838,0.1252167,0.05027576,0.0040906137,[0.02038109 0.26463234 0.0569493 ],/home/rastic/adil_RL/isaac-sim-standalone@4.5.0-rc.36+release.19112.f59b3005.gl.linux-x86_64.release/SE952--Bittle-Quadruped/camera_images_plane1/frame_0234.png
235,-0.37600863954608643,0.9268923870132235,-0.9268923870132233,0.37600863954608643,1.5705055242242487,0.3190273753436126,-0.3190273753436128,-1.5705055242242487,0.1592100804792496,-0.004962634175845767,0.029183869947217292,-0.106368884,0.25220445,0.09775519,[ 0.08268398  0.18230876 -0.04988962],/home/rastic/adil_RL/isaac-sim-standalone@4.5.0-rc.36+release.19112.f59b3005.gl.linux-x86_64.release/SE952--Bittle-Quadruped/camera_images_plane1/frame_0235.png
236,0.09785227475758806,0.7479960174867009,-0.7479960174867009,-0.09785227475758806,0.9475827474068645,0.03459242008220431,-0.03459242008220431,-0.9475827474068645,0.15598640698488148,0.0021495505025850557,0.03290448035599058,0.043405563,0.11372959,0.008320581,[0.07072526 0.17821209 0.08187541],/home/rastic/adil_RL/isaac-sim-standalone@4.5.0-rc.36+release.19112.f59b3005.gl.linux-x86_64.release/SE952--Bittle-Quadruped/camera_images_plane1/frame_0236.png
237,0.49251407988714924,0.4120265965467569,-0.4120265965467569,-0.49251407988714924,0.8917138839029344,0.20666986926392927,-0.20666986926392927,-0.8917138839029344,0.15569426442552659,0.005853899660623923,0.0337371938432555,-0.13460317,0.066673204,0.0020189807,[ 0.02978146  0.19724903 -0.01671987],/home/rastic/adil_RL/isaac-sim-standalone@4.5.0-rc.36+release.19112.f59b3005.gl.linux-x86_64.release/SE952--Bittle-Quadruped/camera_images_plane1/frame_0237.png
238,0.3753117103672732,-0.2397795829654905,0.2397795829654905,-0.3753117103672732,1.5705054082003551,1.3364367222888187,-1.3364367222888185,-1.5705054082003551,0.15601913705918172,0.009309792332204086,0.03560746020418286,0.25033197,-0.040967733,-0.03146397,[-0.01063838  0.3243991   0.04863464],/home/rastic/adil_RL/isaac-sim-standalone@4.5.0-rc.36+release.19112.f59b3005.gl.linux-x86_64.release/SE952--Bittle-Quadruped/camera_images_plane1/frame_0238.png
239,0.8936263056984595,-0.379555244121097,0.379555244121097,-0.8936263056984595,0.478712652097981,1.5705059441364781,-1.5705059441364781,-0.478712652097981,0.1586987439434488,0.00727191922890175,0.03380014880640057,-0.08872638,-0.18086421,-0.08363246,[-0.06483947  0.1831951  -0.05328746],/home/rastic/adil_RL/isaac-sim-standalone@4.5.0-rc.36+release.19112.f59b3005.gl.linux-x86_64.release/SE952--Bittle-Quadruped/camera_images_plane1/frame_0239.png
240,0.836722302465651,0.06992376847703397,-0.06992376847703374,-0.836722302465651,0.05293309990367667,0.9707246677033863,-0.9707246677033865,-0.05293309990367667,0.1569556413258363,0.001488037490886094,0.030442668926094433,0.08012219,-0.1514115,-0.05892746,[-0.09913576  0.17555025  0.0905646 ],/home/rastic/adil_RL/isaac-sim-standalone@4.5.0-rc.36+release.19112.f59b3005.gl.linux-x86_64.release/SE952--Bittle-Quadruped/camera_images_plane1/frame_0240.png
241,0.5338631737231743,0.4808591886242177,-0.48085918862421795,-0.5338631737231743,0.11194308938225639,0.8751954525602208,-0.8751954525602206,-0.11194308938225639,0.15828857752277817,-0.0033569571282292257,0.02827419143572226,-0.14402984,-0.01422183,0.027307572,[-0.01067008  0.19478984 -0.01215828],/home/rastic/adil_RL/isaac-sim-standalone@4.5.0-rc.36+release.19112.f59b3005.gl.linux-x86_64.release/SE952--Bittle-Quadruped/camera_images_plane1/frame_0241.png
242,0.14221716437255139,0.4210360519658807,-0.4210360519658807,-0.1422171643725516,0.5355064012673375,1.4667486271093861,-1.4667486271093861,-0.5355064012673373,0.15946781940720584,-0.004985897038914657,0.027914442971993657,0.35254517,-0.050291054,-0.005040471,[-0.04024359  0.44067115  0.11097576],/home/rastic/adil_RL/isaac-sim-standalone@4.5.0-rc.36+release.19112.f59b3005.gl.linux-x86_64.release/SE952--Bittle-Quadruped/camera_images_plane1/frame_0242.png
243,-0.3857689748469888,0.8766956446576131,-0.8766956446576131,0.3857689748469888,1.5705066858909642,0.5339371660931751,-0.5339371660931751,-1.5705066858909642,0.16666930835735985,-0.006065277783251364,0.02798814887486354,-0.02915097,0.15898737,0.04277452,[0.02027196 0.28983194 0.01615412],/home/rastic/adil_RL/isaac-sim-standalone@4.5.0-rc.36+release.19112.f59b3005.gl.linux-x86_64.release/SE952--Bittle-Quadruped/camera_images_plane1/frame_0243.png
244,-0.02839325340327936,0.860105139413314,-0.860105139413314,0.02839325340327936,1.0648992870734588,0.06778809046691325,-0.06778809046691325,-1.064899287073459,0.16544785502962567,0.0001280074942627604,0.030149027935075443,0.17239442,0.2689598,-0.027698519,[0.12261353 0.22582094 0.06085829],/home/rastic/adil_RL/isaac-sim-standalone@4.5.0-rc.36+release.19112.f59b3005.gl.linux-x86_64.release/SE952--Bittle-Quadruped/camera_images_plane1/frame_0244.png
245,0.43166414755912585,0.5744836261234267,-0.5744836261234267,-0.43166414755912585,0.8370061219377354,0.08789042936276503,-0.08789042936276503,-0.8370061219377354,0.1678199413044681,0.0077440199523621436,0.030457068488884506,-0.117148116,0.07568696,-0.05460756,[ 0.06341426  0.20280254 -0.03125022],/home/rastic/adil_RL/isaac-sim-standalone@4.5.0-rc.36+release.19112.f59b3005.gl.linux-x86_64.release/SE952--Bittle-Quadruped/camera_images_plane1/frame_0245.png
246,0.4864808472586706,0.18390632701007403,-0.18390632701007403,-0.48648084725867147,1.2860304497203596,0.47372190604519004,-0.47372190604519027,-1.2860304497203578,0.16814234298126593,0.010562532476402738,0.030036635857902352,0.32022315,-0.016451549,-0.036295563,[-0.02248839  0.4305762   0.08358646],/home/rastic/adil_RL/isaac-sim-standalone@4.5.0-rc.36+release.19112.f59b3005.gl.linux-x86_64.release/SE952--Bittle-Quadruped/camera_images_plane1/frame_0246.png
247,0.8085387455631172,-0.3852084388498942,0.3852084388498942,-0.8085387455631172,0.7146503502737132,1.5705066186648242,-1.5705066186648242,-0.7146503502737132,0.1740388552615439,0.009292707411864474,0.028304138909367164,-0.062181626,-0.24584629,-0.0991129,[-0.07592497  0.2839642  -0.00819383],/home/rastic/adil_RL/isaac-sim-standalone@4.5.0-rc.36+release.19112.f59b3005.gl.linux-x86_64.release/SE952--Bittle-Quadruped/camera_images_plane1/frame_0247.png
248,0.9080694629778164,-0.15541961413442862,0.15541961413442862,-0.9080694629778164,0.1305432091136537,1.2159840620429376,-1.2159840620429376,-0.1305432091136537,0.17250234750361845,0.0017900734921033998,0.024095612543200896,0.04370503,-0.29880485,-0.061234143,[-0.15579006  0.23060654 -0.04778863],/home/rastic/adil_RL/isaac-sim-standalone@4.5.0-rc.36+release.19112.f59b3005.gl.linux-x86_64.release/SE952--Bittle-Quadruped/camera_images_plane1/frame_0248.png
249,0.6778530032245613,0.2706644822796076,-0.2706644822796076,-0.6778530032245613,0.04533848268046381,0.8438970997706352,-0.8438970997706352,-0.04533848268046381,0.17212690330308653,-0.006114769182646708,0.021079643938256256,-0.13948995,-0.19020766,-0.01692362,[-0.08968675  0.20771039 -0.08065294],/home/rastic/adil_RL/isaac-sim-standalone@4.5.0-rc.36+release.19112.f59b3005.gl.linux-x86_64.release/SE952--Bittle-Quadruped/camera_images_plane1/frame_0249.png
250,0.29844726865790283,0.5269586157725852,-0.5269586157725852,-0.29844726865790305,0.3248283933285402,1.0347628845491608,-1.0347628845491608,-0.3248283933285401,0.1685278596215277,-0.01114017834226481,0.019318604181495138,-0.0354841,-0.020596515,-0.014203958,[-0.00875336  0.27527672 -0.02774191],/home/rastic/adil_RL/isaac-sim-standalone@4.5.0-rc.36+release.19112.f59b3005.gl.linux-x86_64.release/SE952--Bittle-Quadruped/camera_images_plane1/frame_0250.png
251,-0.37504790282142175,0.525389340393497,-0.525389340393497,0.37504790282142153,1.570505410912836,1.2975015187609409,-1.2975015187609409,-1.5705054109128358,0.16664228532802458,-0.010194680292718762,0.017836970054206355,0.018175097,0.25584418,-0.096699916,[0.08028457 0.16394398 0.07352781],/home/rastic/adil_RL/isaac-sim-standalone@4.5.0-rc.36+release.19112.f59b3005.gl.linux-x86_64.release/SE952--Bittle-Quadruped/camera_images_plane1/frame_0251.png
252,-0.273153736395336,0.922691966119026,-0.9226919661190263,0.273153736395336,1.3892809446561858,0.3501482724670242,-0.3501482724670242,-1.3892809446561858,0.16792336745917932,-0.0020780880991192138,0.01632331887508762,0.021651426,0.25105107,-0.029323703,[ 0.09752037  0.21560098 -0.00740357],/home/rastic/adil_RL/isaac-sim-standalone@4.5.0-rc.36+release.19112.f59b3005.gl.linux-x86_64.release/SE952--Bittle-Quadruped/camera_images_plane1/frame_0252.png
253,0.16577402178471834,0.8493236349645338,-0.8493236349645338,-0.16577402178471834,0.8982937407637541,0.060165304574489875,-0.060165304574489875,-0.8982937407637541,0.16794382373068684,0.006593406009718832,0.017129174583587828,0.12753792,0.14741123,-0.0060160076,[0.08910276 0.18160233 0.11644001],/home/rastic/adil_RL/isaac-sim-standalone@4.5.0-rc.36+release.19112.f59b3005.gl.linux-x86_64.release/SE952--Bittle-Quadruped/camera_images_plane1/frame_0253.png
254,0.5110188033265515,0.5183490620125378,-0.5183490620125378,-0.5110188033265515,0.9317423763898944,0.12214449425411633,-0.12214449425411633,-0.9317423763898944,0.16902478488298286,0.010520295582273482,0.017400535461064577,-0.093213916,0.04062379,-0.055238765,[0.02305052 0.18524346 0.00092372],/home/rastic/adil_RL/isaac-sim-standalone@4.5.0-rc.36+release.19112.f59b3005.gl.linux-x86_64.release/SE952--Bittle-Quadruped/camera_images_plane1/frame_0254.png
255,0.3822423806838555,0.1250600801013142,-0.1250600801013142,-0.3822423806838555,1.5705062297620818,0.5621192428101939,-0.562119242810194,-1.5705062297620818,0.17068742606839724,0.013024405002189106,0.017383578354835373,0.3765022,0.09851709,0.0026268805,[0.04370574 0.4132359  0.08726842],/home/rastic/adil_RL/isaac-sim-standalone@4.5.0-rc.36+release.19112.f59b3005.gl.linux-x86_64.release/SE952--Bittle-Quadruped/camera_images_plane1/frame_0255.png
256,0.9134340977000622,-0.38539983395278266,0.38539983395278266,-0.9134340977000622,0.39995571992679635,1.5705066416122713,-1.5705066416122713,-0.39995571992679635,0.1765557894282693,0.014374580730067232,0.015825570336081392,-0.15164335,-0.17162457,-0.1379894,[-0.0170921   0.22306949 -0.01721616],/home/rastic/adil_RL/isaac-sim-standalone@4.5.0-rc.36+release.19112.f59b3005.gl.linux-x86_64.release/SE952--Bittle-Quadruped/camera_images_plane1/frame_0256.png
257,0.8019546762455158,-0.004618811666883715,0.004618811666883715,-0.8019546762455158,0.04008253208710233,1.0403316130727014,-1.0403316130727014,-0.04008253208710233,0.17362551008909063,0.009275259262808352,0.011516852568587074,0.12976652,-0.24081098,-0.035757482,[-0.1401374   0.19503133  0.05591478],/home/rastic/adil_RL/isaac-sim-standalone@4.5.0-rc.36+release.19112.f59b3005.gl.linux-x86_64.release/SE952--Bittle-Quadruped/camera_images_plane1/frame_0257.png
258,0.485441951849254,0.4466394151727644,-0.4466394151727644,-0.485441951849254,0.14559842976697657,0.8449152591733011,-0.8449152591733011,-0.14559842976697657,0.1751260065268205,0.002958633596733018,0.009822002357873663,-0.14216417,-0.07728791,0.030958846,[-0.06006206  0.19149911 -0.01799636],/home/rastic/adil_RL/isaac-sim-standalone@4.5.0-rc.36+release.19112.f59b3005.gl.linux-x86_64.release/SE952--Bittle-Quadruped/camera_images_plane1/frame_0258.png
259,0.1019973507135894,0.47225680519836155,-0.47225680519836155,-0.1019973507135894,0.5989781631685666,1.3315894064329756,-1.3315894064329756,-0.5989781631685667,0.17556675706735098,-0.0005789905877175421,0.00922584737581536,0.33485144,-0.041870084,0.030843385,[-0.03539746  0.37387547  0.0455656 ],/home/rastic/adil_RL/isaac-sim-standalone@4.5.0-rc.36+release.19112.f59b3005.gl.linux-x86_64.release/SE952--Bittle-Quadruped/camera_images_plane1/frame_0259.png
260,-0.38504145665765366,0.8347532164360525,-0.8347532164360525,0.38504145665765366,1.570506598650254,0.650153323445571,-0.650153323445571,-1.570506598650254,0.1808780082167687,-0.0005516947992612196,0.010852261907095772,-0.08803291,0.25264424,0.116885886,[ 0.0345595   0.25748932 -0.03947938],/home/rastic/adil_RL/isaac-sim-standalone@4.5.0-rc.36+release.19112.f59b3005.gl.linux-x86_64.release/SE952--Bittle-Quadruped/camera_images_plane1/frame_0260.png
261,-0.0010388336695772438,0.8930628378158847,-0.8930628378158847,0.0010388336695774658,1.0367311770202996,0.10334919208351845,-0.10334919208351856,-1.0367311770203,0.17817939468233346,0.006567474168161037,0.015212772690795481,0.042475007,0.29166475,0.05699699,[0.09449511 0.21381196 0.01692303],/home/rastic/adil_RL/isaac-sim-standalone@4.5.0-rc.36+release.19112.f59b3005.gl.linux-x86_64.release/SE952--Bittle-Quadruped/camera_images_plane1/frame_0261.png
262,0.44543818770473576,0.6381449862252829,-0.6381449862252829,-0.44543818770473576,0.844186284639588,0.058313809127825134,-0.058313809127825134,-0.844186284639588,0.17682235525104575,0.014241890933721978,0.018954132137465017,-0.21205066,0.057724815,0.021886557,[ 0.02699075  0.20491494 -0.05820577],/home/rastic/adil_RL/isaac-sim-standalone@4.5.0-rc.36+release.19112.f59b3005.gl.linux-x86_64.release/SE952--Bittle-Quadruped/camera_images_plane1/frame_0262.png
263,0.4762847712176317,0.2436753300309712,-0.2436753300309712,-0.47628477121763146,1.3192093968970022,0.3922406463906004,-0.3922406463906004,-1.3192093968970027,0.17583129200794811,0.017214356811604867,0.020564818554533782,0.30723947,0.042420115,-0.028946055,[0.02580482 0.45681238 0.06027326],/home/rastic/adil_RL/isaac-sim-standalone@4.5.0-rc.36+release.19112.f59b3005.gl.linux-x86_64.release/SE952--Bittle-Quadruped/camera_images_plane1/frame_0263.png
264,0.8240095397515235,-0.38210275250160874,0.38210275250160874,-0.8240095397515235,0.6771318185066033,1.570506247315217,-1.570506247315217,-0.6771318185066031,0.180205958230688,0.017649371038663278,0.019265500096951393,-0.12689239,-0.19582179,-0.099235594,[-0.03653996  0.3023713  -0.00287761],/home/rastic/adil_RL/isaac-sim-standalone@4.5.0-rc.36+release.19112.f59b3005.gl.linux-x86_64.release/SE952--Bittle-Quadruped/camera_images_plane1/frame_0264.png
265,0.9019328180553098,-0.20245436972163788,0.20245436972163788,-0.9019328180553098,0.11807122083268806,1.2809631046161458,-1.2809631046161458,-0.11807122083268806,0.1763530467990061,0.011152560113729084,0.014826547605994986,0.019719291,-0.24393743,-0.06002291,[-1.1299591e-01  2.4314985e-01  2.0826433e-04],/home/rastic/adil_RL/isaac-sim-standalone@4.5.0-rc.36+release.19112.f59b3005.gl.linux-x86_64.release/SE952--Bittle-Quadruped/camera_images_plane1/frame_0265.png
266,0.6625688479227081,0.23101545071284812,-0.23101545071284812,-0.6625688479227081,0.04979976846088652,0.8610504821107625,-0.8610504821107625,-0.04979976846088652,0.1744405395486252,0.004617920725898705,0.011864237195537058,-0.22493266,-0.08974563,-0.028906912,[-0.05512337  0.22384226 -0.04054137],/home/rastic/adil_RL/isaac-sim-standalone@4.5.0-rc.36+release.19112.f59b3005.gl.linux-x86_64.release/SE952--Bittle-Quadruped/camera_images_plane1/frame_0266.png
267,0.2847701640368331,0.5243420332317419,-0.5243420332317419,-0.2847701640368331,0.3410182278968573,0.9936534209819639,-0.9936534209819639,-0.34101822789685743,0.1675965030719909,0.0025948166163380824,0.009932205307888036,-0.27125078,0.039671265,-0.056610115,[ 0.00587369  0.24880192 -0.03711776],/home/rastic/adil_RL/isaac-sim-standalone@4.5.0-rc.36+release.19112.f59b3005.gl.linux-x86_64.release/SE952--Bittle-Quadruped/camera_images_plane1/frame_0267.png
268,-0.37642252960154643,0.38607319876834656,-0.38607319876834656,0.37642252960154643,1.5705055730971533,1.5705066879785787,-1.570506687978579,-1.5705055730971536,0.16326123500999867,0.003289091743164139,0.0071770137554910355,0.300237,-0.10295394,-0.06943402,[-0.05436547  0.22642712 -0.00273491],/home/rastic/adil_RL/isaac-sim-standalone@4.5.0-rc.36+release.19112.f59b3005.gl.linux-x86_64.release/SE952--Bittle-Quadruped/camera_images_plane1/frame_0268.png
269,-0.26528867408754553,0.9289473652457247,-0.9289473652457247,0.26528867408754553,1.3765333597238851,0.29776442590835717,-0.29776442590835717,-1.3765333597238851,0.16822477344352202,0.0030220935022237595,0.005607536108980672,-0.10942182,0.20051117,0.009641622,[ 0.02003197  0.1775438  -0.05893013],/home/rastic/adil_RL/isaac-sim-standalone@4.5.0-rc.36+release.19112.f59b3005.gl.linux-x86_64.release/SE952--Bittle-Quadruped/camera_images_plane1/frame_0269.png
270,0.17199373849207267,0.7545560395669656,-0.7545560395669656,-0.17199373849207245,0.894297423576129,0.034522151854306515,-0.034522151854306515,-0.8942974235761294,0.16443738898318633,0.007502181514313487,0.006839328827500772,-0.012259342,0.12204825,0.031156026,[0.07193741 0.18827693 0.03980789],/home/rastic/adil_RL/isaac-sim-standalone@4.5.0-rc.36+release.19112.f59b3005.gl.linux-x86_64.release/SE952--Bittle-Quadruped/camera_images_plane1/frame_0270.png
271,0.5140966605656481,0.4084232901514594,-0.4084232901514594,-0.5140966605656481,0.941479882616086,0.20997597579315253,-0.20997597579315253,-0.941479882616086,0.16253810307863847,0.011657631504712414,0.00897876417339258,-0.17666362,0.005620257,0.011847942,[ 0.01316264  0.19022642 -0.03730728],/home/rastic/adil_RL/isaac-sim-standalone@4.5.0-rc.36+release.19112.f59b3005.gl.linux-x86_64.release/SE952--Bittle-Quadruped/camera_images_plane1/frame_0271.png
272,0.3835291627729174,-0.2464362573164678,0.2464362573164678,-0.3835291627729174,1.570506383355039,1.3467215085517843,-1.3467215085517843,-1.570506383355039,0.16121888792744235,0.01325481360822183,0.010403563986129837,0.18391855,0.018515859,0.009465226,[0.00685167 0.3069421  0.02622171],/home/rastic/adil_RL/isaac-sim-standalone@4.5.0-rc.36+release.19112.f59b3005.gl.linux-x86_64.release/SE952--Bittle-Quadruped/camera_images_plane1/frame_0272.png
273,0.9188663889273068,-0.3784219243054998,0.3784219243054996,-0.9188663889273068,0.37265449866063993,1.5705058096775726,-1.5705058096775724,-0.37265449866063993,0.16254407668270193,0.011669384663707209,0.009127528745696426,-0.10923159,-0.19273765,-0.095340274,[-0.04899846  0.17021428 -0.06902981],/home/rastic/adil_RL/isaac-sim-standalone@4.5.0-rc.36+release.19112.f59b3005.gl.linux-x86_64.release/SE952--Bittle-Quadruped/camera_images_plane1/frame_0273.png
274,0.7836363538716757,0.08109308260325299,-0.08109308260325299,-0.7836363538716757,0.03655557026518985,0.9612743207505146,-0.9612743207505146,-0.03655557026518985,0.1594727867178334,0.00465770213184897,0.00532194502562272,0.08297029,-0.14817964,-0.03659543,[-0.09972216  0.16229792  0.08461089],/home/rastic/adil_RL/isaac-sim-standalone@4.5.0-rc.36+release.19112.f59b3005.gl.linux-x86_64.release/SE952--Bittle-Quadruped/camera_images_plane1/frame_0274.png
275,0.4582739085144092,0.48619830482903836,-0.48619830482903836,-0.4582739085144092,0.1667985197262778,0.8822051912679028,-0.882205191267903,-0.1667985197262778,0.1599168358412215,-9.41926847673531e-05,0.0037141180937664262,-0.14882757,-0.035934668,0.022171568,[-0.01865996  0.18388902 -0.00856683],/home/rastic/adil_RL/isaac-sim-standalone@4.5.0-rc.36+release.19112.f59b3005.gl.linux-x86_64.release/SE952--Bittle-Quadruped/camera_images_plane1/frame_0275.png
276,-0.19822990954056596,0.3966878898336428,-0.3966878898336428,0.19822990954056596,1.2749095182592296,1.5216663547394897,-1.52166635473949,-1.2749095182592296,0.1601496031539144,-0.0020339887178438885,0.00287883790572465,0.31151396,-0.045882035,-0.007810563,[-0.02177309  0.36930972  0.08148235],/home/rastic/adil_RL/isaac-sim-standalone@4.5.0-rc.36+release.19112.f59b3005.gl.linux-x86_64.release/SE952--Bittle-Quadruped/camera_images_plane1/frame_0276.png
277,-0.38339992581883453,0.8857793954937563,-0.8857793954937563,0.38339992581883453,1.5705064021876662,0.5052139662747641,-0.5052139662747643,-1.5705064021876662,0.16591769687174235,-0.0019847842857501955,0.0042467524184214775,-0.09537564,0.20818992,0.102481805,[ 0.04108572  0.2327479  -0.03213158],/home/rastic/adil_RL/isaac-sim-standalone@4.5.0-rc.36+release.19112.f59b3005.gl.linux-x86_64.release/SE952--Bittle-Quadruped/camera_images_plane1/frame_0277.png
278,0.02968857691375737,0.8476945686587479,-0.8476945686587479,-0.02968857691375737,1.0068935460681798,0.059135634132281845,-0.059135634132281845,-1.00689354606818,0.16412319099496164,0.004631963357865178,0.007878766650597079,0.09021618,0.17674626,0.02851311,[0.10148269 0.19773383 0.08955552],/home/rastic/adil_RL/isaac-sim-standalone@4.5.0-rc.36+release.19112.f59b3005.gl.linux-x86_64.release/SE952--Bittle-Quadruped/camera_images_plane1/frame_0278.png
279,0.4623150485892753,0.5515860474022667,-0.5515860474022667,-0.4623150485892753,0.8562313786300808,0.10097097103005159,-0.10097097103005159,-0.8562313786300808,0.16578491660512895,0.010032755062311419,0.00895008719281953,-0.08758154,0.0587973,-0.04785412,[ 0.02802391  0.1975062  -0.01994922],/home/rastic/adil_RL/isaac-sim-standalone@4.5.0-rc.36+release.19112.f59b3005.gl.linux-x86_64.release/SE952--Bittle-Quadruped/camera_images_plane1/frame_0279.png
280,0.45648199104157894,0.1590694459808264,-0.15906944598082595,-0.45648199104157894,1.3770270471597554,0.5100392305988345,-0.5100392305988349,-1.3770270471597554,0.1675052155229894,0.013399208438504328,0.009011536418532707,0.38661546,0.051895685,-0.031563763,[0.02840377 0.43454665 0.1012847 ],/home/rastic/adil_RL/isaac-sim-standalone@4.5.0-rc.36+release.19112.f59b3005.gl.linux-x86_64.release/SE952--Bittle-Quadruped/camera_images_plane1/frame_0280.png
281,0.8506802633331321,-0.38574367162724554,0.3857436716272453,-0.8506802633331321,0.6084157871804226,1.5705066828549739,-1.5705066828549736,-0.6084157871804226,0.17370643935594973,0.013449961710218694,0.007504943305980181,-0.06058557,-0.19860613,-0.11163517,[-0.03392792  0.27930632  0.01365634],/home/rastic/adil_RL/isaac-sim-standalone@4.5.0-rc.36+release.19112.f59b3005.gl.linux-x86_64.release/SE952--Bittle-Quadruped/camera_images_plane1/frame_0281.png
282,0.8843778538402929,-0.13063760284653236,0.13063760284653236,-0.8843778538402929,0.09160539862965178,1.183800321363725,-1.183800321363725,-0.09160539862965178,0.17222312434350187,0.008072603627119545,0.003563629720358292,0.06821719,-0.21779709,-0.06644663,[-0.11953431  0.22598352  0.0319145 ],/home/rastic/adil_RL/isaac-sim-standalone@4.5.0-rc.36+release.19112.f59b3005.gl.linux-x86_64.release/SE952--Bittle-Quadruped/camera_images_plane1/frame_0282.png
283,0.620799027217704,0.2922451671788817,-0.2922451671788817,-0.620799027217704,0.06534526624819847,0.8365376091723169,-0.8365376091723169,-0.06534526624819847,0.17263070765128502,0.0012922971613899663,0.0004102505966403133,-0.21528634,-0.014797982,-0.008142921,[-0.03683059  0.21293391 -0.02678067],/home/rastic/adil_RL/isaac-sim-standalone@4.5.0-rc.36+release.19112.f59b3005.gl.linux-x86_64.release/SE952--Bittle-Quadruped/camera_images_plane1/frame_0283.png
284,0.23929625268845367,0.5267455619304857,-0.5267455619304855,-0.23929625268845345,0.39792837652425117,1.0614594825002637,-1.061459482500264,-0.3979283765242513,0.1688806780506712,0.0005277634726899805,-0.0007147299332710112,-0.004710812,0.087820746,-0.029083423,[0.04213792 0.26785755 0.05841182],/home/rastic/adil_RL/isaac-sim-standalone@4.5.0-rc.36+release.19112.f59b3005.gl.linux-x86_64.release/SE952--Bittle-Quadruped/camera_images_plane1/frame_0284.png
285,-0.3813954610508341,0.5875533238515385,-0.5875533238515385,0.3813954610508339,1.5705061630107697,1.175946695180995,-1.1759466951809947,-1.5705061630107693,0.16986030340213296,0.002828644635404137,-0.001957212574007227,0.2470385,0.13021398,-0.09846549,[0.00261815 0.22507866 0.00799793],/home/rastic/adil_RL/isaac-sim-standalone@4.5.0-rc.36+release.19112.f59b3005.gl.linux-x86_64.release/SE952--Bittle-Quadruped/camera_images_plane1/frame_0285.png
286,-0.21983632179106238,0.9276838049015406,-0.9276838049015406,0.21983632179106238,1.306344274946392,0.31166164846379507,-0.31166164846379485,-1.3063442749463923,0.1760259626916297,0.004980563288304563,-0.004045149047838002,0.101857565,0.26745096,-0.003090255,[0.06083156 0.28167146 0.02319915],/home/rastic/adil_RL/isaac-sim-standalone@4.5.0-rc.36+release.19112.f59b3005.gl.linux-x86_64.release/SE952--Bittle-Quadruped/camera_images_plane1/frame_0286.png
287,0.2109169384134013,0.8287377051983897,-0.8287377051983897,-0.2109169384134013,0.8713902399404576,0.04914299905916353,-0.04914299905916353,-0.8713902399404576,0.17703342623446558,0.011249019518253,-0.002963804411971996,0.080186576,0.10813416,0.005197339,[0.07957269 0.23039985 0.05493434],/home/rastic/adil_RL/isaac-sim-standalone@4.5.0-rc.36+release.19112.f59b3005.gl.linux-x86_64.release/SE952--Bittle-Quadruped/camera_images_plane1/frame_0287.png
288,0.5207103772259931,0.4836249404534837,-0.4836249404534838,-0.5207103772259931,0.9693092591591708,0.1469647076044518,-0.1469647076044518,-0.9693092591591708,0.17813297034700237,0.014508381032865935,-0.002789453005205249,-0.033465344,0.00668375,-0.080326155,[ 0.01589324  0.2268623  -0.01289885],/home/rastic/adil_RL/isaac-sim-standalone@4.5.0-rc.36+release.19112.f59b3005.gl.linux-x86_64.release/SE952--Bittle-Quadruped/camera_images_plane1/frame_0288.png
289,0.3853541484352594,0.09050206339325317,-0.09050206339325384,-0.3853541484352594,1.570506601750244,0.6178124891734428,-0.6178124891734418,-1.5705066017502443,0.17975375094618476,0.01651109709327925,-0.0036468640162128675,0.27463606,0.03350861,-0.045907646,[0.03632113 0.3664025  0.06087843],/home/rastic/adil_RL/isaac-sim-standalone@4.5.0-rc.36+release.19112.f59b3005.gl.linux-x86_64.release/SE952--Bittle-Quadruped/camera_images_plane1/frame_0289.png
290,0.925118635531001,-0.3839403091487439,0.3839403091487439,-0.925118635531001,0.33340198284586076,1.5705064668034727,-1.5705064668034727,-0.33340198284586076,0.18252978326653374,0.01616582276802117,-0.00645049291294582,-0.14863397,-0.20174195,-0.16848688,[-0.03236645  0.22737189 -0.03888673],/home/rastic/adil_RL/isaac-sim-standalone@4.5.0-rc.36+release.19112.f59b3005.gl.linux-x86_64.release/SE952--Bittle-Quadruped/camera_images_plane1/frame_0290.png
291,0.7617697581361741,0.02691607736028212,-0.02691607736028212,-0.7617697581361741,0.034658687395000665,1.0095073366869773,-1.0095073366869773,-0.034658687395000665,0.1781205612957029,0.011086999333130445,-0.011899643400210881,-0.026282255,-0.21733797,-0.12235059,[-0.11570752  0.21152803 -0.00323943],/home/rastic/adil_RL/isaac-sim-standalone@4.5.0-rc.36+release.19112.f59b3005.gl.linux-x86_64.release/SE952--Bittle-Quadruped/camera_images_plane1/frame_0291.png
292,0.4320178659354046,0.46306784734684503,-0.46306784734684503,-0.43201786593540437,0.1888513630601969,0.8568691815526093,-0.8568691815526093,-0.18885136306019712,0.17505456795723523,0.004423770115389357,-0.017086968086198057,-0.25814724,-0.043583013,-0.057051137,[-0.03441261  0.1968268  -0.04561866],/home/rastic/adil_RL/isaac-sim-standalone@4.5.0-rc.36+release.19112.f59b3005.gl.linux-x86_64.release/SE952--Bittle-Quadruped/camera_images_plane1/frame_0292.png
293,-0.21721881495813888,0.452414635659363,-0.452414635659363,0.21721881495813888,1.3024727491132524,1.388085525930793,-1.3880855259307932,-1.3024727491132524,0.17246695044232815,0.0025096466566395434,-0.020033058219441527,0.22795677,-0.009174544,-0.026449563,[-0.00082816  0.335868    0.01505931],/home/rastic/adil_RL/isaac-sim-standalone@4.5.0-rc.36+release.19112.f59b3005.gl.linux-x86_64.release/SE952--Bittle-Quadruped/camera_images_plane1/frame_0293.png
294,-0.38215418674701973,0.858001363022699,-0.8580013630226992,0.38215418674701973,1.5705062534497158,0.5883765047900527,-0.5883765047900527,-1.5705062534497158,0.17589424899385667,0.003144839840019366,-0.019716784683409358,-0.0932893,0.21860185,0.060432926,[ 0.0602436   0.21059844 -0.06918466],/home/rastic/adil_RL/isaac-sim-standalone@4.5.0-rc.36+release.19112.f59b3005.gl.linux-x86_64.release/SE952--Bittle-Quadruped/camera_images_plane1/frame_0294.png
295,0.04243190960714438,0.8756552529242602,-0.8756552529242602,-0.04243190960714438,0.9950804219941471,0.08176030454867844,-0.08176030454867844,-0.9950804219941471,0.17303688734657346,0.010791298829484859,-0.016740383655390014,0.034411732,0.13428159,0.020515565,[0.09486181 0.19525892 0.04185548],/home/rastic/adil_RL/isaac-sim-standalone@4.5.0-rc.36+release.19112.f59b3005.gl.linux-x86_64.release/SE952--Bittle-Quadruped/camera_images_plane1/frame_0295.png
296,0.4673963985901417,0.6004745091532432,-0.6004745091532432,-0.4673963985901417,0.860729957007607,0.07457840158603724,-0.07457840158603724,-0.860729957007607,0.17192722473027355,0.015115609435157459,-0.015348936226650553,-0.16366795,0.01736506,-0.024593813,[ 0.02983724  0.19022608 -0.04813529],/home/rastic/adil_RL/isaac-sim-standalone@4.5.0-rc.36+release.19112.f59b3005.gl.linux-x86_64.release/SE952--Bittle-Quadruped/camera_images_plane1/frame_0296.png
297,0.45041705804413623,0.2044443069405586,-0.2044443069405586,-0.45041705804413623,1.3934318379425485,0.44478326321344486,-0.44478326321344486,-1.3934318379425485,0.1711474083455923,0.017374080166812668,-0.014931677302824088,0.30313027,0.075979084,-0.015461206,[0.05819512 0.43635595 0.08828683],/home/rastic/adil_RL/isaac-sim-standalone@4.5.0-rc.36+release.19112.f59b3005.gl.linux-x86_64.release/SE952--Bittle-Quadruped/camera_images_plane1/frame_0297.png
298,0.8552782806984613,-0.3845742140856554,0.3845742140856554,-0.8552782806984613,0.5959015368079785,1.57050654267544,-1.57050654267544,-0.5959015368079785,0.1774048615551536,0.01862903772297471,-0.015867044176337077,-0.099094346,-0.22331244,-0.10397835,[-0.00877324  0.29015118  0.01713722],/home/rastic/adil_RL/isaac-sim-standalone@4.5.0-rc.36+release.19112.f59b3005.gl.linux-x86_64.release/SE952--Bittle-Quadruped/camera_images_plane1/frame_0298.png
299,0.881808447963835,-0.16690746915722854,0.16690746915722854,-0.881808447963835,0.08852544281453367,1.2313737113109415,-1.2313737113109415,-0.08852544281453367,0.1749072940127021,0.012414626227529446,-0.0197159282285735,0.07024865,-0.2061127,-0.03689607,[-0.09509192  0.22459629  0.05151439],/home/rastic/adil_RL/isaac-sim-standalone@4.5.0-rc.36+release.19112.f59b3005.gl.linux-x86_64.release/SE952--Bittle-Quadruped/camera_images_plane1/frame_0299.png
300,0.616321948548213,0.2621682821435356,-0.2621682821435356,-0.616321948548213,0.06728832239931648,0.847190857277347,-0.847190857277347,-0.06728832239931648,0.17512706209683448,0.007066653717560764,-0.02157745532487146,-0.18550697,-0.057216212,0.009515675,[-0.01740306  0.21627882 -0.00701643],/home/rastic/adil_RL/isaac-sim-standalone@4.5.0-rc.36+release.19112.f59b3005.gl.linux-x86_64.release/SE952--Bittle-Quadruped/camera_images_plane1/frame_0300.png
301,0.23657573717046732,0.5267527722137206,-0.5267527722137206,-0.23657573717046698,0.4014842596926709,1.0268506717922474,-1.0268506717922474,-0.4014842596926713,0.16937465327199813,0.005651695473188629,-0.022347644390869663,-0.1493704,0.0950748,-0.044266347,[0.05285057 0.25432804 0.02124575],/home/rastic/adil_RL/isaac-sim-standalone@4.5.0-rc.36+release.19112.f59b3005.gl.linux-x86_64.release/SE952--Bittle-Quadruped/camera_images_plane1/frame_0301.png
302,-0.3814596560666381,0.5087005270286973,-0.5087005270286988,0.38145965606663834,1.5705061706582832,1.3301935271283452,-1.3301935271283418,-1.5705061706582835,0.16737760154121467,0.008125947808542913,-0.024010308181119152,0.2956841,0.053479046,-0.114491835,[ 0.00854742  0.21871614 -0.00180564],/home/rastic/adil_RL/isaac-sim-standalone@4.5.0-rc.36+release.19112.f59b3005.gl.linux-x86_64.release/SE952--Bittle-Quadruped/camera_images_plane1/frame_0302.png
303,-0.22078401120645497,0.9220113334883309,-0.9220113334883308,0.22078401120645497,1.3077503810364626,0.3544372160985281,-0.3544372160985284,-1.3077503810364624,0.174154032410908,0.007728038910104594,-0.02669817340378277,0.033646382,0.22479239,-0.009784702,[ 0.07513107  0.2565293  -0.04671631],/home/rastic/adil_RL/isaac-sim-standalone@4.5.0-rc.36+release.19112.f59b3005.gl.linux-x86_64.release/SE952--Bittle-Quadruped/camera_images_plane1/frame_0303.png
304,0.20922063979909744,0.8504003135438852,-0.8504003135438852,-0.20922063979909744,0.8723106716689037,0.06086243629992327,-0.06086243629992327,-0.8723106716689037,0.17395071702684284,0.014146671303409469,-0.02534492337053733,0.1507892,0.11202042,-0.0064940145,[0.0881855  0.21698499 0.08500765],/home/rastic/adil_RL/isaac-sim-standalone@4.5.0-rc.36+release.19112.f59b3005.gl.linux-x86_64.release/SE952--Bittle-Quadruped/camera_images_plane1/frame_0304.png
305,0.520249415157245,0.5175789494106106,-0.5175789494106106,-0.520249415157245,0.966894778372595,0.12266527188484688,-0.12266527188484688,-0.966894778372595,0.1769370558900432,0.017484486600842196,-0.025922591986614396,-0.017674098,-0.030135782,-0.090787426,[ 0.02457719  0.22852066 -0.0050532 ],/home/rastic/adil_RL/isaac-sim-standalone@4.5.0-rc.36+release.19112.f59b3005.gl.linux-x86_64.release/SE952--Bittle-Quadruped/camera_images_plane1/frame_0305.png
306,0.3851882191387417,0.1219700876467813,-0.1219700876467813,-0.3851882191387417,1.570506581866457,0.5669855579256776,-0.5669855579256776,-1.5705065818664568,0.17933594966915875,0.019228469819534313,-0.02698633904126866,0.29248488,0.059995912,-0.033101592,[0.05893267 0.37513694 0.0779279 ],/home/rastic/adil_RL/isaac-sim-standalone@4.5.0-rc.36+release.19112.f59b3005.gl.linux-x86_64.release/SE952--Bittle-Quadruped/camera_images_plane1/frame_0306.png
307,0.9241956732972397,-0.3852591188391463,0.3852591188391463,-0.9241956732972397,0.34008190119746595,1.5705066247404362,-1.5705066247404362,-0.34008190119746595,0.18397420916949592,0.019668029170487582,-0.029799933819766353,-0.14873731,-0.212746,-0.17078936,[-0.01265902  0.24073188 -0.01619923],/home/rastic/adil_RL/isaac-sim-standalone@4.5.0-rc.36+release.19112.f59b3005.gl.linux-x86_64.release/SE952--Bittle-Quadruped/camera_images_plane1/frame_0307.png
308,0.767009162388812,0.0009128449759014945,-0.0009128449759017165,-0.767009162388812,0.034904117908095444,1.034779250015018,-1.0347792500150175,-0.034904117908095444,0.1795226543951671,0.014160384539186537,-0.03573108166212829,-0.012625979,-0.2184355,-0.124610186,[-0.09616125  0.22826503  0.00689868],/home/rastic/adil_RL/isaac-sim-standalone@4.5.0-rc.36+release.19112.f59b3005.gl.linux-x86_64.release/SE952--Bittle-Quadruped/camera_images_plane1/frame_0308.png
309,0.43926562748567866,0.45004732852927254,-0.45004732852927254,-0.43926562748567866,0.18261063599332605,0.8470824997979092,-0.8470824997979092,-0.18261063599332605,0.17706824801385462,0.008735077711205283,-0.040184841983364424,-0.25529754,-0.06890789,-0.0689482,[-0.02061144  0.21193735 -0.03944918],/home/rastic/adil_RL/isaac-sim-standalone@4.5.0-rc.36+release.19112.f59b3005.gl.linux-x86_64.release/SE952--Bittle-Quadruped/camera_images_plane1/frame_0309.png
310,-0.20983109444012182,0.46817757796285964,-0.46817757796285964,0.20983109444012182,1.2916407794628078,1.3437740747511244,-1.3437740747511244,-1.2916407794628078,0.173288954903451,0.0068541361245465955,-0.04387269268878463,0.20707618,0.022514643,-0.033870943,[0.02383557 0.3491067  0.00560509],/home/rastic/adil_RL/isaac-sim-standalone@4.5.0-rc.36+release.19112.f59b3005.gl.linux-x86_64.release/SE952--Bittle-Quadruped/camera_images_plane1/frame_0310.png
311,-0.38283520591071385,0.8411318601572331,-0.8411318601572331,0.38283520591071385,1.5705063347235124,0.633712495145561,-0.633712495145561,-1.5705063347235124,0.1764556785359089,0.007493999149823433,-0.04418636215726072,-0.071010865,0.21594039,0.017718345,[ 0.07682566  0.23414467 -0.08887576],/home/rastic/adil_RL/isaac-sim-standalone@4.5.0-rc.36+release.19112.f59b3005.gl.linux-x86_64.release/SE952--Bittle-Quadruped/camera_images_plane1/frame_0311.png
312,0.033880624863339204,0.8882537537496894,-0.8882537537496894,-0.033880624863339204,1.0029710812054768,0.09657375165084714,-0.09657375165084714,-1.0029710812054768,0.1741185740642988,0.012734494697770007,-0.042545690999795445,-0.030646034,0.14269696,0.021578943,[0.10605781 0.22919784 0.01470242],/home/rastic/adil_RL/isaac-sim-standalone@4.5.0-rc.36+release.19112.f59b3005.gl.linux-x86_64.release/SE952--Bittle-Quadruped/camera_images_plane1/frame_0312.png
313,0.46297562158003447,0.6263258563968522,-0.6263258563968522,-0.46297562158003447,0.8567905256616197,0.06301856791819904,-0.06301856791819904,-0.8567905256616197,0.17180632114042663,0.01799427593574847,-0.04105096387151946,-0.19785562,0.042075507,-0.004435153,[ 0.05163158  0.22490107 -0.06651786],/home/rastic/adil_RL/isaac-sim-standalone@4.5.0-rc.36+release.19112.f59b3005.gl.linux-x86_64.release/SE952--Bittle-Quadruped/camera_images_plane1/frame_0313.png
314,0.4571216550079076,0.22998350461111472,-0.22998350461111472,-0.4571216550079076,1.3752659210429752,0.4101718917679137,-0.4101718917679136,-1.3752659210429752,0.17077244037848816,0.021143761978795157,-0.04016168426962642,0.30542964,0.10436062,-0.012278665,[0.08435243 0.4623247  0.06059184],/home/rastic/adil_RL/isaac-sim-standalone@4.5.0-rc.36+release.19112.f59b3005.gl.linux-x86_64.release/SE952--Bittle-Quadruped/camera_images_plane1/frame_0314.png
315,0.8482741337152346,-0.38317470254214614,0.38317470254214614,-0.8482741337152346,0.6148743692710961,1.570506375273848,-1.570506375273848,-0.6148743692710961,0.1753593612532602,0.022515608580020448,-0.04087935276284552,-0.13039382,-0.18649992,-0.079088554,[0.00880255 0.31705076 0.00958489],/home/rastic/adil_RL/isaac-sim-standalone@4.5.0-rc.36+release.19112.f59b3005.gl.linux-x86_64.release/SE952--Bittle-Quadruped/camera_images_plane1/frame_0315.png
316,0.8873986116081378,-0.18856853585895705,0.18856853585895705,-0.8873986116081378,0.09544222183431805,1.2612298944259714,-1.2612298944259714,-0.09544222183431805,0.17165761758704756,0.0165659390039138,-0.04427067385353946,0.07482335,-0.19956864,-0.019142771,[-0.0765353   0.24019286  0.06568297],/home/rastic/adil_RL/isaac-sim-standalone@4.5.0-rc.36+release.19112.f59b3005.gl.linux-x86_64.release/SE952--Bittle-Quadruped/camera_images_plane1/frame_0316.png
317,0.6284901557759583,0.24353104273397919,-0.24353104273397919,-0.6284901557759583,0.06212927808878266,0.8551556181311135,-0.8551556181311135,-0.06212927808878266,0.17121602486986323,0.011350274716161148,-0.045564358387880685,-0.21747772,-0.037851367,0.01425415,[-0.00575887  0.23412938  0.00967173],/home/rastic/adil_RL/isaac-sim-standalone@4.5.0-rc.36+release.19112.f59b3005.gl.linux-x86_64.release/SE952--Bittle-Quadruped/camera_images_plane1/frame_0317.png
318,0.24960523488434605,0.5256206493548741,-0.5256206493548741,-0.24960523488434605,0.38460932638845247,1.0068716427232232,-1.0068716427232232,-0.38460932638845247,0.16474276875165042,0.010527377751306395,-0.04621067458897307,-0.259822,0.07568836,-0.03130274,[ 0.06010951  0.25953397 -0.00312249],/home/rastic/adil_RL/isaac-sim-standalone@4.5.0-rc.36+release.19112.f59b3005.gl.linux-x86_64.release/SE952--Bittle-Quadruped/camera_images_plane1/frame_0318.png
319,-0.380223980117228,0.3879296114644699,-0.3879296114644699,0.380223980117228,1.5705060235972548,1.5705052428773216,-1.5705052428773218,-1.5705060235972546,0.1603520899162014,0.01257194913258834,-0.047991970290230515,0.32667723,-0.008468531,-0.088669665,[ 0.0267949   0.21428685 -0.02973117],/home/rastic/adil_RL/isaac-sim-standalone@4.5.0-rc.36+release.19112.f59b3005.gl.linux-x86_64.release/SE952--Bittle-Quadruped/camera_images_plane1/frame_0319.png
320,-0.23361044820176535,0.9168130272706589,-0.9168130272706589,0.23361044820176557,1.3270141031684235,0.3834726342795809,-0.3834726342795809,-1.327014103168424,0.16699100633306696,0.010336273930392798,-0.05045559683641818,-0.09447349,0.088929154,-0.008578122,[ 0.01206178  0.17948975 -0.06125329],/home/rastic/adil_RL/isaac-sim-standalone@4.5.0-rc.36+release.19112.f59b3005.gl.linux-x86_64.release/SE952--Bittle-Quadruped/camera_images_plane1/frame_0320.png
321,0.1977226524309843,0.8633372179443817,-0.8633372179443817,-0.1977226524309843,0.8787402933497539,0.07037454443075153,-0.07037454443075153,-0.8787402933497539,0.1660123082457731,0.011652137259689934,-0.05024353788749713,0.11269755,0.10615619,-0.00018026051,[0.07522707 0.18808684 0.08699138],/home/rastic/adil_RL/isaac-sim-standalone@4.5.0-rc.36+release.19112.f59b3005.gl.linux-x86_64.release/SE952--Bittle-Quadruped/camera_images_plane1/frame_0321.png
322,0.5180193532333188,0.5403387343622895,-0.5403387343622895,-0.5180193532333188,0.9564432237418703,0.10784931085083893,-0.10784931085083882,-0.9564432237418703,0.16883203657763768,0.015241263981348327,-0.0499202002821974,-0.037766356,-0.030974476,-0.057337563,[ 0.0179161   0.20467933 -0.00296963],/home/rastic/adil_RL/isaac-sim-standalone@4.5.0-rc.36+release.19112.f59b3005.gl.linux-x86_64.release/SE952--Bittle-Quadruped/camera_images_plane1/frame_0322.png
323,0.3845157885459254,0.14375509555420551,-0.14375509555420551,-0.3845157885459256,1.5705065013425916,0.5331546134035903,-0.5331546134035903,-1.5705065013425912,0.1724508211312398,0.01714211463657314,-0.050210726019872524,0.38372818,0.08796661,0.0012892333,[0.07491325 0.43030983 0.11253014],/home/rastic/adil_RL/isaac-sim-standalone@4.5.0-rc.36+release.19112.f59b3005.gl.linux-x86_64.release/SE952--Bittle-Quadruped/camera_images_plane1/frame_0323.png
324,0.9213148910041871,-0.3857096815036998,0.3857096815037,-0.9213148910041868,0.3586816221736602,1.570506678776888,-1.5705066787768882,-0.3586816221736604,0.17856967189117803,0.0184699479083233,-0.051219041586018955,-0.08306198,-0.15438606,-0.116897225,[0.00740307 0.2646232  0.01289243],/home/rastic/adil_RL/isaac-sim-standalone@4.5.0-rc.36+release.19112.f59b3005.gl.linux-x86_64.release/SE952--Bittle-Quadruped/camera_images_plane1/frame_0324.png
325,0.7791333645913752,-0.01786048804135687,0.01786048804135687,-0.7791333645913752,0.035971602001412695,1.0538740218264455,-1.0538740218264455,-0.035971602001412695,0.17571807422355615,0.013696808214936216,-0.0553148350311503,0.077790454,-0.20668526,-0.04025655,[-0.08906458  0.24331157  0.047521  ],/home/rastic/adil_RL/isaac-sim-standalone@4.5.0-rc.36+release.19112.f59b3005.gl.linux-x86_64.release/SE952--Bittle-Quadruped/camera_images_plane1/frame_0325.png
326,0.4552567023649221,0.4398590746759412,-0.4398590746759412,-0.4552567023649219,0.16925467726140508,0.841026032826713,-0.841026032826713,-0.1692546772614052,0.17496404136286428,0.00826513025972631,-0.057340035662519995,-0.23869108,-0.047131885,0.0050289384,[-0.01208022  0.23869945 -0.03636965],/home/rastic/adil_RL/isaac-sim-standalone@4.5.0-rc.36+release.19112.f59b3005.gl.linux-x86_64.release/SE952--Bittle-Quadruped/camera_images_plane1/frame_0326.png
327,-0.19562621648311684,0.4780033640403798,-0.4780033640403798,0.19562621648311684,1.2712004424127452,1.3138123032202644,-1.3138123032202644,-1.2712004424127452,0.17258708732858682,0.006597473649533961,-0.058339030485901534,0.24996622,-0.013439849,-0.0060407203,[0.02640845 0.39624083 0.0208634 ],/home/rastic/adil_RL/isaac-sim-standalone@4.5.0-rc.36+release.19112.f59b3005.gl.linux-x86_64.release/SE952--Bittle-Quadruped/camera_images_plane1/frame_0327.png
328,-0.3838651105573627,0.8271994155717255,-0.8271994155717255,0.3838651105573625,1.5705064578082224,0.669208291277654,-0.6692082912776538,-1.570506457808222,0.17765789313427136,0.006489677272903187,-0.05760734195775066,-0.053642605,0.25533992,0.071388416,[ 0.08232109  0.2950472  -0.08093332],/home/rastic/adil_RL/isaac-sim-standalone@4.5.0-rc.36+release.19112.f59b3005.gl.linux-x86_64.release/SE952--Bittle-Quadruped/camera_images_plane1/frame_0328.png
329,0.019741391042298995,0.8968818049423758,-0.8968818049423758,-0.019741391042298995,1.0163436176306406,0.10929093560635172,-0.1092909356063515,-1.0163436176306406,0.176019685210045,0.012355567464914749,-0.05426429962203785,-0.03167583,0.16121638,0.047708917,[ 0.10733888  0.2710758  -0.00165032],/home/rastic/adil_RL/isaac-sim-standalone@4.5.0-rc.36+release.19112.f59b3005.gl.linux-x86_64.release/SE952--Bittle-Quadruped/camera_images_plane1/frame_0329.png
330,0.45580009483668094,0.6461779245138898,-0.6461779245138898,-0.45580009483668094,0.8510947410055558,0.05533093021165403,-0.05533093021165403,-0.8510947410055558,0.17369740329653324,0.016733335773457664,-0.0522070428794584,-0.18602052,0.069112904,0.004616704,[ 0.05358579  0.26270837 -0.07668011],/home/rastic/adil_RL/isaac-sim-standalone@4.5.0-rc.36+release.19112.f59b3005.gl.linux-x86_64.release/SE952--Bittle-Quadruped/camera_images_plane1/frame_0330.png
331,0.4661093818822477,0.25044722502354,-0.25044722502354,-0.4661093818822477,1.3498272872718546,0.3835323376751002,-0.3835323376751003,-1.3498272872718549,0.17177803123513666,0.02038726993893064,-0.05082992489348794,0.29168856,0.06699568,-0.038712643,[0.07413264 0.48275247 0.04977316],/home/rastic/adil_RL/isaac-sim-standalone@4.5.0-rc.36+release.19112.f59b3005.gl.linux-x86_64.release/SE952--Bittle-Quadruped/camera_images_plane1/frame_0331.png
332,0.8376919392871653,-0.38165017789394184,0.38165017789394184,-0.8376919392871653,0.6426210141162123,1.570506193359864,-1.5705061933598639,-0.6426210141162123,0.17573259665602853,0.021418223421898617,-0.05232672155161777,-0.14931643,-0.22019544,-0.10451394,[0.00071662 0.33289328 0.00121829],/home/rastic/adil_RL/isaac-sim-standalone@4.5.0-rc.36+release.19112.f59b3005.gl.linux-x86_64.release/SE952--Bittle-Quadruped/camera_images_plane1/frame_0332.png
333,0.8945667549719154,-0.2065575683243115,0.2065575683243117,-0.8945667549719154,0.10562480176226097,1.2868855157862549,-1.2868855157862553,-0.10562480176226097,0.17197023023460098,0.01588019230911785,-0.055911037070308096,0.009995017,-0.18906337,-0.04897508,[-0.07996664  0.2618959   0.04340496],/home/rastic/adil_RL/isaac-sim-standalone@4.5.0-rc.36+release.19112.f59b3005.gl.linux-x86_64.release/SE952--Bittle-Quadruped/camera_images_plane1/frame_0333.png
334,0.644823492623717,0.22781198328015084,-0.22781198328015084,-0.644823492623717,0.05582151444837591,0.862627455632913,-0.862627455632913,-0.05582151444837591,0.17041854904504117,0.009908761924472055,-0.0584517868130212,-0.25423205,-0.010030795,-0.0064219087,[-0.00828632  0.24470297 -0.00150232],/home/rastic/adil_RL/isaac-sim-standalone@4.5.0-rc.36+release.19112.f59b3005.gl.linux-x86_64.release/SE952--Bittle-Quadruped/camera_images_plane1/frame_0334.png
335,0.2668116045551605,0.5240179091807653,-0.5240179091807651,-0.2668116045551605,0.3629251599288067,0.9909007343698812,-0.9909007343698815,-0.3629251599288068,0.16204253273653113,0.009403970862354581,-0.05962854607300303,-0.29844862,0.091626205,-0.042769946,[ 0.0521964   0.25701746 -0.01446738],/home/rastic/adil_RL/isaac-sim-standalone@4.5.0-rc.36+release.19112.f59b3005.gl.linux-x86_64.release/SE952--Bittle-Quadruped/camera_images_plane1/frame_0335.png
336,-0.3784212634529003,0.38606678240856507,-0.38606678240856485,0.3784212634529003,1.570505809599243,1.5705066872086821,-1.5705066872086826,-1.570505809599243,0.157775621288853,0.011202717761651026,-0.06124411674698709,0.24049577,-0.028563049,-0.08397326,[ 0.01783196  0.22638436 -0.02753847],/home/rastic/adil_RL/isaac-sim-standalone@4.5.0-rc.36+release.19112.f59b3005.gl.linux-x86_64.release/SE952--Bittle-Quadruped/camera_images_plane1/frame_0336.png
337,-0.24989635990254389,0.9299555947029158,-0.9299555947029156,0.24989635990254389,1.352116466284796,0.28271553654509074,-0.28271553654509074,-1.352116466284796,0.16452717729228494,0.008992970132864465,-0.06349264767793307,-0.11048428,0.119945034,0.023876756,[ 0.00956579  0.1922235  -0.06025489],/home/rastic/adil_RL/isaac-sim-standalone@4.5.0-rc.36+release.19112.f59b3005.gl.linux-x86_64.release/SE952--Bittle-Quadruped/camera_images_plane1/frame_0337.png
338,0.1846980949242567,0.7196695682058474,-0.7196695682058474,-0.18469809492425693,0.8864170987027913,0.03685648412320153,-0.03685648412320153,-0.8864170987027911,0.1623073370646757,0.010866668665358209,-0.062364083571554436,0.010279296,0.11710045,0.054940097,[0.07185517 0.1951136  0.02297646],/home/rastic/adil_RL/isaac-sim-standalone@4.5.0-rc.36+release.19112.f59b3005.gl.linux-x86_64.release/SE952--Bittle-Quadruped/camera_images_plane1/frame_0338.png
339,0.5172158133081133,0.3752220027845208,-0.3752220027845208,-0.5172158133081133,0.9530784812275264,0.24179740743533595,-0.24179740743533595,-0.9530784812275264,0.16153700382870081,0.014003721480082658,-0.06031025946054701,-0.1131563,0.013158377,0.006936094,[ 0.0136698   0.2025311  -0.04594686],/home/rastic/adil_RL/isaac-sim-standalone@4.5.0-rc.36+release.19112.f59b3005.gl.linux-x86_64.release/SE952--Bittle-Quadruped/camera_images_plane1/frame_0339.png
340,0.3845369664676468,-0.2780869890016855,0.2780869890016855,-0.3845369664676468,1.5705065038772992,1.397373511150213,-1.397373511150213,-1.5705065038772992,0.16024735953270267,0.015507475817655098,-0.058994637509803736,0.14396258,-0.13590433,-0.013719624,[-0.02456024  0.25902963  0.02556996],/home/rastic/adil_RL/isaac-sim-standalone@4.5.0-rc.36+release.19112.f59b3005.gl.linux-x86_64.release/SE952--Bittle-Quadruped/camera_images_plane1/frame_0340.png
341,0.9226620501695565,-0.3744946469112935,0.3744946469112935,-0.9226620501695565,0.35033994858268047,1.5705053457458986,-1.5705053457458986,-0.3503399485826807,0.1614976151899003,0.010817735032477765,-0.06131406913992589,-0.07921355,-0.23000073,-0.11275295,[-0.07606418  0.1872192  -0.06618603],/home/rastic/adil_RL/isaac-sim-standalone@4.5.0-rc.36+release.19112.f59b3005.gl.linux-x86_64.release/SE952--Bittle-Quadruped/camera_images_plane1/frame_0341.png
342,0.7692272630927712,0.1075352324878307,-0.1075352324878307,-0.7692272630927712,0.035046345906070364,0.9399421963566257,-0.9399421963566257,-0.035046345906070364,0.15885620894805863,0.0054689406159801925,-0.065154071331668,0.07039984,-0.13661826,-0.038326796,[-0.07413639  0.19836587  0.09670834],/home/rastic/adil_RL/isaac-sim-standalone@4.5.0-rc.36+release.19112.f59b3005.gl.linux-x86_64.release/SE952--Bittle-Quadruped/camera_images_plane1/frame_0342.png
343,0.4389182310653391,0.4960265135415536,-0.4960265135415536,-0.4389182310653391,0.1829070995359532,0.8976938454392496,-0.8976938454392496,-0.1829070995359532,0.159425381367461,0.0011980932278240564,-0.06652388341053496,-0.16492614,0.00016083755,0.038624473,[ 0.00706277  0.2049389  -0.00142936],/home/rastic/adil_RL/isaac-sim-standalone@4.5.0-rc.36+release.19112.f59b3005.gl.linux-x86_64.release/SE952--Bittle-Quadruped/camera_images_plane1/frame_0343.png
344,-0.21571675414243296,0.3768001360481916,-0.3768001360481916,0.21571675414243296,1.3002590704781916,1.5705055838213855,-1.5705055838213855,-1.3002590704781913,0.15988577534963622,-0.00019966252280810914,-0.0668145263510538,0.28385025,-0.0027023694,0.023649432,[0.02061743 0.362834   0.08387835],/home/rastic/adil_RL/isaac-sim-standalone@4.5.0-rc.36+release.19112.f59b3005.gl.linux-x86_64.release/SE952--Bittle-Quadruped/camera_images_plane1/frame_0344.png
345,-0.38196206595621596,0.8981634739051043,-0.8981634739051041,0.38196206595621596,1.5705062305383908,0.46246552545138053,-0.462465525451381,-1.570506230538391,0.16489831765064947,-0.00017585046680006076,-0.06538275797296347,-0.057330236,0.17443481,0.08839254,[ 0.06950184  0.22867762 -0.04596653],/home/rastic/adil_RL/isaac-sim-standalone@4.5.0-rc.36+release.19112.f59b3005.gl.linux-x86_64.release/SE952--Bittle-Quadruped/camera_images_plane1/frame_0345.png
346,0.047269262351550934,0.8293201986816805,-0.8293201986816805,-0.047269262351550934,0.9906827113977095,0.049400623576064784,-0.049400623576064784,-0.9906827113977095,0.16314147063505421,0.0061411330914327685,-0.061611544843728744,0.122287504,0.13822289,0.008586276,[0.09725631 0.21611476 0.09165642],/home/rastic/adil_RL/isaac-sim-standalone@4.5.0-rc.36+release.19112.f59b3005.gl.linux-x86_64.release/SE952--Bittle-Quadruped/camera_images_plane1/frame_0346.png
347,0.4708316434640363,0.5221625435101266,-0.5221625435101264,-0.4708316434640363,0.8640445086463682,0.11958567709758339,-0.1195856770975835,-0.8640445086463682,0.16426216019802362,0.00996859397299721,-0.06101005639696637,-0.1151201,0.022230048,-0.060528398,[ 0.0227778   0.2149135  -0.02442941],/home/rastic/adil_RL/isaac-sim-standalone@4.5.0-rc.36+release.19112.f59b3005.gl.linux-x86_64.release/SE952--Bittle-Quadruped/camera_images_plane1/frame_0347.png
348,0.4431823558863288,0.13080366257827625,-0.13080366257827603,-0.4431823558863286,1.412363298904934,0.553133322904081,-0.5531333229040813,-1.4123632989049342,0.16499538978788897,0.011889640970109507,-0.06126060463932074,0.33927926,0.063478425,-0.002161014,[0.06293177 0.43948135 0.10810602],/home/rastic/adil_RL/isaac-sim-standalone@4.5.0-rc.36+release.19112.f59b3005.gl.linux-x86_64.release/SE952--Bittle-Quadruped/camera_images_plane1/frame_0348.png
349,0.8629291531254939,-0.38564767554646195,0.38564767554646195,-0.8629291531254939,0.5745246521649556,1.5705066713380869,-1.5705066713380869,-0.5745246521649556,0.1723652815919805,0.012716074439809108,-0.062200853762104304,-0.042080596,-0.21676672,-0.10118862,[-0.00486022  0.29862767  0.01134378],/home/rastic/adil_RL/isaac-sim-standalone@4.5.0-rc.36+release.19112.f59b3005.gl.linux-x86_64.release/SE952--Bittle-Quadruped/camera_images_plane1/frame_0349.png
350,0.8740565802701276,-0.018140975488869726,0.018140975488869504,-0.8740565802701276,0.08013073559240735,1.054164713753366,-1.0541647137533656,-0.08013073559240735,0.171474431816827,0.006567680926231642,-0.06598390593960383,0.092376284,-0.21639839,-0.041865967,[-0.09569822  0.2435466   0.03093469],/home/rastic/adil_RL/isaac-sim-standalone@4.5.0-rc.36+release.19112.f59b3005.gl.linux-x86_64.release/SE952--Bittle-Quadruped/camera_images_plane1/frame_0350.png
351,0.6006677569867117,0.4377101614972485,-0.4377101614972485,-0.6006677569867117,0.07448567908370873,0.8399031387319786,-0.8399031387319786,-0.07448567908370873,0.17214864347009562,0.0009639460223634887,-0.06797756539614216,-0.16269393,-0.050260965,0.02453106,[-0.00789126  0.22229068 -0.03477661],/home/rastic/adil_RL/isaac-sim-standalone@4.5.0-rc.36+release.19112.f59b3005.gl.linux-x86_64.release/SE952--Bittle-Quadruped/camera_images_plane1/frame_0351.png
352,0.21013824424232164,0.4817297824725211,-0.4817297824725213,-0.21013824424232141,0.43693499487813736,1.3018512321087563,-1.301851232108756,-0.4369349948781376,0.17124077834292423,-0.0011370943515658849,-0.06817988272364019,0.27106282,0.06998916,0.048362076,[0.0599728  0.42253754 0.09070908],/home/rastic/adil_RL/isaac-sim-standalone@4.5.0-rc.36+release.19112.f59b3005.gl.linux-x86_64.release/SE952--Bittle-Quadruped/camera_images_plane1/frame_0352.png
353,-0.38408555459729565,0.8173899973471312,-0.8173899973471312,0.38408555459729565,1.570506484180881,0.6933610238458234,-0.6933610238458232,-1.570506484180881,0.17637361461966597,-9.419629364234574e-05,-0.06680190567088146,0.05850502,0.14539081,0.039357908,[ 0.096965    0.26239252 -0.00148986],/home/rastic/adil_RL/isaac-sim-standalone@4.5.0-rc.36+release.19112.f59b3005.gl.linux-x86_64.release/SE952--Bittle-Quadruped/camera_images_plane1/frame_0353.png
354,-0.1786758720916608,0.904037861969828,-0.904037861969828,0.1786758720916608,1.2474566630979027,0.12209756360488189,-0.12209756360488211,-1.247456663097903,0.1770451829065891,0.005538803905774626,-0.06455229040927925,-0.012024261,0.16397673,0.02743544,[0.11699992 0.2380805  0.0347559 ],/home/rastic/adil_RL/isaac-sim-standalone@4.5.0-rc.36+release.19112.f59b3005.gl.linux-x86_64.release/SE952--Bittle-Quadruped/camera_images_plane1/frame_0354.png
355,0.25054587408952056,0.6666871900815563,-0.6666871900815563,-0.25054587408952056,0.852041211524688,0.048530199891341774,-0.048530199891341774,-0.852041211524688,0.1762065734648479,0.01121544787832103,-0.06329093182506249,-0.15716873,0.023070516,-0.04176806,[ 0.03993876  0.23678192 -0.04767986],/home/rastic/adil_RL/isaac-sim-standalone@4.5.0-rc.36+release.19112.f59b3005.gl.linux-x86_64.release/SE952--Bittle-Quadruped/camera_images_plane1/frame_0355.png
356,0.5260264973780271,0.28629290662925055,-0.2862929066292508,-0.5260264973780271,1.0124057436476837,0.33919462891916785,-0.3391946289191675,-1.0124057436476837,0.1720782485432741,0.012859162432044328,-0.06371854584256867,-0.09952258,-0.02252902,-0.016831476,[-0.00961319  0.2482046  -0.02454237],/home/rastic/adil_RL/isaac-sim-standalone@4.5.0-rc.36+release.19112.f59b3005.gl.linux-x86_64.release/SE952--Bittle-Quadruped/camera_images_plane1/frame_0356.png
357,0.43130048480688243,-0.3766081500667624,0.3766081500667624,-0.43130048480688243,1.483283661086902,1.5705055950268454,-1.5705055950268456,-1.483283661086902,0.17105584449767977,0.012774321290413235,-0.063127549150269,0.06369375,-0.19820915,0.04209114,[-0.07330023  0.19385245  0.05001367],/home/rastic/adil_RL/isaac-sim-standalone@4.5.0-rc.36+release.19112.f59b3005.gl.linux-x86_64.release/SE952--Bittle-Quadruped/camera_images_plane1/frame_0357.png
358,0.9168552653188031,-0.2611991479751907,0.2611991479751907,-0.9168552653188031,0.3832569528451548,1.3699785486235696,-1.3699785486235696,-0.3832569528451548,0.17335319066673094,0.006248629337030318,-0.06376356705256765,0.013665941,-0.26967993,-0.06079705,[-0.10247928  0.20794706 -0.04222462],/home/rastic/adil_RL/isaac-sim-standalone@4.5.0-rc.36+release.19112.f59b3005.gl.linux-x86_64.release/SE952--Bittle-Quadruped/camera_images_plane1/frame_0358.png
359,0.8642945637207302,0.1756803846080217,-0.1756803846080217,-0.8642945637207302,0.07117003848228509,0.8919713400912117,-0.8919713400912117,-0.07117003848228509,0.1731113210331689,0.000243444463780106,-0.06646719227099748,0.14877571,-0.1320832,-0.019924125,[-0.0704282  0.2087636  0.1060711],/home/rastic/adil_RL/isaac-sim-standalone@4.5.0-rc.36+release.19112.f59b3005.gl.linux-x86_64.release/SE952--Bittle-Quadruped/camera_images_plane1/frame_0359.png
360,0.5451360269394191,0.5135249387292731,-0.5135249387292731,-0.5451360269394189,0.10487935771390078,0.939560589667318,-0.939560589667318,-0.10487935771390078,0.17576269619352658,-0.0029427623939853372,-0.06677993519229601,-0.04711726,0.002266338,0.08225212,[0.0158472  0.21258783 0.02050748],/home/rastic/adil_RL/isaac-sim-standalone@4.5.0-rc.36+release.19112.f59b3005.gl.linux-x86_64.release/SE952--Bittle-Quadruped/camera_images_plane1/frame_0360.png
361,0.15114826924614944,0.3831506176241888,-0.3831506176241888,-0.15114826924614966,0.521926604722338,1.5705063381370457,-1.5705063381370457,-0.5219266047223379,0.1785335307651984,-0.004020447032316351,-0.06575979383473259,0.365654,-0.012397571,-0.004185808,[0.01963139 0.44039333 0.12819196],/home/rastic/adil_RL/isaac-sim-standalone@4.5.0-rc.36+release.19112.f59b3005.gl.linux-x86_64.release/SE952--Bittle-Quadruped/camera_images_plane1/frame_0361.png
362,-0.38578105344393654,0.9166367345840859,-0.9166367345840859,0.38578105344393654,1.5705066873402511,0.3843699884326067,-0.3843699884326065,-1.5705066873402511,0.18500363691855296,-0.0047931607875129805,-0.06500523981318378,-0.042167746,0.12277882,0.0704438,[0.05426152 0.2421255  0.00760794],/home/rastic/adil_RL/isaac-sim-standalone@4.5.0-rc.36+release.19112.f59b3005.gl.linux-x86_64.release/SE952--Bittle-Quadruped/camera_images_plane1/frame_0362.png
363,-0.029583185406545143,0.7931199966740314,-0.7931199966740314,0.029583185406545143,1.0661589903585165,0.03814138674477163,-0.03814138674477163,-1.0661589903585165,0.18384290889564311,-0.0011090973803312588,-0.06258534514688556,0.08043474,0.21586186,0.011048657,[0.15198646 0.22586194 0.03354812],/home/rastic/adil_RL/isaac-sim-standalone@4.5.0-rc.36+release.19112.f59b3005.gl.linux-x86_64.release/SE952--Bittle-Quadruped/camera_images_plane1/frame_0363.png
364,0.43077712600379536,0.47306582827849064,-0.47306582827849064,-0.43077712600379536,0.8366122296127521,0.15505109314742604,-0.15505109314742604,-0.8366122296127521,0.18434539014041687,0.006659415877748235,-0.06062349257874627,-0.21374886,0.066449694,-0.020894133,[ 0.08531106  0.22717528 -0.07639413],/home/rastic/adil_RL/isaac-sim-standalone@4.5.0-rc.36+release.19112.f59b3005.gl.linux-x86_64.release/SE952--Bittle-Quadruped/camera_images_plane1/frame_0364.png
365,0.48567709236162715,0.09028027030548946,-0.09028027030548946,-0.48567709236162715,1.2887557468551305,0.6181788943420573,-0.6181788943420574,-1.2887557468551305,0.18233136639701245,0.009395984418440417,-0.059807843245664474,0.21847658,0.008190719,0.006882057,[0.01602353 0.41798052 0.022097  ],/home/rastic/adil_RL/isaac-sim-standalone@4.5.0-rc.36+release.19112.f59b3005.gl.linux-x86_64.release/SE952--Bittle-Quadruped/camera_images_plane1/frame_0365.png
366,0.8128009288236213,-0.38457178956725246,0.38457178956725246,-0.8128009288236213,0.7044544879877197,1.5705065423850995,-1.5705065423850995,-0.7044544879877197,0.18474265848358545,0.0077816022789295725,-0.060639555429077834,-0.07723664,-0.23792298,-0.085708246,[-0.05955385  0.32484496 -0.06432705],/home/rastic/adil_RL/isaac-sim-standalone@4.5.0-rc.36+release.19112.f59b3005.gl.linux-x86_64.release/SE952--Bittle-Quadruped/camera_images_plane1/frame_0366.png
367,0.904865289941141,0.00889060140502762,-0.00889060140502762,-0.904865289941141,0.12374782694503461,1.0268804935696452,-1.0268804935696452,-0.12374782694503461,0.1819517345639981,-0.0006916104435935353,-0.06505459944513353,-0.032912962,-0.23015091,-0.045190245,[-0.09990699  0.28136733 -0.03115291],/home/rastic/adil_RL/isaac-sim-standalone@4.5.0-rc.36+release.19112.f59b3005.gl.linux-x86_64.release/SE952--Bittle-Quadruped/camera_images_plane1/frame_0367.png
368,0.6675696827644262,0.45069459118515764,-0.45069459118515764,-0.6675696827644262,0.048264559787028594,0.8475112003986642,-0.8475112003986642,-0.048264559787028594,0.17919848050000714,-0.007192492565544901,-0.06746371901882296,-0.21941909,-0.084046595,-0.0038041067,[-0.03942851  0.2696331  -0.08868694],/home/rastic/adil_RL/isaac-sim-standalone@4.5.0-rc.36+release.19112.f59b3005.gl.linux-x86_64.release/SE952--Bittle-Quadruped/camera_images_plane1/frame_0368.png
369,0.27468812453355285,0.4711869700017368,-0.4711869700017366,-0.2746881245335522,0.35322595617837194,1.3348178663692414,-1.3348178663692418,-0.3532259561783727,0.17689315331186173,-0.010182317275194133,-0.06822209452398917,0.21356805,-0.05931057,0.023308482,[-7.4518393e-06  4.7757810e-01  4.1958556e-02],/home/rastic/adil_RL/isaac-sim-standalone@4.5.0-rc.36+release.19112.f59b3005.gl.linux-x86_64.release/SE952--Bittle-Quadruped/camera_images_plane1/frame_0369.png
370,-0.3792749473489321,0.8315272601404724,-0.8315272601404722,0.3792749473489321,1.5705059108576083,0.6583431888383924,-0.6583431888383926,-1.5705059108576083,0.17985547104993316,-0.010804498302498656,-0.06677507360856709,-0.17175514,0.21512388,0.08492643,[0.04906953 0.30553514 0.00110911],/home/rastic/adil_RL/isaac-sim-standalone@4.5.0-rc.36+release.19112.f59b3005.gl.linux-x86_64.release/SE952--Bittle-Quadruped/camera_images_plane1/frame_0370.png
371,-0.23017891875835117,0.8978794989183663,-0.8978794989183665,0.23017891875835117,1.321817474781176,0.11093611662249514,-0.11093611662249492,-1.321817474781176,0.17533375874605092,-0.004851362140227153,-0.06383962680890572,0.042225588,0.21622996,0.015592597,[0.12273589 0.23730728 0.03474735],/home/rastic/adil_RL/isaac-sim-standalone@4.5.0-rc.36+release.19112.f59b3005.gl.linux-x86_64.release/SE952--Bittle-Quadruped/camera_images_plane1/frame_0371.png
372,0.2067509138242012,0.6524076630561895,-0.6524076630561895,-0.2067509138242012,0.8736637984637958,0.05313979790597312,-0.05313979790597312,-0.8736637984637958,0.17499911815068506,0.0010139282667443873,-0.06228075783226356,-0.15930466,0.07279081,-0.014331939,[ 0.06243629  0.22802924 -0.02556422],/home/rastic/adil_RL/isaac-sim-standalone@4.5.0-rc.36+release.19112.f59b3005.gl.linux-x86_64.release/SE952--Bittle-Quadruped/camera_images_plane1/frame_0372.png
373,0.520919853372767,0.27402164385842165,-0.27402164385842165,-0.520919853372767,0.9704415810530131,0.3540411554803523,-0.3540411554803523,-0.9704415810530131,0.16804864298061817,0.0041161542574380695,-0.061044174686203545,-0.2932664,-0.016055426,0.045274347,[ 0.01080586  0.2262637  -0.06132902],/home/rastic/adil_RL/isaac-sim-standalone@4.5.0-rc.36+release.19112.f59b3005.gl.linux-x86_64.release/SE952--Bittle-Quadruped/camera_images_plane1/frame_0373.png
374,0.38564595941010804,-0.3777021096958362,0.3777021096958362,-0.38564595941010804,1.5705066367319132,1.5705057244117744,-1.5705057244117744,-1.5705066367319132,0.1641581078065188,0.004838148846131058,-0.059190940960996245,0.25183418,0.07359281,0.05962843,[0.00417293 0.21980366 0.02206207],/home/rastic/adil_RL/isaac-sim-standalone@4.5.0-rc.36+release.19112.f59b3005.gl.linux-x86_64.release/SE952--Bittle-Quadruped/camera_images_plane1/frame_0374.png
375,0.9274814074574654,-0.25513817265193217,0.25513817265193217,-0.9274814074574652,0.3136199658362261,1.360354317899455,-1.360354317899455,-0.31361996583622653,0.16760546490376715,0.0038672591097869205,-0.058684714747861695,-0.09419957,-0.17081311,-0.035421535,[-0.02946099  0.16044192 -0.06689344],/home/rastic/adil_RL/isaac-sim-standalone@4.5.0-rc.36+release.19112.f59b3005.gl.linux-x86_64.release/SE952--Bittle-Quadruped/camera_images_plane1/frame_0375.png
376,0.741930021662259,0.1807092120971483,-0.1807092120971483,-0.741930021662259,0.034815668312064174,0.8888501017108446,-0.8888501017108446,-0.034815668312064174,0.16448603571543713,-0.0021655576465933603,-0.06098525998624756,0.070161045,-0.12861224,-0.057708256,[-0.05275722  0.18110749  0.04926458],/home/rastic/adil_RL/isaac-sim-standalone@4.5.0-rc.36+release.19112.f59b3005.gl.linux-x86_64.release/SE952--Bittle-Quadruped/camera_images_plane1/frame_0376.png
377,0.4029952041292081,0.5164864791979054,-0.5164864791979054,-0.4029952041292081,0.21501081656248788,0.9501731537165718,-0.9501731537165716,-0.21501081656248788,0.16397355823769258,-0.004675863585483048,-0.06288137305077456,-0.14004332,0.029714946,0.0077545005,[ 0.02219822  0.19609937 -0.01851271],/home/rastic/adil_RL/isaac-sim-standalone@4.5.0-rc.36+release.19112.f59b3005.gl.linux-x86_64.release/SE952--Bittle-Quadruped/camera_images_plane1/frame_0377.png
378,-0.25055817799091296,0.3843426343543117,-0.38434263435431193,0.2505581779909172,1.353152226953738,1.5705064806217153,-1.570506480621715,-1.3531522269537464,0.1625690171781425,-0.0048196213644799745,-0.06348063941189548,0.15381952,0.002643505,0.006308282,[0.01535048 0.3017778  0.04124073],/home/rastic/adil_RL/isaac-sim-standalone@4.5.0-rc.36+release.19112.f59b3005.gl.linux-x86_64.release/SE952--Bittle-Quadruped/camera_images_plane1/frame_0378.png
379,-0.37809434669262787,0.9220557137619949,-0.9220557137619949,0.37809434669262787,1.5705057708613468,0.35416198341357585,-0.35416198341357585,-1.5705057708613468,0.16475820509120875,-0.0035103617619007526,-0.061250033426098915,-0.1322546,0.21523663,0.122417785,[ 0.07285435  0.18164188 -0.05668424],/home/rastic/adil_RL/isaac-sim-standalone@4.5.0-rc.36+release.19112.f59b3005.gl.linux-x86_64.release/SE952--Bittle-Quadruped/camera_images_plane1/frame_0379.png
380,0.08280253397648996,0.7712328471435875,-0.7712328471435875,-0.08280253397648996,0.959850834856804,0.03519501211698195,-0.03519501211698195,-0.959850834856804,0.1618569511512416,0.0031468193759466886,-0.0572841750389305,0.08297705,0.1326011,0.022530423,[0.09477904 0.16944052 0.09240364],/home/rastic/adil_RL/isaac-sim-standalone@4.5.0-rc.36+release.19112.f59b3005.gl.linux-x86_64.release/SE952--Bittle-Quadruped/camera_images_plane1/frame_0380.png
381,0.4866109722091221,0.44117770443611637,-0.44117770443611637,-0.48661097220912186,0.8827834522196143,0.18098369743010134,-0.18098369743010134,-0.8827834522196145,0.16236058435287282,0.007115488378882832,-0.05599337149304011,-0.11045983,0.05766905,0.002568996,[ 0.05026142  0.19393001 -0.01673677],/home/rastic/adil_RL/isaac-sim-standalone@4.5.0-rc.36+release.19112.f59b3005.gl.linux-x86_64.release/SE952--Bittle-Quadruped/camera_images_plane1/frame_0381.png
382,0.39569195418263736,-0.21426579664814271,0.21426579664814294,-0.3956919541826376,1.5238228098879019,1.2981262213947078,-1.298126221394708,-1.5238228098879016,0.16350749651052537,0.010733374661331502,-0.05390570713801532,0.31211373,0.00672519,-0.0074684406,[0.03213231 0.36877573 0.07816648],/home/rastic/adil_RL/isaac-sim-standalone@4.5.0-rc.36+release.19112.f59b3005.gl.linux-x86_64.release/SE952--Bittle-Quadruped/camera_images_plane1/frame_0382.png
383,0.8855944758535763,-0.3820535177602058,0.3820535177602058,-0.8855944758535763,0.5058177254826854,1.5705062414435425,-1.5705062414435425,-0.5058177254826854,0.16773517867659773,0.009349165707549198,-0.05536167801849236,-0.0601983,-0.19283414,-0.108247034,[-0.03609329  0.24354103 -0.04220708],/home/rastic/adil_RL/isaac-sim-standalone@4.5.0-rc.36+release.19112.f59b3005.gl.linux-x86_64.release/SE952--Bittle-Quadruped/camera_images_plane1/frame_0383.png
384,0.8484604782697415,0.046587652627918974,-0.046587652627919196,-0.8484604782697415,0.05961600916136989,0.9912994845455609,-0.9912994845455607,-0.05961600916136989,0.16624477681504832,0.003618404714505988,-0.059258473101454795,0.1420524,-0.25959945,-0.05667603,[-0.09586122  0.2031622   0.07658012],/home/rastic/adil_RL/isaac-sim-standalone@4.5.0-rc.36+release.19112.f59b3005.gl.linux-x86_64.release/SE952--Bittle-Quadruped/camera_images_plane1/frame_0384.png
385,0.5534092262056785,0.47064017082011445,-0.47064017082011445,-0.5534092262056785,0.09988391205999869,0.863853568076334,-0.863853568076334,-0.09988391205999869,0.1678563077881644,-0.0025797971269057363,-0.061484033409287965,-0.1559719,-0.004948627,0.044640932,[-0.00506613  0.21281311 -0.01594483],/home/rastic/adil_RL/isaac-sim-standalone@4.5.0-rc.36+release.19112.f59b3005.gl.linux-x86_64.release/SE952--Bittle-Quadruped/camera_images_plane1/frame_0385.png
386,0.1617262188159736,0.44332604986071367,-0.44332604986071367,-0.1617262188159736,0.506085208071044,1.4119935321414891,-1.4119935321414891,-0.5060852080710441,0.16858146305151397,-0.004229869733980761,-0.06140233065038891,0.3278183,-0.03245794,-0.0003436287,[0.00844691 0.44678333 0.10851467],/home/rastic/adil_RL/isaac-sim-standalone@4.5.0-rc.36+release.19112.f59b3005.gl.linux-x86_64.release/SE952--Bittle-Quadruped/camera_images_plane1/frame_0386.png
387,-0.3857101279284867,0.8629816855680064,-0.8629816855680064,0.3857101279284867,1.570506678830448,0.5743752664519572,-0.5743752664519572,-1.5705066788304483,0.17522534009742258,-0.004950695405103002,-0.061052128054365856,-0.046670187,0.16551477,0.05723051,[0.05296597 0.2900021  0.01115567],/home/rastic/adil_RL/isaac-sim-standalone@4.5.0-rc.36+release.19112.f59b3005.gl.linux-x86_64.release/SE952--Bittle-Quadruped/camera_images_plane1/frame_0387.png
388,-0.1340645362199222,0.8738588973811062,-0.8738588973811062,0.13406453621992243,1.1881694796368572,0.07993265153622864,-0.07993265153622864,-1.1881694796368576,0.17368927308085724,0.001271632842708486,-0.05829311278870197,0.10492729,0.24837402,-0.008321584,[0.14106636 0.22550723 0.02983456],/home/rastic/adil_RL/isaac-sim-standalone@4.5.0-rc.36+release.19112.f59b3005.gl.linux-x86_64.release/SE952--Bittle-Quadruped/camera_images_plane1/frame_0388.png
389,0.28915181483555275,0.5990377373090298,-0.5990377373090298,-0.28915181483555275,0.8375006461299508,0.07527071321582224,-0.07527071321582224,-0.8375006461299508,0.17457786941898212,0.008349021103869161,-0.0574446825991906,-0.13222405,0.0729302,-0.049260408,[ 0.07238285  0.21655412 -0.04626145],/home/rastic/adil_RL/isaac-sim-standalone@4.5.0-rc.36+release.19112.f59b3005.gl.linux-x86_64.release/SE952--Bittle-Quadruped/camera_images_plane1/frame_0389.png
390,0.5268653092890918,0.21658596207937686,-0.21658596207937686,-0.5268653092890918,1.0573109029249075,0.4281390895199293,-0.4281390895199293,-1.0573109029249075,0.17257340331056661,0.011478366922879131,-0.05726495825773158,0.03842254,0.03102498,0.012364198,[0.02266673 0.2594909  0.02169969],/home/rastic/adil_RL/isaac-sim-standalone@4.5.0-rc.36+release.19112.f59b3005.gl.linux-x86_64.release/SE952--Bittle-Quadruped/camera_images_plane1/frame_0390.png
391,0.5788367283921414,-0.38317388818312326,0.38317388818312326,-0.5788367283921414,1.1930091021538387,1.5705063751765513,-1.5705063751765513,-1.1930091021538387,0.17352148948817545,0.010841278385067137,-0.05608889645030316,0.057417773,-0.3086182,0.060758356,[-0.073621    0.19741584  0.0221843 ],/home/rastic/adil_RL/isaac-sim-standalone@4.5.0-rc.36+release.19112.f59b3005.gl.linux-x86_64.release/SE952--Bittle-Quadruped/camera_images_plane1/frame_0391.png
392,0.9270065110041988,-0.19846740237717153,0.19846740237717153,-0.9270065110041988,0.3180103894587397,1.275248668894307,-1.275248668894307,-0.3180103894587395,0.17562030969621312,0.002206122895225646,-0.05585636525601448,0.105175525,-0.23753864,-0.0049537113,[-0.09379852  0.25669816 -0.00659796],/home/rastic/adil_RL/isaac-sim-standalone@4.5.0-rc.36+release.19112.f59b3005.gl.linux-x86_64.release/SE952--Bittle-Quadruped/camera_images_plane1/frame_0392.png
393,0.8324554642390137,0.2299822415370203,-0.2299822415370203,-0.8324554642390137,0.05083731837312666,0.8615561058435104,-0.8615561058435104,-0.05083731837312666,0.17713739708547563,-0.0035370666711974784,-0.057163706275556836,0.08728323,-0.13157296,-0.006946155,[-0.07333739  0.23465045  0.05818331],/home/rastic/adil_RL/isaac-sim-standalone@4.5.0-rc.36+release.19112.f59b3005.gl.linux-x86_64.release/SE952--Bittle-Quadruped/camera_images_plane1/frame_0393.png
394,0.48989224303997014,0.5236098444855375,-0.5236098444855375,-0.48989224303997014,0.14228344593216324,0.9876629050058172,-0.9876629050058174,-0.14228344593216324,0.1792964113595083,-0.0072223641160086465,-0.05688082507778867,-0.06850951,0.06791168,0.10349798,[0.01064432 0.2483276  0.00990513],/home/rastic/adil_RL/isaac-sim-standalone@4.5.0-rc.36+release.19112.f59b3005.gl.linux-x86_64.release/SE952--Bittle-Quadruped/camera_images_plane1/frame_0394.png
395,0.0969299183027863,0.3859579220786953,-0.3859579220786953,-0.0969299183027863,0.6072430631594486,1.5705066741478027,-1.5705066741478027,-0.6072430631594486,0.18086618753434983,-0.007576663825814188,-0.05535815656246862,0.23911466,0.026476227,0.035742085,[0.02181116 0.36363563 0.08011939],/home/rastic/adil_RL/isaac-sim-standalone@4.5.0-rc.36+release.19112.f59b3005.gl.linux-x86_64.release/SE952--Bittle-Quadruped/camera_images_plane1/frame_0395.png
396,-0.38430156571782126,0.9284000040746059,-0.9284000040746063,0.38430156571782126,1.570506510032504,0.3042052003436104,-0.30420520034360954,-1.570506510032504,0.18469329027177975,-0.007224388864108442,-0.05345026074193767,-0.11277883,0.19050571,0.11598822,[ 0.07142309  0.2167919  -0.03582859],/home/rastic/adil_RL/isaac-sim-standalone@4.5.0-rc.36+release.19112.f59b3005.gl.linux-x86_64.release/SE952--Bittle-Quadruped/camera_images_plane1/frame_0396.png
397,0.020835052836858825,0.7409985666789587,-0.7409985666789587,-0.020835052836858825,1.0152948069301742,0.0348630658915271,-0.0348630658915271,-1.0152948069301742,0.17958932982155063,-0.0013504065020932604,-0.0486382771615712,-0.056848966,0.1920658,0.05884639,[ 0.12556027  0.20037033 -0.01654194],/home/rastic/adil_RL/isaac-sim-standalone@4.5.0-rc.36+release.19112.f59b3005.gl.linux-x86_64.release/SE952--Bittle-Quadruped/camera_images_plane1/frame_0397.png
398,0.4599979850781719,0.40598865350539426,-0.4059886535053945,-0.4599979850781719,0.854327503820288,0.2122261344084253,-0.21222613440842508,-0.854327503820288,0.1758740613243406,0.0045816928258084495,-0.0453334652761074,-0.24511229,0.11594365,0.064862005,[ 0.08072126  0.19540428 -0.0730528 ],/home/rastic/adil_RL/isaac-sim-standalone@4.5.0-rc.36+release.19112.f59b3005.gl.linux-x86_64.release/SE952--Bittle-Quadruped/camera_images_plane1/frame_0398.png
399,0.45678390988341766,-0.2407871925129994,0.2407871925129994,-0.45678390988341766,1.3761965684917576,1.3379856224955273,-1.3379856224955273,-1.3761965684917576,0.1727458710030994,0.007262179200232036,-0.04230071001896996,0.14780542,-0.0572741,0.057091366,[0.00642351 0.3263473  0.00129057],/home/rastic/adil_RL/isaac-sim-standalone@4.5.0-rc.36+release.19112.f59b3005.gl.linux-x86_64.release/SE952--Bittle-Quadruped/camera_images_plane1/frame_0399.png
